umbral,precision,recall,f1
0.10013542775524806,0.05914235069539133,1.0,0.11167970132921373
0.10154002230553463,0.05914436679734106,1.0,0.11168329578371419
0.10171307369103519,0.059277734121425396,1.0,0.11192104244613597
0.10459517363091292,0.05931826729118944,1.0,0.11199328685773302
0.10720067145019824,0.059320295404814004,1.0,0.11199690152664364
0.11043974377676068,0.05932435204814333,1.0,0.11200413156450728
0.11097683540992467,0.05953810782059641,1.0,0.11238502396683508
0.11161840136152983,0.05954219431003123,1.0,0.11239230420418476
0.11167278952110885,0.05954423776511772,1.0,0.11239594467657825
0.1121185740867203,0.05954832509610104,1.0,0.1124032263289171
0.11294535562251191,0.05955241298826114,1.0,0.11241050892481129
0.11325023048441378,0.05955445714481859,1.0,0.11241415057664897
0.11345796381737365,0.059558545878960555,1.0,0.11242143458822006
0.11411498940810849,0.0595626351745683,1.0,0.11242871954380507
0.11481542434309625,0.05956468003295798,1.0,0.11243236237566018
0.11563682640662376,0.059574906431342924,1.0,0.11245058007647936
0.11582499983711637,0.05957695213240849,1.0,0.11245422432511261
0.11598401206522094,0.05958309007864281,1.0,0.11246515848836457
0.11795228737011287,0.059673258813413586,1.0,0.11262577085361895
0.11901552590440559,0.05967736387713686,1.0,0.11263308231628148
0.11989113034003146,0.05968146950569296,1.0,0.11264039472829969
0.12022931975011422,0.059683522531819744,1.0,0.11264405129037494
0.12120971293816443,0.05968557569919846,1.0,0.11264770808985845
0.1212896859065295,0.059687629007843676,1.0,0.11265136512677337
0.1219326373334893,0.05968968245776998,1.0,0.1126550224011428
0.12888275948402333,0.05969378978152417,1.0,0.11266233766233766
0.12962449380741156,0.05972255688272349,1.0,0.11271357110374845
0.13458803323365617,0.05972666873214224,1.0,0.11272089397089397
0.13640715925920985,0.05974929402851436,1.0,0.11276118675462257
0.13641542726832892,0.060072878709005725,0.9976945244956772,0.11332242225859247
0.13781223702746984,0.06008747570119411,0.9976945244956772,0.11334839406738041
0.13862945776980448,0.060178099346041465,0.9971181556195965,0.11350588852803202
0.13912798250351133,0.06024306160114218,0.9971181556195965,0.11362143701563114
0.13999872253154347,0.06024935571498224,0.9971181556195965,0.11363263161351769
0.14065817895136368,0.06028924899808329,0.9971181556195965,0.1137035819914558
0.14136519443640447,0.06035445157689087,0.9971181556195965,0.11381953353728741
0.1414887461923115,0.060358663038169,0.9971181556195965,0.11382702240352667
0.14215538828271274,0.06039237589890386,0.9971181556195965,0.11388696882920246
0.1423543314258059,0.06041346556781674,0.9971181556195965,0.11392446741957789
0.14301568268780637,0.060419795341040056,0.9971181556195965,0.11393572181243412
0.1435064667290952,0.06042823710223899,0.9971181556195965,0.11395073112896853
0.1436794442938433,0.060443015861924396,0.9971181556195965,0.11397700695062093
0.14380539352983632,0.06042919054941982,0.9965417867435159,0.11394866049362376
0.14475076427742642,0.06043341488989864,0.9965417867435159,0.11395617070357554
0.1476338544705478,0.06043763982102908,0.9965417867435159,0.11396368190356919
0.14783317231050802,0.06043975250812738,0.9965417867435159,0.11396743787489289
0.14874014970796312,0.060456659323752576,0.9965417867435159,0.1139974945605591
0.14880904207122236,0.06046088750568242,0.9965417867435159,0.11400501120928394
0.14945479900201625,0.06043225851577254,0.9959654178674352,0.11395034455471661
0.14992527817271004,0.0604364857302742,0.9959654178674352,0.11395785933326737
0.15009328772823974,0.06044071353620147,0.9959654178674352,0.1139653751030503
0.15020144107880254,0.06044282766098849,0.9959654178674352,0.11396913335971508
0.15079515245630953,0.06044917092282936,0.9959654178674352,0.11398040961709706
0.15111589489812843,0.060451285639321325,0.9959654178674352,0.11398416886543537
0.15124794526282806,0.06045551551621593,0.9959654178674352,0.11399168810607559
0.15137683122553136,0.060459745985094994,0.9959654178674352,0.11399920833883098
0.15142938226767846,0.060463977046082786,0.9959654178674352,0.11400672956389787
0.15152497289990882,0.060483024151207564,0.9959654178674352,0.11404058736182147
0.15217273968578704,0.060485141237005144,0.9959654178674352,0.1140443505807814
0.15224808782743035,0.06050208326039004,0.9959654178674352,0.114074465275944
0.15258764075358286,0.06050420168067227,0.9959654178674352,0.11407823073114376
0.15320404679638128,0.06074931207225005,0.992507204610951,0.11449087463847611
0.15343477082309936,0.06075145528311872,0.992507204610951,0.11449468085106385
0.15348230269553612,0.06076217360621031,0.992507204610951,0.11451371571072319
0.153757471500613,0.06076646199449502,0.992507204610951,0.11452133142686129
0.15404545631091016,0.060775040587280296,0.992507204610951,0.1145365658984336
0.15426515604355873,0.060779330792037276,0.992507204610951,0.11454418465427213
0.1543950345348819,0.06080723189378156,0.992507204610951,0.11459373128368937
0.1544602780132566,0.0608244145385186,0.992507204610951,0.11462424282766426
0.15448235983955055,0.060837307896131426,0.992507204610951,0.11464713715046605
0.15478593143519173,0.06083945732052007,0.992507204610951,0.11465095376011185
0.15501545855108875,0.060841606896795394,0.992507204610951,0.11465477062387644
0.15506694475592775,0.0608437566249735,0.992507204610951,0.11465858774178514
0.15513596401643892,0.06084590650507049,0.992507204610951,0.11466240511386336
0.1553056492172074,0.060863111016859296,0.992507204610951,0.11469295324363928
0.155333573980057,0.06086741366512318,0.992507204610951,0.11470059281955637
0.15533898876690466,0.060871716921771714,0.992507204610951,0.11470823341326938
0.15543637375463848,0.06087602078693393,0.992507204610951,0.11471587502498168
0.15556063682916008,0.060884630343315774,0.992507204610951,0.11473116130321806
0.1556270637668965,0.06089108910891089,0.992507204610951,0.11474262868565717
0.15565437639356008,0.06090401075192756,0.992507204610951,0.11476557032890133
0.155695794888625,0.06090831918505942,0.992507204610951,0.1147732195820975
0.15575633459190594,0.060910473630221784,0.992507204610951,0.11477704459108178
0.15577817431019178,0.06092124814264487,0.992507204610951,0.11479617346088464
0.15588800212424914,0.06092340350256501,0.992507204610951,0.11479999999999999
0.15666329789301595,0.060925559015001414,0.992507204610951,0.11480382679422647
0.1573081262476726,0.06090310708471937,0.9919308357348703,0.11476011069249491
0.15739982242413292,0.060905262412853454,0.9919308357348703,0.11476393704987996
0.15762117768798328,0.06091172931266369,0.9919308357348703,0.11477541765313948
0.1577945997448866,0.060916041342205865,0.9919308357348703,0.11478307266482142
0.15790430826458196,0.06093113825455833,0.9919308357348703,0.11480987324883254
0.15792299014324965,0.060902202393598184,0.9913544668587896,0.11475464522800813
0.15825386194439395,0.060877571980026204,0.9907780979827089,0.11470705992259442
0.15837965016367833,0.060884040518523766,0.9907780979827089,0.11471854249391038
0.15842262425136583,0.06088619700350654,0.9907780979827089,0.11472237052856381
0.15861607760870067,0.060901296676822786,0.9907780979827089,0.11474917392610393
0.15868359225303344,0.060907770258299965,0.9907780979827089,0.11476066493090327
0.15885512687188003,0.06091424521615875,0.9907780979827089,0.11477215823735604
0.1589229315451089,0.06092288063510065,0.9907780979827089,0.11478748622750493
0.15903675168227469,0.06093367835241573,0.9907780979827089,0.11480665197355239
0.15918699593710892,0.060959608496755205,0.9907780979827089,0.11485267588695129
0.15922624093478832,0.06097041923813577,0.9907780979827089,0.11487186341007048
0.15925240225021378,0.061002874480996484,0.9907780979827089,0.1149294644647991
0.15942158003230716,0.06100503939243381,0.9907780979827089,0.11493330658910841
0.15973445036554773,0.06101586625492493,0.9907780979827089,0.1149525210645981
0.16002495561975935,0.06102453051226526,0.9907780979827089,0.11496789727126805
0.16025672397741086,0.061035364294844484,0.9907780979827089,0.11498712331516103
0.16055052929000674,0.06106788873494618,0.9907780979827089,0.11504484004818633
0.16070161727105442,0.061070058263464545,0.9907780979827089,0.11504868989057324
0.1608310795836593,0.06107222794613991,0.9907780979827089,0.11505253999062982
0.16095547921794984,0.06107873791927231,0.9907780979827089,0.11506409183707621
0.16143151378178444,0.061089590959166995,0.9907780979827089,0.11508335007029524
0.1616348469655497,0.06111348122866894,0.9907780979827089,0.11512574088336738
0.16164673601151214,0.06112,0.9907780979827089,0.11513730743469525
0.16188192858168826,0.06113086770981508,0.9907780979827089,0.11515659018589851
0.16202535305297008,0.06115479028069302,0.9907780979827089,0.11519903498190592
0.16219726618048663,0.061159141850784506,0.9907780979827089,0.11520675557938476
0.16241996690782048,0.06116131786807087,0.9907780979827089,0.11521061626621092
0.1624258807254644,0.061167846849090844,0.9907780979827089,0.11522219987934847
0.16251266097683198,0.061170023485872894,0.9907780979827089,0.11522606160136745
0.16295340585513537,0.061178731582319026,0.9907780979827089,0.11524151107833606
0.16311231150912558,0.06118308656036447,0.9907780979827089,0.1152492373705206
0.16313690065643335,0.06119397671852195,0.9907780979827089,0.11526855763427882
0.16333481381067172,0.06119615521537914,0.9907780979827089,0.11527242246437554
0.16334434790298885,0.06120051267445172,0.9907780979827089,0.11528015290212251
0.16340073978549868,0.06120922945449366,0.9907780979827089,0.11529561688856099
0.1634087035937831,0.06121576866920694,0.9907780979827089,0.11530721760128791
0.16356772920727022,0.061217948717948716,0.9907780979827089,0.11531108502431663
0.16384158738397603,0.06122012892197016,0.9907780979827089,0.11531495270678205
0.16384459607594615,0.061237576146200706,0.9907780979827089,0.11534590350936054
0.1638761953440502,0.06125066809192945,0.9907780979827089,0.11536912751677852
0.16401233306347368,0.061257216164207824,0.9907780979827089,0.11538074302782157
0.1641457300870107,0.06125939916610242,0.9907780979827089,0.11538461538461539
0.16415023900688344,0.061265949105424475,0.9907780979827089,0.11539623401470143
0.16417290259212505,0.061269614835948644,0.9902017291066283,0.11539882451721242
0.16445622366360363,0.06127398530565661,0.9902017291066283,0.11540657642830753
0.16445732523515558,0.061276170774333914,0.9902017291066283,0.11541045277441891
0.16474971914550943,0.06128928686097535,0.9902017291066283,0.11543371632063429
0.16479585337053052,0.06129803403860563,0.9902017291066283,0.1154492305624622
0.16487567293145744,0.061324290558629306,0.9902017291066283,0.11549579831932774
0.16490039009709892,0.06132647961733419,0.9902017291066283,0.11549968066153482
0.16492307786254917,0.06132866883232785,0.9902017291066283,0.1155035632647573
0.1649617485851503,0.06133085820362702,0.9902017291066283,0.11550744612902143
0.16512550723961428,0.06133304773124844,0.9902017291066283,0.11551132925435353
0.16536471218482612,0.061350569581830515,0.9902017291066283,0.11554240365861859
0.16549598878176128,0.06135495160887111,0.9902017291066283,0.11555017487220876
0.16572470840216583,0.06136152582327309,0.9902017291066283,0.11556183365284363
0.16592461001351722,0.061363717541165125,0.9902017291066283,0.11556572043589398
0.16594217944055656,0.061365909415630804,0.9902017291066283,0.11556960748040768
0.1659943404785607,0.06137029363435022,0.9902017291066283,0.11557738235393049
0.16617986904146378,0.06138564333440526,0.9902017291066283,0.11560460265123476
0.16662681367588714,0.06139661210778358,0.9902017291066283,0.11562405357202948
0.1667449092296119,0.06140538994924584,0.9902017291066283,0.1156396190219769
0.16683765965841982,0.06140758480180148,0.9902017291066283,0.11564351103931073
0.16691551295413828,0.0614097798112668,0.9902017291066283,0.11564740331863621
0.1670722684396698,0.0614163657812891,0.9902017291066283,0.11565908172882726
0.1672359250688535,0.06142734553775744,0.9902017291066283,0.11567855098811568
0.16727163130143222,0.06142954196016734,0.9902017291066283,0.11568244562655712
0.16736196983668541,0.06146250715512307,0.9902017291066283,0.11574089668878633
0.16736591624904854,0.061534602014120345,0.9896253602305476,0.11586476820298265
0.16745105639427835,0.06153680739731919,0.9896253602305476,0.11586867766643047
0.1674759216045927,0.06154342449550163,0.9896253602305476,0.11588040763987313
0.16792563431647706,0.06154563051114775,0.9896253602305476,0.11588431815880944
0.16795856844446763,0.061547836684948204,0.9896253602305476,0.11588822894168466
0.1679701487128721,0.061556662962033486,0.9896253602305476,0.11590387471310923
0.1680065393011442,0.06156769936890419,0.9896253602305476,0.11592343786922324
0.16834024218580843,0.06158757487714767,0.9896253602305476,0.11595866819747416
0.16835792367117455,0.06159420289855073,0.9896253602305476,0.11597041639931106
0.16860873410169455,0.06156937318359585,0.9890489913544669,0.11592244815240155
0.1686100804487967,0.06155337018160936,0.9884726224783862,0.11589012399905396
0.16870924215028155,0.06155999856419828,0.9884726224783862,0.11590187200108129
0.16884762391258715,0.06153956627890277,0.9878962536023055,0.11586169601514179
0.1691130722928614,0.061541775878783525,0.9878962536023055,0.11586561211383763
0.1692458552835282,0.06155061586526376,0.9878962536023055,0.11588127915624367
0.1697114464086333,0.06155724752190777,0.9878962536023055,0.11589303221880388
0.16983446563150756,0.061561669420300266,0.9878962536023055,0.11590086891841635
0.16987020481521925,0.061572726946150805,0.9878962536023055,0.11592046530501826
0.1698921169377244,0.061577151068798276,0.9878962536023055,0.11592830571525194
0.1699911600931512,0.06154564725326052,0.9873198847262248,0.1158685064935065
0.17022168423916093,0.06155670547649849,0.9873198847262248,0.1158881033724588
0.1707273610482855,0.06156112987853087,0.9873198847262248,0.11589594398024426
0.17104572278431515,0.06156555491661875,0.9873198847262248,0.1159037856490409
0.17110880403509007,0.0615362495956292,0.9867435158501441,0.11584788198673703
0.17118854415319,0.06155394959191745,0.9867435158501441,0.11587924732638417
0.17138442879149207,0.06157165977342205,0.9867435158501441,0.1159106296547055
0.17146163769478817,0.0616093277673816,0.9867435158501441,0.11597737357314634
0.17213783645643566,0.0616137623263514,0.9867435158501441,0.1159852308526134
0.1721892118944879,0.061624851517224,0.9867435158501441,0.11600487870985228
0.17219654896989559,0.061629288311314305,0.9867435158501441,0.1160127397167446
0.17221392217749315,0.06164038309210053,0.9867435158501441,0.11603239689586228
0.17244207781088083,0.0616559224979292,0.9867435158501441,0.11605992814046506
0.17293910803927443,0.061658143052654324,0.9867435158501441,0.11606386224195789
0.17319379071953764,0.061662584641982425,0.9867435158501441,0.11607173124512694
0.17335349061184216,0.06166924822592846,0.9867435158501441,0.11608353675074586
0.17367217855447867,0.061675913250234166,0.9867435158501441,0.11609534465805443
0.17386005961174142,0.061678135245163385,0.9867435158501441,0.11609928116099281
0.1741060574465843,0.0616825797153666,0.9867435158501441,0.11610715496778569
0.17422738839804963,0.061684802190675216,0.9867435158501441,0.11611109227169451
0.17452163482719305,0.06169147057763684,0.9867435158501441,0.11612290578579665
0.17485374744920493,0.06264407771963848,0.9867435158501441,0.11780897330030278
0.17561386082311656,0.06266012736988508,0.9867435158501441,0.11783735416594969
0.17605808269938247,0.06267618524620172,0.9867435158501441,0.11786574870912221
0.17639747012219803,0.06268077472265954,0.9867435158501441,0.11787386394932524
0.17651082202435364,0.06268766019772977,0.9867435158501441,0.11788603890514719
0.17676817743952605,0.06269913935176707,0.9867435158501441,0.11790633608815428
0.1768991968504756,0.06270373219060177,0.9867435158501441,0.11791445691852055
0.17771384729863682,0.06270602886235441,0.9867435158501441,0.11791851775321142
0.17875538055639764,0.06271291988717535,0.9867435158501441,0.11793070193566163
0.17887594734771212,0.0627267064815154,0.9867435158501441,0.1179550778558633
0.17947886181065137,0.06272900483658214,0.9867435158501441,0.11795914148895856
0.17975800303700784,0.06273590091245557,0.9867435158501441,0.11797133406835723
0.1807731931113532,0.06273819994136617,0.9867435158501441,0.11797539882162425
0.18096541599151614,0.06274739774226654,0.9867435158501441,0.11799166063613496
0.18116418738277937,0.06275429786298156,0.9867435158501441,0.11800385993934381
0.1812959540660495,0.06276119950142972,0.9867435158501441,0.1180160617654155
0.18136586816800462,0.06276350038493969,0.9867435158501441,0.11802012960154419
0.18150584250460278,0.06274524184971945,0.9861671469740634,0.1179837263825679
0.18169249270376,0.06275905072809301,0.9861671469740634,0.11800813849230979
0.1818404127257136,0.06276135279876752,0.9861671469740634,0.11801220815946477
0.18219582508182827,0.06276365503833314,0.9861671469740634,0.11801627810732515
0.18242720220612563,0.06276826002421218,0.9861671469740634,0.11802441884527834
0.18262568967144144,0.06277516877017904,0.9861671469740634,0.11803663205822497
0.18267077907523793,0.06278207903717022,0.9861671469740634,0.11804884779908927
0.18304382468347746,0.06278668672709259,0.9861671469740634,0.11805699303111848
0.18319050799534495,0.06280973532542858,0.9861671469740634,0.11809773605742682
0.1833347890407291,0.06283280085197018,0.9861671469740634,0.11813850721535595
0.18362652315954886,0.06283972381372117,0.9861671469740634,0.11815074405275697
0.1837869470634022,0.06284895680282104,0.9861671469740634,0.11816706377982666
0.18413030635925748,0.06285819250551065,0.9861671469740634,0.11818338801588672
0.18415806820694602,0.06286281137482548,0.9861671469740634,0.11819155182537215
0.1850509683725989,0.06287436151839194,0.9861671469740634,0.11821196628437197
0.18574453842512775,0.06288360468962476,0.9861671469740634,0.11822830292979546
0.186057465771381,0.06289053885172388,0.9861671469740634,0.11824055837738848
0.18640076564247587,0.06289285057893769,0.9861671469740634,0.11824464409122322
0.18702629620195996,0.06289747454324891,0.9861671469740634,0.11825281636602393
0.18707229645103282,0.06290441176470589,0.9861671469740634,0.11826507689649214
0.18709659984543922,0.06290903742922274,0.9861671469740634,0.11827325199599076
0.18738561967071987,0.0629483830616975,0.9861671469740634,0.11834278600083
0.1877343505296945,0.06295301519555539,0.9861671469740634,0.11835097184754792
0.18787424522777857,0.06295764801118593,0.9861671469740634,0.11835915882678472
0.18835082884392343,0.06296228150873966,0.9861671469740634,0.11836734693877553
0.18841255889453926,0.06296691568836713,0.9861671469740634,0.11837553618375535
0.1886172782293378,0.06298082232119852,0.9861671469740634,0.1184001107189814
0.19048525575798786,0.06299705449189985,0.9861671469740634,0.11842879390898078
0.19082346408642217,0.06398893002730095,0.9861671469740634,0.12017981316288545
0.19126666683459473,0.06399611011370437,0.9861671469740634,0.12019247655509116
0.19143389863342752,0.06401047512158624,0.9861671469740634,0.12021781134726858
0.19164919724873075,0.06401286991657001,0.9861671469740634,0.12022203485103988
0.19180996958201715,0.06401526489075127,0.9861671469740634,0.12022625865158276
0.19198511537902505,0.0640176600441501,0.9861671469740634,0.12023048274892839
0.1923076654251834,0.06399940117519368,0.9855907780979827,0.12019399732902228
0.19260909140353302,0.06401856912882332,0.9855907780979827,0.12022780004218518
0.19269559695784313,0.06402096593036316,0.9855907780979827,0.12023202671822815
0.1927980986119504,0.06403055493147607,0.9855907780979827,0.12024893639464151
0.19314162500127033,0.06406653928290434,0.9855907780979827,0.12031239006543305
0.19330206093939106,0.06408814931414436,0.9855907780979827,0.12035049442235281
0.19405108397242668,0.06409295352323838,0.9855907780979827,0.12035896533521026
0.19445914679950646,0.06410016118753983,0.9855907780979827,0.1203716739405885
0.1946045281096275,0.0641025641025641,0.9855907780979827,0.12037591073879834
0.19536389025954687,0.0641049671977507,0.9855907780979827,0.12038014783526926
0.19560445136589885,0.06410977392869194,0.9855907780979827,0.12038862292312026
0.1957294597805203,0.06411458138052567,0.9855907780979827,0.12039709920439345
0.1974562612133053,0.06413862945875999,0.9855907780979827,0.12043949852091844
0.19798255367097925,0.06416028815848716,0.9855907780979827,0.12047768344664812
0.19828479393619577,0.0641626955836554,0.9855907780979827,0.12048192771084337
0.19875357293321785,0.06418437054275204,0.9855907780979827,0.12052013954963527
0.2026642618811655,0.06420364947060149,0.9855907780979827,0.12055412598258664
0.2031213072874556,0.06421570468286454,0.9855907780979827,0.12057537723875332
0.20361654718988875,0.06422052803545274,0.9855907780979827,0.12058387983922149
0.20388605919127173,0.06422535211267606,0.9855907780979827,0.12059238363892809
0.20431600878685216,0.06422776442307693,0.9855907780979827,0.12059663598857508
0.20433318793092267,0.06423500244168139,0.9855907780979827,0.12060939483707153
0.2050696203976238,0.06426638604930848,0.9855907780979827,0.12066471439156055
0.2064486015487541,0.06427363277579402,0.9855907780979827,0.12067748764996471
0.20660165773685976,0.06427604871447902,0.9855907780979827,0.1206817460037404
0.20685899189818474,0.06427846483479308,0.9855907780979827,0.12068600465805633
0.208806125796225,0.06428088113675663,0.9855907780979827,0.12069026361294422
0.20910998104987358,0.06430747245308563,0.9855907780979827,0.12073713196356703
0.20953039100522405,0.064312309601715,0.9855907780979827,0.12074565739302359
0.20964972837535756,0.0643171474780908,0.9855907780979827,0.12075418402655178
0.21009679057051733,0.06431956668923494,0.9855907780979827,0.12075844779492251
0.2127460770807104,0.06432440565753837,0.9855907780979827,0.12076697623503656
0.2141418438990127,0.06432682541473875,0.9855907780979827,0.12077124090684373
0.2146107540552428,0.06432924535399895,0.9855907780979827,0.12077550587986015
0.2154755819209622,0.06433166547533953,0.9855907780979827,0.12077977115411781
0.21729059943089818,0.06433892693204907,0.9855907780979827,0.12079256878465722
0.2183269342462115,0.06435345476441366,0.9855907780979827,0.12081817218355885
0.2247960847145208,0.0643679891590755,0.9855907780979827,0.12084378643864171
0.2263590490776734,0.06437283541635296,0.9855907780979827,0.12085232693734761
0.22637299343756634,0.06437525881865754,0.9855907780979827,0.12085659763940917
0.22898729838754997,0.06437768240343347,0.9855907780979827,0.12086086864331907
0.22976182281685756,0.06438495425279567,0.9855907780979827,0.12087368346645934
0.23006735867526412,0.06439222774514235,0.9855907780979827,0.12088650100738751
0.2382731084293413,0.0643995028810304,0.9855907780979827,0.12089932126696834
0.2398450267426964,0.06440435388497609,0.9855907780979827,0.12090786961747861
0.24838016429312076,0.06440677966101695,0.9855907780979827,0.1209121442460668
0.25021278467048913,0.06442133815551537,0.9855907780979827,0.12093779836627885
0.25066938722462745,0.06443104747550867,0.9855907780979827,0.12095490716180371
0.25083970200678446,0.06443590323309971,0.9855907780979827,0.12096346337495138
0.25386943193336314,0.06444075972264095,0.9855907780979827,0.12097202079869833
0.25490479110374076,0.06447477565794435,0.9855907780979827,0.12103195668329973
0.2555320455872683,0.06447720674182723,0.9855907780979827,0.12103624009060023
0.25559346759376944,0.06447963800904978,0.9855907780979827,0.12104052380109716
0.25635470352632217,0.06448206945963271,0.9855907780979827,0.12104480781482269
0.25777419291997544,0.0644845010935968,0.9855907780979827,0.121049092131809
0.2597910411255792,0.06450396076952093,0.9855907780979827,0.12108337758895378
0.26061894720696965,0.06451126117629305,0.9855907780979827,0.12109623964308477
0.26130875647311913,0.064518563235738,0.9855907780979827,0.12110910443004355
0.2615318768638649,0.06452099762291061,0.9855907780979827,0.12111339329980876
0.26160080727916185,0.06452343219379669,0.9855907780979827,0.12111768247335059
0.26176270822453773,0.06452586694841704,0.9855907780979827,0.12112197195070123
0.26197810539700783,0.06452830188679246,0.9855907780979827,0.12112626173189305
0.2624451471952383,0.0645331723148917,0.9855907780979827,0.12113484220592924
0.2625242633069556,0.06457216222339703,0.9855907780979827,0.12120352978700784
0.2630861382295674,0.06457703927492447,0.9855907780979827,0.1212121212121212
0.26345026600878996,0.06457947807696665,0.9855907780979827,0.12121641738144184
0.26357096762741766,0.06458191706322229,0.9855907780979827,0.12122071385531491
0.2640863167167032,0.06458435623371228,0.9855907780979827,0.12122501063377288
0.26445729994239997,0.06459655485040798,0.9855907780979827,0.12124649909596909
0.26456137524297685,0.06452954296299096,0.9838616714697407,0.12111536824180502
0.2646069545907325,0.06453198245879328,0.9838616714697407,0.12111966509383759
0.26506071412933263,0.06453930205300767,0.9838616714697407,0.12113255747942095
0.2657247265655499,0.06454174228675136,0.9838616714697407,0.12113685555121881
0.26598716191980726,0.0645441827050327,0.9838616714697407,0.12114115392803916
0.2664090317465168,0.06455150506731205,0.9838616714697407,0.12115405088895985
0.26642446119127483,0.06455394622395341,0.9838616714697407,0.12115835048619492
0.2665585122134529,0.06455638756523713,0.9838616714697407,0.12116265038861483
0.266655241240605,0.06456615477721461,0.9838616714697407,0.1211798530507933
0.2669318550442027,0.0645405364506488,0.98328530259366,0.12113036069298494
0.2672541824089689,0.06454786227771472,0.98328530259366,0.1211432629149654
0.26741240183555315,0.0645503045896553,0.98328530259366,0.12114756426643941
0.2677277731166764,0.06451490843045254,0.9827089337175793,0.1210808507616376
0.26799447690001427,0.06452223273415326,0.9827089337175793,0.12109374999999999
0.2680036951020631,0.06452467453829852,0.9827089337175793,0.12109805035690188
0.26831181652498093,0.0645271165272679,0.9827089337175793,0.12110235101924852
0.26837519048226316,0.06430660538610553,0.975792507204611,0.12066139263060367
0.26862809110575603,0.0643139340525756,0.975792507204611,0.12067429345308103
0.26876894089062453,0.06431637731261634,0.975792507204611,0.12067859434029513
0.26885740502079725,0.06431882075830105,0.975792507204611,0.12068289553409134
0.26898725771289395,0.06432126438965084,0.975792507204611,0.12068719703450241
0.2691914977329569,0.06433837500950064,0.975792507204611,0.12071731612535205
0.2691941747551021,0.06434082012693346,0.975792507204611,0.12072162007986309
0.2692257142542909,0.06436283454987834,0.975792507204611,0.12076036948535969
0.2692831649423002,0.06436528152682204,0.975792507204611,0.12076467651045011
0.2694947731954108,0.06436772868983347,0.975792507204611,0.12076898384277919
0.2695900665298108,0.06437262357414449,0.975792507204611,0.12077759942928482
0.2698459427773627,0.06437507129548652,0.975792507204611,0.12078190768352713
0.26996513559430474,0.06437751920298121,0.975792507204611,0.12078621624513965
0.27002976156602937,0.06437996729664981,0.975792507204611,0.12079052511415525
0.2707721808876295,0.06438241557651354,0.975792507204611,0.12079483429060683
0.27083924132972326,0.06440445847757446,0.975792507204611,0.12083363071872101
0.27088271140282205,0.06445840472111175,0.975792507204611,0.12092857142857143
0.2711609701779784,0.06446085897045385,0.975792507204611,0.1209328904603736
0.2711878434579206,0.06446576802985302,0.975792507204611,0.12094152944958389
0.27156882043715136,0.06446822283995278,0.975792507204611,0.12094584940705817
0.27183452385949625,0.06443259710586444,0.9752161383285303,0.12087872834434722
0.27187893960903337,0.0644350508397121,0.9752161383285303,0.12088304636707867
0.2720087450451423,0.06444732231279043,0.9752161383285303,0.12090464110900713
0.27211449965030665,0.0644743360134131,0.9752161383285303,0.12095217671027236
0.27239158618322434,0.06447925002858122,0.9752161383285303,0.12096082356305403
0.27244907292080306,0.06448662245597987,0.9752161383285303,0.1209737961605834
0.2728103302863605,0.06448908030643748,0.9752161383285303,0.12097812097812098
0.27341225752169135,0.0644915383442598,0.9752161383285303,0.12098244610489435
0.27341416426656945,0.06449645498208431,0.9752161383285303,0.12099109728628124
0.2738754187289609,0.06449891358212938,0.9752161383285303,0.12099542334096108
0.2744565570909391,0.06450383134459228,0.9752161383285303,0.12100407637845959
0.27472172775509845,0.06450629050705299,0.9752161383285303,0.12100840336134452
0.27496250061120997,0.06454566262302587,0.9752161383285303,0.12107767719775307
0.27503487500202267,0.06454812497615686,0.9752161383285303,0.12108200944611422
0.2750563591212623,0.0645505875171677,0.9752161383285303,0.12108634200450852
0.27510046092595586,0.0645530502460799,0.9752161383285303,0.12109067487296932
0.2753425773272898,0.06456290304117221,0.9752161383285303,0.12110800944814257
0.2755334972354579,0.06456783056668575,0.9752161383285303,0.12111667859699357
0.27567511985759924,0.06457275884440714,0.9752161383285303,0.12112534898704275
0.2757649517112,0.06457522326539959,0.9752161383285303,0.12112968464759996
0.27581047702467953,0.06457768787450861,0.9752161383285303,0.12113402061855671
0.27592504597702233,0.06458754819254113,0.9752161383285303,0.1211513676070457
0.2761055710459732,0.06459001374255612,0.9752161383285303,0.12115570513050017
0.27612399664446335,0.0645543042565375,0.9746397694524496,0.12108843537414966
0.27706349094536015,0.06459869350956947,0.9746397694524496,0.1211665233591287
0.2771421555814352,0.06460856607954762,0.9746397694524496,0.1211838899240361
0.27715337136177565,0.06461103469356565,0.9746397694524496,0.12118823234313973
0.2772049615384529,0.0646159724875812,0.9746397694524496,0.12119691811503315
0.2774473771619,0.06462338059387779,0.9746397694524496,0.12120994910759085
0.27753564136868103,0.06464067278287462,0.9746397694524496,0.12124036565692779
0.2777842964158466,0.06464314385106465,0.9746397694524496,0.12124471212447122
0.278148393145444,0.06465055818932558,0.9746397694524496,0.12125775339715321
0.27815932018998957,0.06465303001338177,0.9746397694524496,0.12126210111150951
0.2784253848917984,0.06465550202645867,0.9746397694524496,0.12126644913765283
0.2784812727612497,0.06465797422857798,0.9746397694524496,0.12127079747561674
0.2785333760971718,0.06466044661976139,0.9746397694524496,0.1212751461254348
0.2788264127812494,0.06471736384859735,0.9746397694524496,0.12137525122021245
0.2791579077689309,0.06482155863073562,0.9746397694524496,0.12155847890158866
0.27921085324095307,0.06482404354826343,0.9746397694524496,0.12156284820818805
0.27927049491576655,0.06482652865631588,0.9746397694524496,0.12156721782890005
0.27928513662622945,0.06485387742578815,0.9746397694524496,0.12161530439785684
0.2794962671613528,0.06486134018641403,0.9746397694524496,0.12162842551967201
0.2797743792201238,0.0648638281549674,0.9746397694524496,0.12163279985614098
0.27985600572051467,0.06484536873609086,0.9740634005763689,0.12159585566787783
0.28027300992207416,0.06485034535686876,0.9740634005763689,0.12160460514481021
0.2803008817465859,0.0648528339537204,0.9740634005763689,0.12160898035547239
0.2805562505361616,0.06487274960654102,0.9740634005763689,0.12164399337796011
0.2806672718686682,0.0648777304311106,0.9740634005763689,0.12165274978404837
0.2807239942541388,0.0648443198832879,0.9734870317002882,0.12158951839320421
0.28074513569472714,0.0649740334679746,0.9734870317002882,0.12181752614496931
0.28135610131246724,0.06497653304608755,0.9734870317002882,0.12182191929027371
0.2815915416742351,0.06498403293447733,0.9734870317002882,0.1218351006275698
0.28166374495623364,0.06500654299130167,0.9734870317002882,0.12187466175993074
0.2817223195276301,0.06500904507139833,0.9734870317002882,0.12187905902727666
0.2817601710766196,0.06501404980946149,0.9734870317002882,0.12188785451396407
0.2821345240807103,0.06501905531816607,0.9734870317002882,0.12189665127020788
0.2822036281836735,0.06502656502656502,0.9734870317002882,0.1219098487855931
0.28224143787925926,0.06506413960476136,0.9734870317002882,0.1219758792518235
0.2828062982032257,0.06506915282967986,0.9734870317002882,0.12198468871876356
0.28285627158428556,0.06507918159750319,0.9734870317002882,0.12200231147067322
0.28287320388080006,0.06504816955684008,0.9729106628242075,0.12194329059057249
0.2828806615945652,0.06505067632664072,0.9729106628242075,0.12194769541973702
0.2829076514043027,0.06505569044590896,0.9729106628242075,0.12195650603280109
0.28293111893301987,0.06505819779542125,0.9729106628242075,0.12196091181676962
0.2832227845149851,0.06506070533821545,0.9729106628242075,0.12196531791907513
0.2832696844711257,0.06506572100373896,0.9729106628242075,0.12197413107883519
0.28357447978142813,0.06506822912651299,0.9729106628242075,0.12197853813635871
0.28372061321941533,0.06507575465515247,0.9729106628242075,0.12199176121991759
0.28373259308655446,0.06508077264140032,0.9729106628242075,0.12200057820179243
0.2837461147189926,0.06508328192473782,0.9729106628242075,0.12200498717068411
0.2842959514001613,0.06509583124445645,0.9729106628242075,0.12202703679606737
0.2844067388944287,0.06511592022528256,0.9729106628242075,0.12206233277894281
0.2850762310821126,0.06513350825744714,0.9729106628242075,0.12209323351777512
0.285287441312383,0.06514859127749903,0.9729106628242075,0.12211973232049196
0.28530655959385853,0.06515110579335366,0.9729106628242075,0.12212414990594704
0.28532000941699126,0.06515362050331944,0.9729106628242075,0.12212856781101908
0.28551575724859,0.06515613540741884,0.9729106628242075,0.12213298603574269
0.2855268428610374,0.06515865050567436,0.9729106628242075,0.12213740458015268
0.28559800867713775,0.06516368128474367,0.9729106628242075,0.12214624262817037
0.28566586012441747,0.06512759139867969,0.9723342939481268,0.12207829799551342
0.28567907775326923,0.06513262036214817,0.9723342939481268,0.12208713272543059
0.28570188545165,0.06514519616929255,0.9723342939481268,0.12210922514566971
0.2857916116326032,0.06515022785201205,0.9723342939481268,0.12211806435267292
0.2858777871064643,0.06519806763285024,0.9723342939481268,0.12220210068815646
0.28608975330022635,0.06521571053038504,0.9723342939481268,0.12223309060609357
0.2861803739897922,0.06518713269409218,0.9717579250720461,0.1221783397949201
0.2864159778343964,0.06518965317248579,0.9717579250720461,0.12218276686716427
0.28647477356596907,0.06519217384579692,0.9717579250720461,0.12218719426024567
0.28654840712986057,0.06519469471404818,0.9717579250720461,0.12219162197419915
0.28657846548803473,0.06531592608375625,0.9717579250720461,0.12240453027443012
0.28664186744360354,0.06531845653184565,0.9717579250720461,0.1224089737539478
0.28664965440784923,0.06549098819142324,0.9717579250720461,0.12271188907893299
0.28671764410457246,0.06550880055950577,0.9717579250720461,0.12274315666860804
0.2868629842436102,0.06551134597451042,0.9717579250720461,0.12274762476793709
0.28693975482875883,0.06552152961293331,0.9717579250720461,0.12276550041868425
0.2869422365345368,0.06553171641791045,0.9717579250720461,0.1227833812766267
0.2869600803162306,0.06554190639091899,0.9717579250720461,0.1228012673440402
0.2871133634445918,0.06555974647120581,0.9717579250720461,0.1228325805041527
0.2871454042298199,0.06556229584694354,0.9717579250720461,0.1228370551163892
0.2872961982069727,0.06556484542096053,0.9717579250720461,0.1228415300546448
0.2884315355922526,0.06556994516392486,0.9717579250720461,0.12285048090935587
0.2885416289973435,0.06557249533291848,0.9717579250720461,0.1228549568258826
0.28856723711467436,0.0655903520715814,0.9717579250720461,0.12288629737609326
0.2885774741882363,0.06560566559010078,0.9717579250720461,0.12291317343442446
0.28863600997104216,0.06560821853840766,0.9717579250720461,0.12291765392046076
0.288648112197163,0.06561077168541075,0.9717579250720461,0.12292213473315836
0.2886891833252768,0.06561587857559836,0.9717579250720461,0.12293109733868027
0.28899028940046856,0.0656184323188293,0.9717579250720461,0.12293557913157607
0.28901083690465684,0.06562098626084927,0.9717579250720461,0.12294006125127607
0.28908072566240856,0.06562354040168146,0.9717579250720461,0.12294454369781604
0.28917278119443096,0.06563631408883872,0.9717579250720461,0.12296696083436656
0.28934367338735356,0.06567466500467435,0.9717579250720461,0.12303426132010069
0.28957925444570765,0.06571306076314457,0.9717579250720461,0.12310163551401868
0.28962750032613294,0.06571818358994348,0.9717579250720461,0.12311062431544359
0.2896802493948557,0.06572586932792765,0.9717579250720461,0.1231241099791872
0.2897662395403621,0.06572843164009201,0.9717579250720461,0.12312860585700725
0.289793575183259,0.06577202153390029,0.9717579250720461,0.12320508604625668
0.2898309064493706,0.06577715355805243,0.9717579250720461,0.12321408996236342
0.28989358431058576,0.06577971987046935,0.9717579250720461,0.12321859241394433
0.2902060836666499,0.06580539401272394,0.9717579250720461,0.12326363503436175
0.29031024407893835,0.06580796252927401,0.9717579250720461,0.12326814110765857
0.2904825419331196,0.06581566928211735,0.9717579250720461,0.123281661304475
0.2904954658051786,0.06582337784024361,0.9717579250720461,0.12329518446743938
0.2905222331802602,0.0658285178822427,0.9717579250720461,0.12330420155775772
0.2905344773486487,0.06584394282590018,0.9717579250720461,0.1233312607439377
0.29071921494886865,0.06585165800882709,0.9717579250720461,0.12334479479113321
0.29072915213705425,0.06586966713548992,0.9717579250720461,0.12337638578903076
0.2910502979410346,0.06587224067200625,0.9717579250720461,0.1233809001097695
0.2910824195195553,0.0658773883483765,0.9717579250720461,0.12338992974238874
0.2910831825578937,0.06595470015256426,0.9717579250720461,0.12352553300608103
0.2911722895525693,0.06595728033800172,0.9717579250720461,0.12353005824815912
0.2912077296350105,0.06595986072532374,0.9717579250720461,0.1235345838218054
0.291213917857019,0.06596502210571618,0.9717579250720461,0.12354363596394811
0.29127164746493456,0.06597276569103146,0.9717579250720461,0.12355721666483455
0.29129660917704525,0.06599859077742112,0.9717579250720461,0.1236025072394707
0.29138678346816416,0.06601409553641346,0.9717579250720461,0.12362969752520622
0.29148942877254064,0.066016680371197,0.9717579250720461,0.12363423040258122
0.29193003800207795,0.06605547719793135,0.9717579250720461,0.12370226347261452
0.2919845364681082,0.06606324203597037,0.9717579250720461,0.1237158790724978
0.29209345755759464,0.0660787771898883,0.9717579250720461,0.12374311926605505
0.2922493793571301,0.06608395719829106,0.9717579250720461,0.1237522019964768
0.29242241015378667,0.06609172873382987,0.9717579250720461,0.12376582859240227
0.29247888685876616,0.06609431965188757,0.9717579250720461,0.1237703714579357
0.29253055608957157,0.06609950209746344,0.9717579250720461,0.12377945818956022
0.29258212912715126,0.06612283316338537,0.9717579250720461,0.1238203649983476
0.29261259240357795,0.06612542652076715,0.9717579250720461,0.12382491186839015
0.2926743110146259,0.06613580198485859,0.9717579250720461,0.12384310268840898
0.29269930483093703,0.0661487758945386,0.9717579250720461,0.12386584873085257
0.2929582563995772,0.06617733642108568,0.9717579250720461,0.12391591944730267
0.29296696127665,0.06619292528758196,0.9717579250720461,0.12394324781298244
0.29304644938508595,0.06620592162098485,0.9717579250720461,0.12396603066063747
0.29312248695310505,0.0662189230587958,0.9717579250720461,0.1239888218855714
0.2931227559871102,0.06622152395915161,0.9717579250720461,0.12399338113623827
0.2931671504354117,0.06623453152622275,0.9717579250720461,0.12401618242000735
0.2933092428041464,0.06626056199646296,0.9717579250720461,0.12406181015452539
0.2933280386638552,0.06626316616884138,0.9717579250720461,0.1240663747746422
0.2934955370570415,0.06629443221138723,0.9717579250720461,0.1241211764272831
0.29349587020108603,0.06629964608729846,0.9717579250720461,0.1241303147432358
0.2935000991361934,0.06631268436578171,0.9717579250720461,0.12415316642120763
0.2935094341125395,0.06631529263687853,0.9717579250720461,0.12415773776648624
0.29351139082184813,0.06631790111316524,0.9717579250720461,0.124162309448413
0.29354730441240834,0.0663335562812291,0.9717579250720461,0.12418974661166765
0.2935904826856604,0.06633616619452314,0.9717579250720461,0.12419432065117307
0.29366263393082176,0.06633877631320087,0.9717579250720461,0.12419889502762431
0.2937202848576827,0.06634399716680439,0.9717579250720461,0.12420804479151319
0.29378071486483837,0.0663805661640222,0.9717579250720461,0.12427213090587452
0.2938160096166477,0.06638579359766901,0.9717579250720461,0.12428129146395399
0.2940766772574205,0.06639102185469581,0.9717579250720461,0.1242904533726502
0.29410814469509167,0.06639363629203748,0.9717579250720461,0.12429503483357293
0.2941131396633581,0.06641717549734096,0.9717579250720461,0.1243362831858407
0.29428356369671244,0.06642764272487293,0.9717579250720461,0.12435462457589613
0.2943289595505949,0.06643287757594862,0.9717579250720461,0.12436379730028768
0.2943411191361716,0.0664669242292833,0.9717579250720461,0.12442345300911407
0.29436860525522146,0.0665010057981304,0.9717579250720461,0.12448316597755464
0.29444699784023054,0.06650625221884739,0.9717579250720461,0.12449235767555196
0.29450318922770014,0.06652199644900375,0.9717579250720461,0.12451994091580501
0.2945118074936392,0.06652462121212122,0.9717579250720461,0.12452453931090511
0.2946706319320337,0.0664904111751243,0.9711815561959655,0.12445987369354065
0.2947606563852093,0.0664956590370955,0.9711815561959655,0.1244690674053555
0.2948231261749999,0.06649828327874029,0.9711815561959655,0.12447366477062866
0.2948900953155778,0.06650878231695283,0.9711815561959655,0.12449205762837087
0.2949566731074739,0.06654818325434439,0.9711815561959655,0.12456107928294217
0.2950189977172013,0.06655344024014535,0.9711815561959655,0.1245702879532769
0.29524999326110063,0.06655869805656502,0.9711815561959655,0.12457949798528706
0.29527306038741213,0.06653496641643619,0.9706051873198848,0.12453318543168793
0.2953811148871309,0.06654022443496127,0.9706051873198848,0.12454239544429244
0.2954310539963783,0.06654285375587782,0.9706051873198848,0.12454700096146736
0.2956429478057171,0.06654548328459654,0.9706051873198848,0.12455160681927444
0.2957531480152085,0.06654811302114207,0.9706051873198848,0.12455621301775147
0.29578348689276146,0.06655074296553905,0.9706051873198848,0.12456081955693628
0.2958094427506816,0.06655337311781212,0.9706051873198848,0.12456542643686663
0.29581861680416593,0.06655600347798593,0.9706051873198848,0.12457003365758036
0.29583405990654005,0.06655863404608514,0.9706051873198848,0.12457464121911527
0.2958519853970953,0.06656126482213438,0.9706051873198848,0.12457924912150914
0.2961659904043784,0.06657179000632511,0.9706051873198848,0.12459768414043135
0.2962496262530441,0.06653488831784937,0.9700288184438041,0.12452830188679247
0.29629167509793625,0.06657436708860759,0.9700288184438041,0.1245974458634092
0.29633770408093085,0.06657700067249496,0.9700288184438041,0.12460205819204856
0.2963885261621482,0.06654007437297255,0.9694524495677234,0.1245326324362344
0.29645950916512503,0.06654797230464886,0.9694524495677234,0.12454646427249165
0.2965477871929302,0.0665585057971588,0.9694524495677234,0.12456491150114789
0.29663688406787403,0.06656904262476748,0.9694524495677234,0.12458336419524481
0.2966403578198103,0.06657694743508549,0.9694524495677234,0.1245972073039742
0.2967072569746528,0.0665795827890591,0.9694524495677234,0.12460182235721164
0.29680462932557583,0.06659803611023123,0.9694524495677234,0.12463413730502758
0.2970703145679349,0.06660067313403287,0.9694524495677234,0.12463875509447944
0.29708126291867504,0.06656898463488041,0.9688760806916427,0.12457850075962501
0.297091507286523,0.06688976534799411,0.9677233429394813,0.1251304218214339
0.2971097173199461,0.06689509542212838,0.9677233429394813,0.125139748080793
0.2971097641340076,0.06691109074243813,0.9677233429394813,0.12516773520202776
0.2973899354687748,0.06694043537197991,0.9677233429394813,0.1252190774508707
0.2976520049491312,0.06694310434193214,0.9677233429394813,0.12522374701670647
0.2976966749216144,0.06694577352472089,0.9677233429394813,0.12522841693082232
0.2977584533417323,0.06700187557364619,0.9677233429394813,0.1253265656490259
0.2977833758790093,0.06700989782886335,0.9677233429394813,0.1253405994550409
0.2978173057725654,0.06701257234085013,0.9677233429394813,0.1253452780888391
0.297899765037337,0.06703129990418397,0.9677233429394813,0.12537803830788186
0.297955899133264,0.06703397612488522,0.9677233429394813,0.12538271973713688
0.29796734737756686,0.06703665255929091,0.9677233429394813,0.12538740151600014
0.29798403374433263,0.06704468314499061,0.9677233429394813,0.1254014489506311
0.29817825832637607,0.06706075008986699,0.9677233429394813,0.1254295532646048
0.2981939835539853,0.06706342866272567,0.9677233429394813,0.12543423854170554
0.2982165600447145,0.06706878645042742,0.9677233429394813,0.12544361014606448
0.29823679352340415,0.06707414509427932,0.9677233429394813,0.1254529831508948
0.2982570118824108,0.06702370009192278,0.9665706051873199,0.12535506054716697
0.2984590221045533,0.06705854126679463,0.9665706051873199,0.12541599670941928
0.2985599192510056,0.06708268330733229,0.9665706051873199,0.12545821799955112
0.29858288802745053,0.06708536682934635,0.9665706051873199,0.12546291100886545
0.29861384630946275,0.06708805056606792,0.9665706051873199,0.12546760436929522
0.29861515417841,0.0671148997478689,0.9665706051873199,0.12551455729361577
0.2986474544648386,0.06712833239932751,0.9665706051873199,0.12553804693640752
0.29868434138670386,0.06714445868033311,0.9665706051873199,0.12556624611583242
0.29873357984084603,0.06718480830094949,0.9665706051873199,0.12563679952052742
0.29878564742682817,0.0671875,0.9665706051873199,0.12564150589998127
0.29894479782988453,0.06719019191474017,0.9665706051873199,0.12564621263205217
0.29900800486829227,0.06719288404519592,0.9665706051873199,0.12565091971677966
0.2990394492968198,0.067200961731116,0.9665706051873199,0.1256650430872986
0.2990694104052121,0.06721712293077879,0.9665706051873199,0.12569329935541898
0.29907463545997215,0.06721981721981722,0.9665706051873199,0.12569800996889405
0.2990912426922849,0.0672252064459232,0.9665706051873199,0.12570743225516284
0.29914591763015896,0.06723059653624118,0.9665706051873199,0.12571685595412124
0.29915085062034513,0.06723329190554464,0.9665706051873199,0.12572156833345827
0.2992022334101331,0.06723598749097907,0.9665706051873199,0.1257262810660869
0.2992117033991223,0.06723868329257046,0.9665706051873199,0.12573099415204675
0.2992902422308281,0.06728828610640188,0.960806916426513,0.12576860688822664
0.29935188201879853,0.0672910023008921,0.960806916426513,0.1257733514410744
0.29938438105063964,0.06729371871467786,0.960806916426513,0.12577809635190704
0.2994248153931513,0.06729915220024223,0.960806916426513,0.12578758724768913
0.29960110641532883,0.06730186927207396,0.960806916426513,0.12579233323271957
0.2997490875988793,0.0673045865633075,0.960806916426513,0.12579707957589706
0.2997742419793789,0.06726692776678644,0.9602305475504322,0.12572636027469622
0.2999831360152135,0.06728866270851004,0.9602305475504322,0.1257643239978863
0.30000157445023035,0.06730225418114244,0.9602305475504322,0.1257880629695345
0.3000377867432448,0.06731585114550083,0.9602305475504322,0.12581181090469717
0.30009195762371604,0.0673212914696731,0.9602305475504322,0.1258213125896836
0.30013061664142315,0.06732401196152914,0.9602305475504322,0.1258260639703939
0.30016842725296683,0.06732673267326733,0.9602305475504322,0.1258308157099698
0.30022346165282393,0.06740300198244123,0.9602305475504322,0.12596401028277635
0.30028554634631466,0.06745307876281974,0.9590778097982708,0.1260415088622936
0.3003368841287714,0.06750233256257353,0.9590778097982708,0.12612749185173958
0.30042832071670666,0.06750507099391481,0.9590778097982708,0.12613227212431305
0.3004406964208644,0.06751054852320675,0.9590778097982708,0.12614183375658566
0.30047172625805635,0.06752698644590537,0.9590778097982708,0.12617052735337603
0.30057817019375216,0.06755165834449722,0.9590778097982708,0.1262135922330097
0.300649590456699,0.06755440077947386,0.9590778097982708,0.12621837903439906
0.30065084706879774,0.06755714343713207,0.9590778097982708,0.1262231661988925
0.3007806981222146,0.06780006523157209,0.9585014409221903,0.12664204394014392
0.30081447831628744,0.06780282953479838,0.9585014409221903,0.12664686619450155
0.30092912072807904,0.06781388900216123,0.9585014409221903,0.12666615888491126
0.30124236792476633,0.06781665443275427,0.9585014409221903,0.12667098297596835
0.3014489729112783,0.06781942008890339,0.9585014409221903,0.12667580743449117
0.3015049275971114,0.06782218597063622,0.9585014409221903,0.1266806322605218
0.3016769424605905,0.06782495207798034,0.9585014409221903,0.12668545745410223
0.3016880178617798,0.06782771841096337,0.9585014409221903,0.12669028301527444
0.3017224304222586,0.06783048496961293,0.9585014409221903,0.12669510894408048
0.301821349182831,0.06784155346142863,0.9585014409221903,0.12671441633648278
0.3018306132701339,0.06786647078028077,0.9585014409221903,0.1267578794923587
0.301850534697965,0.06788032164578146,0.9585014409221903,0.1267820385758939
0.30185116410705737,0.06788309249734673,0.9585014409221903,0.12678687149773188
0.3018860289690141,0.06788586357513166,0.9585014409221903,0.12679170478804513
0.3020641461599451,0.06788863487916394,0.9585014409221903,0.12679653844687583
0.30212449194425506,0.06789140640947132,0.9585014409221903,0.1268013724742661
0.302138577311581,0.06789972235832109,0.9585014409221903,0.12681587676821598
0.30214751383000726,0.0679108134596537,0.9585014409221903,0.12683522098920796
0.3022770600444583,0.06791913416377374,0.9585014409221903,0.12684973302822272
0.30229052265877,0.0679219081849371,0.9585014409221903,0.12685457111255197
0.30230729098297343,0.06792468243270841,0.9585014409221903,0.12685940956594707
0.3023647483812778,0.06794133267965846,0.9585014409221903,0.1268884480390661
0.3024132079031435,0.06794688457609806,0.9585014409221903,0.12689813048454787
0.3025346748514869,0.06797743623283192,0.9585014409221903,0.12695141035917404
0.30258807771067475,0.06798855273916599,0.9585014409221903,0.12697079595342622
0.30263500731268106,0.06799411235587538,0.9585014409221903,0.12698049097087005
0.302730929159071,0.06799967288191038,0.9585014409221903,0.1269901874689779
0.3027895143681678,0.06800245348599468,0.9585014409221903,0.1269950362733868
0.3029048707213374,0.06800523431749407,0.9585014409221903,0.1269998854480889
0.30291331051480497,0.06800801537643643,0.9585014409221903,0.12700473499312662
0.3029976711510158,0.06801079666284966,0.9585014409221903,0.1270095849085424
0.3030525788360399,0.06801357817676168,0.9585014409221903,0.12701443519437863
0.3032485709993183,0.06801914188719375,0.9585014409221903,0.12702413687748243
0.3032963885483531,0.06803583848136481,0.9585014409221903,0.12705325082130034
0.3035950735017609,0.06804418985270048,0.9585014409221903,0.12706781279847182
0.303623744413391,0.06805811336198077,0.9585014409221903,0.12709209017959497
0.30365521613877966,0.06806647020301244,0.9585014409221903,0.12710666106164253
0.30373487922452547,0.06807482909656555,0.9585014409221903,0.1271212352851246
0.3037792426293669,0.06808040283293078,0.9585014409221903,0.1271309532910328
0.3037800104544561,0.06808319004339639,0.9585014409221903,0.12713581285119072
0.3038268150609756,0.06808597748208803,0.9585014409221903,0.12714067278287464
0.30384083804792955,0.06808876514903374,0.9585014409221903,0.12714553308612714
0.3040082049646631,0.06809712951967568,0.9585014409221903,0.1271601162257226
0.30404631391051357,0.0680999180999181,0.9585014409221903,0.12716497801567578
0.3040569655972879,0.06812223496640996,0.9585014409221903,0.1272038857230275
0.30420721716121835,0.06813060756278422,0.9585014409221903,0.12721848225214197
0.3043835992679051,0.06813339888561128,0.9585014409221903,0.12722334850629233
0.30443771639979084,0.0681389822174875,0.9585014409221903,0.12723308213151754
0.3045464117479289,0.06814177422659291,0.9585014409221903,0.1272379495026779
0.30469500228155943,0.06814456646451401,0.9585014409221903,0.12724281724626038
0.3047346751250788,0.06815294455145281,0.9585014409221903,0.12725742271196816
0.3047828937276293,0.06815853108733964,0.9585014409221903,0.1272671615520012
0.3048916685801739,0.06816132469874579,0.9585014409221903,0.12727203153101443
0.30496119514187464,0.06816691260862437,0.9585014409221903,0.12728177260724813
0.30496667950342704,0.0681697069071531,0.9585014409221903,0.12728664370455414
0.304983842874862,0.06817809117743523,0.9585014409221903,0.1273012592337429
0.30517387048384814,0.06818088639252183,0.9585014409221903,0.12730613182270534
0.3053405750907659,0.06820325636714104,0.9585014409221903,0.12734512596676623
0.305449114388265,0.06820605364613239,0.9585014409221903,0.12735000191446183
0.30555955192245415,0.0682088511545876,0.9585014409221903,0.1273548782355644
0.3055995429781708,0.06829007884362681,0.9585014409221903,0.12749645417257638
0.30560401509709734,0.06833497698882314,0.9585014409221903,0.12757469985807984
0.3056794265872665,0.06833778508321348,0.9585014409221903,0.1275795934023782
0.30583084094520024,0.06834340196441047,0.9585014409221903,0.12758938161730857
0.3060424992271485,0.06834901976901894,0.9585014409221903,0.1275991713343052
0.30605726422985363,0.06835182901767366,0.9585014409221903,0.1276040667561865
0.3060623927388028,0.06852708058124174,0.9567723342939481,0.12789398667128932
0.3061351374492232,0.06853273883246636,0.9567723342939481,0.12790384096775437
0.3061930275020978,0.0685383980181668,0.9567723342939481,0.12791369678289347
0.3062449422109305,0.06854688854936615,0.9567723342939481,0.1279284833538841
0.3063868397618197,0.06854971919392137,0.9567723342939481,0.12793341297059843
0.30639844373366265,0.06855538118443875,0.9567723342939481,0.12794327334386682
0.306490878400039,0.06855821253045885,0.9567723342939481,0.12794820410050872
0.30650447942657216,0.06857520551906474,0.9567723342939481,0.12797779662323644
0.30654987657841987,0.06860921678032651,0.9567723342939481,0.12803702275356726
0.30664811362139327,0.0686148886041417,0.9567723342939481,0.12804689910521444
0.306694603375886,0.06864893924982424,0.9567723342939481,0.1281061892267325
0.3066964021197292,0.06867449942081748,0.9567723342939481,0.12815069286293282
0.3067270358081919,0.06867734061478631,0.9567723342939481,0.12815563962016518
0.30673204582282554,0.06870007863262012,0.9567723342939481,0.12819522743068965
0.3067521170831551,0.06870292194354773,0.9567723342939481,0.12820017762675215
0.3068613729300107,0.06871998675277363,0.9567723342939481,0.1282298868332625
0.3068754857712783,0.0687228317118609,0.9567723342939481,0.12823483970645036
0.3070936023466929,0.06872567690651651,0.9567723342939481,0.12823979296226198
0.3071409135809971,0.06873136800264988,0.9567723342939481,0.12824970062193378
0.30714902708023323,0.06873990641434428,0.9567723342939481,0.12826456498222844
0.30726603135512304,0.06876838311446207,0.9567723342939481,0.12831413774445388
0.3073333796358695,0.06877408128599247,0.9567723342939481,0.12832405689548548
0.30738502401495965,0.06878833084700813,0.9567723342939481,0.12834886148374378
0.30742536874371,0.06879403232490676,0.9567723342939481,0.12835878600425288
0.3074277853078766,0.06879688341829333,0.9567723342939481,0.12836374884008658
0.3074693415749177,0.06880258631408795,0.9567723342939481,0.12837367566313512
0.30757256250816156,0.06880829015544042,0.9567723342939481,0.12838360402165508
0.307594264097399,0.06881399494258592,0.9567723342939481,0.12839353391600278
0.3076337428469273,0.06887109488445421,0.9567723342939481,0.12849291740846813
0.3077125216915321,0.068873952369098,0.9567723342939481,0.12849789062197622
0.3077999440204127,0.06889110225763612,0.9567723342939481,0.12852773798923772
0.30784971148470075,0.06889396140278066,0.9567723342939481,0.12853271389856755
0.30793775590427575,0.06889968040509692,0.9567723342939481,0.12854266687316093
0.30796911529615156,0.06890826068908261,0.9567723342939481,0.12855759922555665
0.30801981399729933,0.06891112125866578,0.9567723342939481,0.1285625774473358
0.3081900697407155,0.06891684311039149,0.9567723342939481,0.12857253504763377
0.3083343860303108,0.0689197043925932,0.9567723342939481,0.12857751442624218
0.3083661684388874,0.06892256591239361,0.9567723342939481,0.12858249419054996
0.3085592918980118,0.06893687707641195,0.9567723342939481,0.12860739879914776
0.3086489882613976,0.06894260320624637,0.9567723342939481,0.12861736334405144
0.3087216359408753,0.06894833028742316,0.9567723342939481,0.1286273294331874
0.3088414763038286,0.06895405832017945,0.9567723342939481,0.12863729706691465
0.30894399162148184,0.06895692269347402,0.9567723342939481,0.1286422814631122
0.3089505342774095,0.06896838256678715,0.9567723342939481,0.12866222291117657
0.30898516082364197,0.0689712481302975,0.9567723342939481,0.12866720923923575
0.308992735644889,0.06897411393194,0.9567723342939481,0.12867219595380203
0.3091736241144702,0.06899991686757004,0.9567723342939481,0.1287170937851355
0.3093742765937766,0.06901426017544589,0.9567723342939481,0.1287420505661548
0.3093883812639958,0.06927346325585278,0.9567723342939481,0.12919293330220252
0.30949092564903696,0.06927635422752691,0.9567723342939481,0.12919796085146124
0.3095898360350401,0.06928213689482471,0.9567723342939481,0.12920801712395408
0.30974166865026914,0.06928792052758995,0.9567723342939481,0.12921807496205193
0.3098022076691306,0.06929370512606445,0.9567723342939481,0.12922813436612043
0.3098232355145483,0.0692994906904901,0.9567723342939481,0.12923819533652536
0.3099315579050227,0.06930817084881634,0.9567723342939481,0.12925328972981392
0.3099418237964162,0.06933132857202523,0.9567723342939481,0.12929355868837136
0.30998307858133745,0.06933422437557431,0.9567723342939481,0.1292985940725163
0.31002067172040343,0.06930693069306931,0.9561959654178674,0.1292458709878467
0.31023212917455445,0.06930982620320855,0.9561959654178674,0.12925090569124692
0.3103045948275928,0.06931851418543433,0.9561959654178674,0.12926601215521272
0.3104295614113525,0.06944327819296331,0.9533141210374639,0.1294564239032599
0.3104430497152034,0.06945202603401218,0.9533141210374639,0.1294716242661448
0.3106130104482682,0.06945494247081549,0.9533141210374639,0.12947669184703903
0.3107390490270945,0.0694782827858523,0.9533141210374639,0.12951724677968757
0.31079763615546163,0.06948120142827137,0.9533141210374639,0.12952231793265465
0.31091169466099633,0.06948412031591329,0.9533141210374639,0.12952738948275186
0.31105547138627954,0.069550216687003,0.9527377521613832,0.12963689122421773
0.3110879141416739,0.06955314314567028,0.9527377521613832,0.12964197482451667
0.3111981109053992,0.06956192399949501,0.9527377521613832,0.12965722801788376
0.3112412486779634,0.06956777913387484,0.9527377521613832,0.12966739880765613
0.3113174190003067,0.06957070707070707,0.9527377521613832,0.12967248480094135
0.3113720951494654,0.069573635254009,0.9527377521613832,0.12967757119322193
0.3115669716017006,0.0695403266543189,0.9521613832853026,0.12961437370052176
0.3115939910657108,0.06954325405177857,0.9521613832853026,0.12961945861122007
0.3116757684451805,0.06954910958615754,0.9521613832853026,0.12962962962962962
0.3117596125169865,0.06955789473684211,0.9521613832853026,0.1296448891504807
0.3119616886460409,0.0695754716981132,0.9521613832853026,0.12967541897248716
0.3119682146755902,0.06957840205534263,0.9521613832853026,0.12968050867415024
0.3119840859207005,0.07048683705252379,0.9521613832853026,0.13125695216907676
0.31203022871754693,0.07046521553563807,0.9515850144092219,0.1312139876813034
0.3120726455858423,0.07053445550476353,0.9515850144092219,0.13133402275077558
0.31211872923225115,0.07054349683814733,0.9515850144092219,0.13134969569195273
0.3122007917121237,0.07054651113105158,0.9515850144092219,0.1313549208369799
0.31223709411265715,0.07056158646038123,0.9515850144092219,0.13138105279910875
0.3122497201053069,0.0705646022994401,0.9515850144092219,0.13138628043928058
0.3122612372659345,0.0705736513635975,0.9515850144092219,0.1314019658561821
0.3123193685847039,0.07057666823408712,0.9515850144092219,0.1314071951607768
0.312401271495752,0.0705796853625171,0.9515850144092219,0.1314124248816015
0.3124703635886937,0.07058270274892052,0.9515850144092219,0.1314176550187057
0.31253369400802017,0.07059175645630238,0.9515850144092219,0.1314333479281933
0.3125424581594892,0.0705977935516976,0.9515850144092219,0.13144381195016122
0.3125484778208465,0.07060081248663673,0.9515850144092219,0.13144904458598727
0.31257988449401825,0.07060987084081773,0.9515850144092219,0.13146474499343075
0.3127044235837944,0.07062195226281119,0.9515850144092219,0.13148568470513283
0.31291374031887803,0.07058521560574949,0.9510086455331412,0.1314165106925252
0.31309829790945587,0.07058823529411765,0.9510086455331412,0.13142174432497014
0.31314010680797566,0.07059125524086592,0.9510086455331412,0.1314269783742881
0.3132153395031318,0.07060938034919548,0.9510086455331412,0.13145839142731944
0.3132546082012254,0.07067894624116514,0.9510086455331412,0.13157894736842105
0.3133652299347155,0.07068197395476354,0.9510086455331412,0.13158419394712711
0.3133834048594124,0.07069408740359898,0.9510086455331412,0.13160518444666003
0.3133896544766107,0.07070317521532331,0.9510086455331412,0.13162093171665604
0.313432854830743,0.0707365171911172,0.9510086455331412,0.1316787039623319
0.3134969230554928,0.07075775119001672,0.9510086455331412,0.13171549453181125
0.313536429417455,0.07073610157858613,0.9504322766570605,0.13167245578312772
0.3136353917812686,0.07073913603020034,0.9504322766570605,0.13167771300806516
0.3136442451776534,0.07074217074217075,0.9504322766570605,0.13168297065282492
0.31370114083890427,0.07074520571453087,0.9504322766570605,0.13168822871745728
0.3137829439575584,0.07075734820853893,0.9504322766570605,0.13170926517571885
0.3137932304016061,0.0707603844833505,0.9504322766570605,0.13171452534046887
0.313817590375611,0.07076342101875295,0.9504322766570605,0.1317197859253934
0.31384755623003113,0.07076645781477985,0.9504322766570605,0.1317250469305428
0.31389713441375316,0.07078164570545564,0.9504322766570605,0.13175135826142542
0.3139494987446301,0.07078468406593406,0.9504322766570605,0.13175662178898165
0.3140528006774114,0.07079380071266046,0.9504322766570605,0.13177241489531724
0.31410780906676755,0.07079987978189001,0.9504322766570605,0.13178294573643412
0.3142800180135302,0.07085862966175195,0.9417867435158501,0.1318007662835249
0.31435646659745714,0.0708617025890108,0.9417867435158501,0.13180608211664113
0.31436764520570143,0.07086784924317995,0.9417867435158501,0.13181671506937723
0.31442233199670205,0.07183049059257957,0.9417867435158501,0.13348037413715638
0.3144319282907682,0.07184628237259816,0.9417867435158501,0.1335076395130321
0.3145043213941923,0.0718526010289785,0.9417867435158501,0.1335185487824808
0.31451540459526706,0.07185892079686881,0.9417867435158501,0.13352945983492684
0.3146174820825444,0.07186524167656243,0.9417867435158501,0.13354037267080746
0.3146882995604237,0.07186840253342716,0.9417867435158501,0.13354582975767232
0.3147004690445674,0.07187156366835276,0.9417867435158501,0.13355128729055987
0.3147229760021288,0.07187788677253332,0.9417867435158501,0.13356220369462155
0.3148083030140822,0.07191268374262828,0.9417867435158501,0.13362227583105038
0.31481297493878574,0.0719158487742617,0.9417867435158501,0.13362773961400065
0.3148850860339518,0.07191901408450704,0.9417867435158501,0.1336332038437947
0.3149738534254708,0.07192534554098072,0.9417867435158501,0.13364413364413366
0.31500263083789226,0.07192851168728265,0.9417867435158501,0.13364959921478814
0.31510290626482546,0.07193167811234372,0.9417867435158501,0.1336550652325058
0.31513338114981093,0.07194117906044996,0.9417867435158501,0.13367146596858637
0.315363303529353,0.07196018848813142,0.9417867435158501,0.13370427951886096
0.3153823157284334,0.07196652719665272,0.9417867435158501,0.13371522094926352
0.31552816378509263,0.07196969696969698,0.9417867435158501,0.13372069233602032
0.3155908008907481,0.07198237885462555,0.9417867435158501,0.13374258236136688
0.31564415099609877,0.07198555002423014,0.9417867435158501,0.13374805598755832
0.3156741376048225,0.07203315111973196,0.9417867435158501,0.13383021417748472
0.31578468771761187,0.07203632676453732,0.9417867435158501,0.13383569497911377
0.31590746076935866,0.07209353628943305,0.9417867435158501,0.13393442622950819
0.3159600691415945,0.07211262632949379,0.9417867435158501,0.13396736902517012
0.31603115607334037,0.07212535864047671,0.9417867435158501,0.13398933989339892
0.3161704045434057,0.07214765100671142,0.9417867435158501,0.13402780625845878
0.31617685570052334,0.0721572090969309,0.9417867435158501,0.1340442986054143
0.3161795680857081,0.07216358256414786,0.9417867435158501,0.13405529575847075
0.3162137217920006,0.07216676971998941,0.9417867435158501,0.13406079501169135
0.31625012357769056,0.07217314487632509,0.9417867435158501,0.13407179487179485
0.3163425064797614,0.07220822837951302,0.9417867435158501,0.1341323263831883
0.31635025238255543,0.0722114194802899,0.9417867435158501,0.13413783195829743
0.3164485348172472,0.07223376508553998,0.9417867435158501,0.1341763836426343
0.31646474988794115,0.072236958443855,0.9417867435158501,0.1341818928351468
0.3164778611167739,0.0722401520845307,0.9417867435158501,0.1341874024800854
0.3165334071115018,0.07224334600760456,0.9417867435158501,0.13419291257750582
0.316588668313592,0.07224654021311402,0.9417867435158501,0.13419842312746386
0.31661039227533744,0.07224973470109657,0.9417867435158501,0.1342039341300152
0.31667092299195493,0.07221558476038763,0.9406340057636887,0.13413331141612558
0.3167080503687582,0.07222517259691981,0.9406340057636887,0.13414984998561508
0.31671792427827034,0.07222836910820978,0.9406340057636887,0.13415536374845868
0.3167238205637307,0.07223476297968397,0.9406340057636887,0.13416639263400196
0.3167394887661237,0.07224755411926159,0.9406340057636887,0.13418845584607794
0.316754070305272,0.07225075261200638,0.9406340057636887,0.13419397278296266
0.3168886245823655,0.07225395138796653,0.9406340057636887,0.13419949017350546
0.31689288911501956,0.07226354941551541,0.9406340057636887,0.1342160450676426
0.31692723749120155,0.07227314999335725,0.9406340057636887,0.13423260404671825
0.3169406161156927,0.07227635075287865,0.9406340057636887,0.13423812461443554
0.3170033256448069,0.07228595473269256,0.9406340057636887,0.13425468904244817
0.31703365890380575,0.07228915662650602,0.9406340057636887,0.1342602114269261
0.3170775865348603,0.07230196703880915,0.9406340057636887,0.13428230550870118
0.3170827041250808,0.07230517035133578,0.9406340057636887,0.13428783016539125
0.3171332126913374,0.07231157782799415,0.9406340057636887,0.13429888084265962
0.31725936742801214,0.07231798644037754,0.9406340057636887,0.13430993333881985
0.31735131976001574,0.07232119117256049,0.9406340057636887,0.13431546026912475
0.31737396132441986,0.07228969063026328,0.940057636887608,0.13425525785076345
0.31737688466770286,0.07229609929078014,0.940057636887608,0.13426630994031696
0.3174847626896062,0.07229930404716521,0.940057636887608,0.1342718366674899
0.3176200606534316,0.07230892002128037,0.940057636887608,0.13428841957926801
0.31769527282986565,0.0723121259144314,0.940057636887608,0.13429394812680118
0.31780251439251717,0.07234099175019959,0.940057636887608,0.13434372554672375
0.31780529563155485,0.07230305180979418,0.9394812680115274,0.13427241649161825
0.3178133289981145,0.07230946677313459,0.9394812680115274,0.13428347818923259
0.3178162215022609,0.07231267468169114,0.9394812680115274,0.13428900972153568
0.31787762659811253,0.07231588287488909,0.9394812680115274,0.13429454170957777
0.3179627740393651,0.07232871849485269,0.9394812680115274,0.1343166742202629
0.31821936090246483,0.07233192811182605,0.9394812680115274,0.1343222084878451
0.3182358421863674,0.07233513801366824,0.9394812680115274,0.13432774321150437
0.3182805053353287,0.07233834820041717,0.9394812680115274,0.1343332783912972
0.31830221194535424,0.07234155867211077,0.9394812680115274,0.13433881402727985
0.3183536942194456,0.07235440340909091,0.9394812680115274,0.13436096113423734
0.3185196609603663,0.07235761530607715,0.9394812680115274,0.13436649905201548
0.31852663392307806,0.07236403995560488,0.9394812680115274,0.13437757625721353
0.3185456550240938,0.07237046574612618,0.9394812680115274,0.13438865528897684
0.3185808683661572,0.07238332075136551,0.9394812680115274,0.13441081883400674
0.31861120987895547,0.07238974996669183,0.9394812680115274,0.13442190334817744
0.31867401104992743,0.07239296500266477,0.9394812680115274,0.13442744629087464
0.318723825574139,0.07241226121723679,0.9394812680115274,0.1344607135491854
0.31873653823073717,0.0724186955749067,0.9394812680115274,0.1344718062946005
0.3187419207372237,0.07242834925572095,0.9394812680115274,0.1344884488448845
0.3187423754135402,0.072431567721294,0.9394812680115274,0.13449399727711545
0.3188171850136194,0.07243478647291472,0.9394812680115274,0.13449954616717552
0.31885213532662243,0.0724412248344518,0.9394812680115274,0.13451064532101006
0.3189294921747677,0.07245088452306872,0.9394812680115274,0.13452729748689804
0.3189700493539982,0.07245410499177668,0.9394812680115274,0.1345328491251238
0.3191278370730734,0.0724128733997155,0.9389048991354467,0.13445586232512072
0.31937676083670113,0.07241609246499223,0.9389048991354467,0.13446141147338012
0.31942846078204745,0.07242897158863545,0.9389048991354467,0.13448361264756872
0.3194312433544871,0.0724482988659106,0.9389048991354467,0.13451692815854666
0.3194408959157798,0.07245474358404128,0.9389048991354467,0.13452803699727475
0.31948716349706546,0.07245796637309848,0.9389048991354467,0.13453359210471982
0.3195800823239203,0.07246441281138791,0.9389048991354467,0.1345447036960562
0.3196398573999834,0.07247086039683245,0.9389048991354467,0.13455581712303308
0.3196732230783095,0.07247730912973839,0.9389048991354467,0.1345669323861055
0.31970027642907956,0.07249343598415736,0.9389048991354467,0.134594728579691
0.3197551852239297,0.07249988873559125,0.9389048991354467,0.1346058502726822
0.319827548141974,0.07250311554210433,0.9389048991354467,0.13461141180845348
0.3198622271072675,0.07250634263586593,0.9389048991354467,0.13461697380381787
0.31999216961508414,0.07251602564102565,0.9389048991354467,0.1346336625480392
0.320018594473279,0.07253862938059402,0.9389048991354467,0.13467261904761904
0.3200770579729987,0.07254185963662273,0.9389048991354467,0.13467818610226942
0.32025025565787874,0.07255801523317447,0.9389048991354467,0.13470602828082362
0.32033007969118893,0.07256771204561653,0.9389048991354467,0.1347227391142538
0.32052963137372215,0.07257741145021163,0.9389048991354467,0.1347394540942928
0.3207125466492979,0.0725903480237066,0.9389048991354467,0.13476174718729317
0.32075060210657186,0.0725968180400196,0.9389048991354467,0.1347728965003723
0.3208694154973733,0.07260005348070238,0.9389048991354467,0.13477847184875688
0.32090700835327435,0.0726162350109214,0.9389048991354467,0.13480635551142006
0.32096051499529016,0.07261947218259629,0.9389048991354467,0.1348119336285017
0.3209802121995871,0.07262594739188587,0.9389048991354467,0.13482309124767228
0.3210252220033812,0.07263890127530545,0.9389048991354467,0.13484541202764785
0.3210558046777478,0.07264214046822742,0.9389048991354467,0.13485099337748344
0.32112625522294136,0.07264861972082237,0.9389048991354467,0.13486215746336616
0.3211407309819144,0.07265185978057265,0.9389048991354467,0.13486774019952805
0.3213170330887084,0.07265834076717216,0.9389048991354467,0.13487890705858
0.3213761310106415,0.07266482291016148,0.9389048991354467,0.13489007576698547
0.32138087757671896,0.07266806441539903,0.9389048991354467,0.13489566081483936
0.3214065319062774,0.0726713062098501,0.9389048991354467,0.13490124632520392
0.32141687888280523,0.0726777906665477,0.9389048991354467,0.13491241873369497
0.32143993520737996,0.07268427628056398,0.9389048991354467,0.13492359299291837
0.3215185604956647,0.07268751952166347,0.9389048991354467,0.1349291808166984
0.32161672593525736,0.07269400687223883,0.9389048991354467,0.1349403578528827
0.32164076145830034,0.07269725098179222,0.9389048991354467,0.134945947065402
0.32168616445754383,0.07266235215353715,0.938328530259366,0.1348798674399337
0.3216998029605241,0.07266883899477748,0.938328530259366,0.1348910431684481
0.3218383498314799,0.07267532699433062,0.938328530259366,0.1349022207490885
0.3218516247068911,0.07268830646961646,0.938328530259366,0.1349245814685894
0.3218877259885946,0.07269155206286837,0.938328530259366,0.1349301728067631
0.32201817006411976,0.07271427933360132,0.938328530259366,0.13496932515337423
0.32203364546370195,0.07271752724673933,0.938328530259366,0.13497492020063842
0.322074842083536,0.07272402394353614,0.938328530259366,0.13498611168691182
0.3220915095555723,0.07274677152687788,0.938328530259366,0.13502529650825246
0.32211807646486623,0.07275327345041784,0.938328530259366,0.13503649635036494
0.32219308080726083,0.07275977653631285,0.938328530259366,0.1350476980506014
0.3222592613958196,0.0727630285152409,0.938328530259366,0.1350532995976606
0.3223434271170098,0.07278580050967944,0.938328530259366,0.13509252344203798
0.32235092910559027,0.07279230941202772,0.938328530259366,0.135103734439834
0.3223526050971841,0.07279881947860305,0.938328530259366,0.135114947298531
0.3226964025825344,0.07280533070971781,0.938328530259366,0.13512616201859232
0.3227549238262921,0.07281184310568452,0.938328530259366,0.13513737860048144
0.3227555900184463,0.07281509974058503,0.938328530259366,0.13514298758975637
0.32282184239076933,0.07282812919388029,0.938328530259366,0.13516542820374444
0.3229166297738534,0.07295541115841363,0.938328530259366,0.13538461538461538
0.322963378253689,0.07295868064891996,0.938328530259366,0.13539024491662854
0.3230642204850719,0.07298157529026762,0.938328530259366,0.1354296647533483
0.3231434556219563,0.07300448430493274,0.938328530259366,0.13546910755148742
0.323162312671278,0.07301430685742477,0.938328530259366,0.13548601864181092
0.3232494040709199,0.07302085669432608,0.938328530259366,0.13549729504785685
0.323295492984564,0.07303068365332854,0.938328530259366,0.1355142131768427
0.32337826942806003,0.07298909873940156,0.9377521613832853,0.13543661033879964
0.3236085499968102,0.07300875028045771,0.9377521613832853,0.13547044129891755
0.3236260521120071,0.07297370074499596,0.9371757925072046,0.13540408877045426
0.32363037739347406,0.07299007945414553,0.9371757925072046,0.13543228385807093
0.3236397230018306,0.07300318771606878,0.9371757925072046,0.13545484838387206
0.3238029631965853,0.07301630068705375,0.9371757925072046,0.13547742042992836
0.3238152098126198,0.07303597897857432,0.9371757925072046,0.1355112926077173
0.32389549291709147,0.07304582210242587,0.9371757925072046,0.13552823504896852
0.3240378875090123,0.07304910373332135,0.9371757925072046,0.13553388347086773
0.3240446604995816,0.07300745799263186,0.9365994236311239,0.13545617471762597
0.3242127997921453,0.0730205805697852,0.9365994236311239,0.13547876109883697
0.32424457887976965,0.07302386195119759,0.9365994236311239,0.13548440887110222
0.3242476928007283,0.07302714362753909,0.9365994236311239,0.13549005711427023
0.3243172994674044,0.07305340766049272,0.9365994236311239,0.13553526001918345
0.3243247068525305,0.07305997662080749,0.9365994236311239,0.13554656545856447
0.32443141125142627,0.07306654676258993,0.9365994236311239,0.13555787278415016
0.3245305865709189,0.07306983227663115,0.9365994236311239,0.1355635271544173
0.32458473728406745,0.07307311808615882,0.9365994236311239,0.13556918199641263
0.3246205509825625,0.07307640419121285,0.9365994236311239,0.13557483731019526
0.3246827302652822,0.07307969059183306,0.9365994236311239,0.1355804930958241
0.3247411382492217,0.07308955156748977,0.9365994236311239,0.13559746328437916
0.324961571850152,0.07309283915077366,0.9365994236311239,0.13560312095798388
0.32496286748159825,0.07312573125731257,0.9365994236311239,0.13565972367157825
0.32498670487329634,0.07316194678312547,0.9365994236311239,0.13572204125950055
0.32501000820076464,0.0731685352784907,0.9365994236311239,0.135733377881724
0.32507851679738264,0.07317182997118156,0.9365994236311239,0.1357390469030614
0.3250979593304376,0.07317512496059801,0.9365994236311239,0.13574471639796173
0.3251478805747706,0.07318171582976807,0.9365994236311239,0.13575605680868838
0.32517928156378256,0.07322788517867604,0.9365994236311239,0.1358354927693722
0.3251947908408505,0.07323778619073373,0.9365994236311239,0.13585252685699956
0.32519838234436466,0.07320591417237649,0.9360230547550432,0.13579163008486977
0.325219643891618,0.07322571918117053,0.9360230547550432,0.13582570150127546
0.32531523826411396,0.07322902105785273,0.9360230547550432,0.13583138173302106
0.32532156378720256,0.07326536136425156,0.9360230547550432,0.13589389565290155
0.32535330625939257,0.0732719725681285,0.9360230547550432,0.1359052680028453
0.325545225957188,0.07324337740872783,0.9354466858789625,0.13585000418515109
0.325577900867615,0.0732532948185593,0.9354466858789625,0.13586706291071948
0.32562161630713343,0.07325660121868653,0.9354466858789625,0.1358727501046463
0.3257165084682203,0.0732698298045235,0.9354466858789625,0.13589550364230094
0.32578256947057693,0.07327644588920493,0.9354466858789625,0.13590688326913414
0.32592627766843546,0.07332850809734913,0.9342939481268011,0.13598422884946101
0.3259801468321799,0.07337829885473722,0.9342939481268011,0.1360698396709477
0.32621057469178244,0.0733849427316764,0.9342939481268011,0.13608126259234385
0.32633923576220103,0.07339158781183501,0.9342939481268011,0.13609268743178574
0.3263417037814531,0.07340155768882449,0.9342939481268011,0.13610982828834123
0.3263572216371149,0.07337288826486707,0.9337175792507204,0.1360544217687075
0.3263651385640441,0.07338285921362565,0.9337175792507204,0.13607156356305908
0.3263975257983643,0.07339948348511621,0.9337175792507204,0.13610014282113753
0.3264856773430724,0.07342942616263258,0.9337175792507204,0.13615161574988444
0.3266163910076157,0.07343275463487603,0.9337175792507204,0.1361573373676248
0.3266216503092949,0.07344274186236287,0.9337175792507204,0.13617450510654394
0.3266267610938209,0.07340406238665216,0.9331412103746398,0.13610188726829472
0.32682371920715797,0.07340739061437315,0.9331412103746398,0.13610760823875578
0.3268316138522015,0.07341404797533216,0.9331412103746398,0.1361190516226669
0.32691025528347695,0.07341737710865227,0.9331412103746398,0.1361247740362383
0.3270094824565913,0.07342070654392091,0.9331412103746398,0.13613049693096782
0.3270586271334416,0.07342403628117913,0.9331412103746398,0.13613622030691608
0.3271062096613651,0.07343069666182873,0.9331412103746398,0.136147668502712
0.32710931796874343,0.07343402730530231,0.9331412103746398,0.136153393322681
0.32711144999357955,0.07346735036529473,0.9331412103746398,0.13621066801278817
0.3271232422366467,0.07347401860676198,0.9331412103746398,0.13622212873369793
0.3272547233716246,0.07347735318144685,0.9331412103746398,0.1362278598174092
0.32736270436954396,0.07348068805882085,0.9331412103746398,0.13623359138337257
0.32739485521084466,0.0734840232389252,0.9331412103746398,0.1362393234316489
0.32742124687807483,0.0734873587218011,0.9331412103746398,0.13624505596229908
0.3274387092687574,0.07349069450748978,0.9331412103746398,0.13625078897538398
0.32760523306166806,0.07350070368184501,0.9331412103746398,0.13626799090985606
0.3276549961817238,0.07350737797956867,0.9331412103746398,0.1362794612794613
0.3276867912051631,0.07351071558300036,0.9331412103746398,0.13628519718843385
0.32779853601085696,0.07351405348953367,0.9331412103746398,0.1362909335802677
0.3278852076303743,0.07352740814750897,0.9331412103746398,0.13631388397743538
0.32801000639177197,0.07354076765841472,0.9331412103746398,0.13633684210526317
0.32801376418678335,0.07364446870451237,0.9331412103746398,0.1365150301446098
0.3281077204344549,0.07366792555853847,0.9331412103746398,0.136555330634278
0.32818678873398693,0.0736712777575537,0.9331412103746398,0.13656108978954914
0.3282084797032108,0.07367798307090198,0.9331412103746398,0.136572609557552
0.3282620108280509,0.07368468960495175,0.9331412103746398,0.13658413126924537
0.3282694696579328,0.07369139736003641,0.9331412103746398,0.13659565492512124
0.32827624992739207,0.07369475169557103,0.9331412103746398,0.13660141748228147
0.3283611943519512,0.0737081720919645,0.9331412103746398,0.1366244725738397
0.3284770306368996,0.07373166955096093,0.9331412103746398,0.13666483771578103
0.3284774290106005,0.07373502755385526,0.9331412103746398,0.1366706061117677
0.3285749525214359,0.07374846262469822,0.9331412103746398,0.13669368456602501
0.32858875502365836,0.07376862441335946,0.9331412103746398,0.13672831686512965
0.3285936511110997,0.07379888777463761,0.9331412103746398,0.1367802982300511
0.32865340057076925,0.07380225190317728,0.9331412103746398,0.13678607637715445
0.32866420563903076,0.073808981080465,0.9331412103746398,0.13679763413603716
0.32879113182228403,0.07381234612929698,0.9331412103746398,0.13680341374794036
0.3288277577054634,0.07377011808690101,0.9325648414985591,0.1367246915666723
0.32887641756675745,0.07356636965958419,0.9279538904899135,0.1363251481795089
0.3288991154122809,0.07362159688858384,0.9273775216138328,0.13641373463331918
0.32893404101275386,0.0736249656813398,0.9273775216138328,0.13641951757174955
0.3289517086780856,0.07363170419183598,0.9273775216138328,0.13643108491965913
0.32895643036373684,0.07363844393592678,0.9273775216138328,0.13644265422938312
0.3290661881887005,0.07365192712624737,0.9273775216138328,0.13646579873627074
0.32906732714328724,0.07365529869535363,0.9273775216138328,0.1364715860899067
0.3290830808666577,0.07362974495169193,0.9268011527377522,0.13642148129294987
0.3291709605181741,0.07366347519354986,0.9268011527377522,0.13647937531828214
0.3292567749707861,0.0736210371999267,0.9262247838616715,0.13640028858804057
0.3293313078502798,0.07362778337762302,0.9262247838616715,0.1364118670684606
0.3293650625864051,0.07363115693012601,0.9262247838616715,0.1364176570458404
0.3294938254745333,0.07363790496265409,0.9262247838616715,0.13642923847525257
0.32949846086984197,0.07364127944276418,0.9262247838616715,0.1364350299274101
0.3296438932145593,0.07364465423216168,0.9262247838616715,0.13644082187128545
0.32964736988696713,0.07375958140175334,0.9262247838616715,0.13663804098290963
0.32965213768620205,0.07376635299518017,0.9262247838616715,0.13664965986394556
0.32971892169686856,0.07377312583207088,0.9262247838616715,0.13666128072114975
0.32977670731044595,0.07377651271692223,0.9262247838616715,0.13666709189097248
0.3298999916961202,0.07377989991276801,0.9262247838616715,0.13667290355502637
0.3299385950469581,0.07379006336670034,0.9262247838616715,0.13669034151320544
0.3300298802595401,0.07384092266691174,0.9262247838616715,0.1367775980934548
0.3300675717145837,0.07385110294117647,0.9262247838616715,0.13679506277931477
0.33020524801959816,0.07386807630429787,0.9262247838616715,0.13682418050234144
0.33021431158860104,0.07388166061330513,0.9262247838616715,0.1368474836072554
0.3302348410736888,0.0738492665655033,0.9256484149855908,0.13678562303040628
0.3303528658646563,0.07385266255863147,0.9256484149855908,0.1367914484050935
0.33046844165416145,0.07385605886410669,0.9256484149855908,0.13679727427597957
0.3304727932370694,0.07385945548197204,0.9256484149855908,0.1368031006431279
0.330528955559024,0.07386964721033991,0.9256484149855908,0.13682058272278072
0.3306511953045045,0.07387304507819688,0.9256484149855908,0.13682641107561236
0.33070119658161296,0.07388663967611336,0.9256484149855908,0.13684972945336799
0.3307076000034055,0.07389003910743042,0.9256484149855908,0.13685556028973156
0.3307180493786066,0.07389343885156897,0.9256484149855908,0.13686139162299205
0.3307309507172349,0.07385082593291308,0.9250720461095101,0.13678200102266916
0.33084344991408254,0.07385762275090885,0.9250720461095101,0.1367936589107645
0.3308731138704629,0.07387802071346375,0.9250720461095101,0.13682864450127877
0.3308901372552006,0.07388142146934266,0.9250720461095101,0.13683447717294003
0.33109613722004577,0.07388822392044932,0.9250720461095101,0.13684614400818518
0.331203166740768,0.07402279754487978,0.9244956772334294,0.137070586224577
0.3312121864125385,0.07402621377146022,0.9244956772334294,0.1370764431910439
0.331275284141357,0.0740296303133798,0.9244956772334294,0.1370823006580634
0.33141102617485607,0.07403304717068218,0.9244956772334294,0.13708815862569979
0.3314636629630868,0.0740638130858383,0.9244956772334294,0.13714090287277703
0.33148994925099523,0.07406723309937199,0.9244956772334294,0.13714676585011326
0.3315804674854443,0.07407065342876934,0.9244956772334294,0.13715262932877298
0.3316076941712028,0.07407407407407407,0.9244956772334294,0.13715849330882038
0.3316380709071234,0.07407749503532998,0.9244956772334294,0.13716435779031982
0.3316582423208027,0.07408091631258082,0.9244956772334294,0.1371702227733356
0.33185575469759493,0.07408433790587039,0.9244956772334294,0.13717608825793207
0.3318898584574602,0.07411172203483805,0.9244956772334294,0.1372230301993327
0.331982833027751,0.07414598067766838,0.9244956772334294,0.1372817528243752
0.3320439025491598,0.07414940828402367,0.9244956772334294,0.13728762785124318
0.33204863765775533,0.07415283620729508,0.9244956772334294,0.1372935033809809
0.33208564590877193,0.07412373994266161,0.9239193083573487,0.1372372758015496
0.33208798096940556,0.07413059563448021,0.9239193083573487,0.13724902607132156
0.3321698114371643,0.07413402395597281,0.9239193083573487,0.13725490196078433
0.33218282870672516,0.0741374525945796,0.9239193083573487,0.13726077835338443
0.3322102931882131,0.07409805735430157,0.923342939481268,0.1371868978805395
0.33224195378120563,0.07410491257285595,0.923342939481268,0.13719864685479383
0.3322533330625808,0.07411862681595262,0.923342939481268,0.1372221508415778
0.33228994775320575,0.07412205616989774,0.923342939481268,0.13722802809662496
0.33233539514473504,0.07412891582990144,0.923342939481268,0.1372397841171935
0.3323492336655817,0.07413577675968347,0.923342939481268,0.137251542152159
0.33236783447184204,0.07413920770085154,0.923342939481268,0.1372574219252024
0.33238929067130574,0.0742422838075818,0.923342939481268,0.1374340496718569
0.3324316415733489,0.07425949103045473,0.923342939481268,0.13746353183456325
0.3324361575365114,0.07426637615316861,0.923342939481268,0.1374753282416545
0.33261636506304676,0.07427326255273772,0.923342939481268,0.13748712667353244
0.33263052683779626,0.074276706231454,0.923342939481268,0.13749302664892932
0.3326410697236718,0.07428015022951732,0.923342939481268,0.13749892713071843
0.33270570796842863,0.07429392941612949,0.923342939481268,0.1375225341231007
0.3327172233931026,0.07429737501159447,0.923342939481268,0.1375284371378289
0.3327229134746108,0.07430082092667316,0.923342939481268,0.13753434065934064
0.3327247096373442,0.07430426716141002,0.923342939481268,0.1375402446877012
0.332889724223943,0.07431116059003619,0.923342939481268,0.13755205426522993
0.3329081356107762,0.07431460778401447,0.923342939481268,0.1375579598145286
0.3329202028148873,0.07430613570964448,0.9227665706051873,0.13753704737768996
0.3329383408958012,0.0743095845903922,0.9227665706051873,0.1375429553264605
0.33294577466873665,0.07431648331244488,0.9227665706051873,0.13755477274679956
0.3329913924296201,0.07432683379758588,0.9227665706051873,0.13757250268528465
0.33311397602708154,0.07435099614545117,0.9227665706051873,0.13761389032147156
0.33318100688025365,0.07435444919190043,0.9227665706051873,0.13761980487385567
0.33326508275668826,0.07435790255910082,0.9227665706051873,0.1376257199346686
0.33327364246305646,0.07436135624709707,0.9227665706051873,0.13763163550397592
0.3333321052174584,0.07437171923630789,0.9227665706051873,0.1376493852635199
0.33335001944986736,0.07437862950058072,0.9227665706051873,0.13766122098022357
0.3333773556650663,0.07438208511429102,0.9227665706051873,0.13766713960187454
0.33340299717400024,0.07438554104911026,0.9227665706051873,0.13767305873247918
0.3334184323368051,0.07438899730508317,0.9227665706051873,0.137678978372103
0.3334292685170554,0.07437363454655324,0.9221902017291066,0.13764624913971094
0.3334405594847436,0.07438400743840075,0.9221902017291066,0.1376640137664014
0.33358464453665965,0.07438746571202752,0.9221902017291066,0.13766993632765445
0.3336781651897403,0.07439092430723451,0.9221902017291066,0.13767585939852858
0.33381656235025386,0.07450870820527149,0.9221902017291066,0.13787754750312378
0.3338708397050882,0.07451911881142005,0.9221902017291066,0.13789537188658105
0.3339531999637546,0.07452953232718465,0.9221902017291066,0.13791320087919665
0.33403831001589573,0.07453647628808348,0.9221902017291066,0.13792508943580017
0.33404989803482255,0.07454689465591949,0.9221902017291066,0.1379429261143202
0.334071300925915,0.07455036809244246,0.9221902017291066,0.13794887269905592
0.33408100155075465,0.07456631225517628,0.9216138328530259,0.13796971396522714
0.3340817923735404,0.0745697896749522,0.9216138328530259,0.13797566658037794
0.334091145736538,0.07457326741908404,0.9216138328530259,0.13798161970919448
0.3341433617269017,0.07458718164007837,0.9216138328530259,0.1380054373624477
0.3341943242145458,0.07459066100667071,0.9216138328530259,0.13801139306059035
0.334235149420169,0.0745941406978914,0.9216138328530259,0.1380173492727979
0.3342552559800282,0.07459762071378587,0.9216138328530259,0.1380233059991368
0.3342617386746358,0.07460110105439956,0.9216138328530259,0.1380292632396737
0.3342831754328231,0.07460806270996641,0.9216138328530259,0.1380411792636077
0.33433342622958423,0.0746115440250105,0.9216138328530259,0.13804713804713803
0.3343359006393878,0.07461502566495568,0.9216138328530259,0.13805309734513277
0.33436053300982366,0.07470082273747196,0.9210374639769452,0.13819345353915338
0.33436392357022054,0.0747043148987892,0.9210374639769452,0.13819942921387182
0.33457038766110897,0.07471479334206096,0.9210374639769452,0.13821735933918608
0.3345723831727035,0.07472527472527472,0.9210374639769452,0.13823529411764707
0.3346024490799097,0.07469947144394032,0.9204610951008646,0.13818464999567362
0.33462387692405626,0.07470646021424895,0.9204610951008646,0.13819660782277604
0.3346389826224685,0.07471345029239766,0.9204610951008646,0.13820856771960194
0.33467804160550996,0.07471694582202676,0.9204610951008646,0.13821454844432904
0.3347703118537965,0.07472393786262399,0.9204610951008646,0.13822651144674775
0.3348183848756177,0.07472743437368397,0.9204610951008646,0.1382324937245737
0.33482372108859976,0.0747309312119794,0.9204610951008646,0.13823847652023372
0.334936357596674,0.07469811850603764,0.9198847262247839,0.13817583654387255
0.33496680307548954,0.07470511140235911,0.9198847262247839,0.13818780033767694
0.33516829615650623,0.07470860834152507,0.9198847262247839,0.13819378301151616
0.33528072205383147,0.07472609794924619,0.9198847262247839,0.13822370415277357
0.3352857893248089,0.07472959685349066,0.9198847262247839,0.13822968993590853
0.33528864388412494,0.07473309608540925,0.9198847262247839,0.13823567623749514
0.3353737397065988,0.074736595645048,0.9198847262247839,0.1382416630576007
0.3353970679333226,0.07470376094796496,0.9193083573487032,0.13817898293337952
0.3353996611371442,0.07471775893568183,0.9193083573487032,0.13820292868902173
0.3354419590344345,0.07472475989693136,0.9193083573487032,0.13821490467937608
0.3354517476497683,0.07472826086956522,0.9193083573487032,0.13822089345292257
0.3354694440154536,0.07469890810253527,0.9187319884726225,0.13816416746121177
0.3356993522234198,0.07471291305366769,0.9187319884726225,0.13818812310359774
0.3358752661928056,0.07471641511202774,0.9187319884726225,0.1381941133122372
0.3360270336588578,0.07471991749871092,0.9187319884726225,0.1382001040402289
0.3360472104993696,0.07480056311590802,0.9187319884726225,0.13833803428075503
0.3361264741156156,0.07481811781272002,0.9187319884726225,0.13836805555555556
0.33618600943161314,0.07482162974089372,0.9187319884726225,0.1383740613741916
0.3363038090701861,0.07487434825496736,0.9187319884726225,0.13846421125781794
0.3363389919411087,0.07488138300371118,0.9187319884726225,0.13847624011814785
0.33634834987493817,0.07488841907446558,0.9187319884726225,0.13848827106863595
0.33635969176496444,0.07489193760571321,0.9187319884726225,0.13849428732785957
0.3365326289951381,0.07489545646760325,0.9187319884726225,0.1385003041098271
0.33653958325261796,0.07490601503759399,0.9187319884726225,0.13851835759287423
0.33654389366552356,0.07491657658504489,0.9187319884726225,0.1385364157830697
0.336549180750532,0.07510719502426613,0.9187319884726225,0.13886227023259867
0.33657471900726366,0.07511427359690873,0.9187319884726225,0.13887436835685663
0.3366051216963312,0.07511781338360038,0.9187319884726225,0.13888041820954042
0.3366515811303898,0.07512135350393516,0.9187319884726225,0.13888646858935264
0.33669110813840764,0.07512489395796022,0.9187319884726225,0.13889251949636214
0.336695367020509,0.07513197586726998,0.9187319884726225,0.1389046228922487
0.3367929450741974,0.07513551732264907,0.9187319884726225,0.13891067538126362
0.33679604174111805,0.07516031686156167,0.9187319884726225,0.13895305757747461
0.33685628808029716,0.07516386098929599,0.9187319884726225,0.13895911428820504
0.33689999108127466,0.07516740545128738,0.9187319884726225,0.13896517152696045
0.33702740529697517,0.07517095024758312,0.9187319884726225,0.13897122929380992
0.33703017074431335,0.0751780408432769,0.9187319884726225,0.1389833464120673
0.3370888399924306,0.07519222604839851,0.9187319884726225,0.13900758698875032
0.3370950556820194,0.07519577318614963,0.9187319884726225,0.13901364845419262
0.33710439531793973,0.07519932065858376,0.9187319884726225,0.13901971044828187
0.3371245210719114,0.07520286846574825,0.9187319884726225,0.13902577297108717
0.3371306416921383,0.07521351389609778,0.9187319884726225,0.13904396371249128
0.3372407933405534,0.0752170630426576,0.9187319884726225,0.13905002835085267
0.3372493609752696,0.07530590069447725,0.9187319884726225,0.13920181643524582
0.337295054452105,0.0753272529653608,0.9187319884726225,0.13923829489867226
0.3373324981969371,0.07533081285444235,0.9187319884726225,0.13924437650141955
0.3373759359048056,0.07534149454081392,0.9187319884726225,0.13926262449764107
0.337524506680078,0.07534505577613916,0.9187319884726225,0.13926870822594034
0.33752954185571127,0.07534861734814464,0.9187319884726225,0.13927479248580166
0.33755013768467623,0.07531202723146747,0.9181556195965418,0.13920566260322453
0.33762451934997995,0.07531558791546498,0.9181556195965418,0.1392117451717207
0.3376783605541558,0.07532627198789484,0.9181556195965418,0.13922999606694925
0.337702932021134,0.07533339638702355,0.9181556195965418,0.13924216598924874
0.33771477182300463,0.0753476492290228,0.9181556195965418,0.13926651221751105
0.33777467066663786,0.07535834240030276,0.9181556195965418,0.139284777476611
0.33778831440581397,0.0753619074652285,0.9181556195965418,0.13929086696104578
0.33789521052936783,0.07545738932600246,0.9175792507204611,0.13944729120133142
0.3379625797317343,0.07546096601412523,0.9175792507204611,0.13945339873861248
0.33802113838504766,0.07561867667315822,0.9175792507204611,0.13972266104967526
0.33809964805278714,0.07562586100422783,0.9175792507204611,0.13973492495391907
0.3381222993612382,0.07562945368171022,0.9175792507204611,0.13974105771340795
0.33825278026688066,0.07564742219054407,0.9175792507204611,0.13977172958735734
0.33828191102676813,0.07565101691693595,0.9175792507204611,0.13977786557794458
0.3384048414033692,0.0756618031462383,0.9175792507204611,0.13979627678257817
0.33844061959802146,0.0756214648985218,0.9170028818443804,0.13972073417054537
0.3385055700854024,0.07562865427579978,0.9170028818443804,0.1397330054452837
0.33854768830678805,0.0756322494770869,0.9170028818443804,0.13973914189100173
0.338561155036727,0.0756394409052011,0.9170028818443804,0.1397514163994905
0.33860268125003046,0.07564303713212571,0.9170028818443804,0.13975755446240337
0.3386694723386786,0.075646633701027,0.9170028818443804,0.13976369306452321
0.3386712691428401,0.07565382786495482,0.9170028818443804,0.13977597188666813
0.33867415183802907,0.07564224548049477,0.9164265129682997,0.13974950560316413
0.3386931938171324,0.075656642558051,0.9164265129682997,0.13977407586479715
0.33874117098592954,0.07566024268379729,0.9164265129682997,0.1397802197802198
0.33880182005980364,0.07566384315218426,0.9164265129682997,0.13978636423579058
0.33880562483905635,0.07567104511707595,0.9164265129682997,0.13979865476766165
0.33885681400283646,0.07569626279457273,0.9164265129682997,0.13984168865435356
0.3389096211075147,0.07569986669205865,0.9164265129682997,0.1398478385153261
0.3389416444733922,0.07570347093272389,0.9164265129682997,0.13985398891723105
0.3389970690625802,0.07570707551661747,0.9164265129682997,0.13986013986013984
0.33899861036284684,0.0757106804437884,0.9164265129682997,0.13986629134412387
0.3390113319593228,0.07573953222502738,0.9164265129682997,0.13991552270327348
0.3390437101233612,0.07574674860654566,0.9164265129682997,0.1399278359588137
0.33906017142736794,0.07575396636333318,0.9164265129682997,0.13994015138179897
0.3390731284661641,0.0757611854957831,0.9164265129682997,0.13995246897280167
0.3391350964660192,0.0757864632983794,0.9164265129682997,0.13999559762271624
0.33915822256146166,0.07579368862617981,0.9164265129682997,0.14000792497688547
0.3391887181750632,0.07579730180674071,0.9164265129682997,0.14001408946812255
0.3392359354907953,0.07581898812646035,0.9164265129682997,0.1400510878181978
0.33944748243279227,0.07577491654744874,0.915850144092219,0.13996916978639065
0.3394740538065034,0.07577853021126425,0.915850144092219,0.1399753347427766
0.3394831687621153,0.07578214421976345,0.915850144092219,0.13998150024225875
0.33954953323528686,0.07578575857299566,0.915850144092219,0.13998766628490883
0.3395599049726749,0.07578937327101021,0.915850144092219,0.13999383287079864
0.33957807306319027,0.07579952267303103,0.9152737752161383,0.1400044081992506
0.3396083773077964,0.07580675959518808,0.9152737752161383,0.1400167526341313
0.33961077954715874,0.07581037857449754,0.9152737752161383,0.1400229256679305
0.339632709444989,0.07583572110792741,0.9152737752161383,0.1400661521499449
0.3396538558147421,0.07584296494412074,0.9152737752161383,0.14007850747585235
0.33967457073963003,0.07580244554833779,0.9146974063400576,0.14000264655286487
0.33968646315436746,0.07580968758956722,0.9146974063400576,0.1400149984560413
0.3397090098462179,0.07581330912912626,0.9146974063400576,0.14002117522498678
0.33971004067886423,0.07583142201834862,0.9146974063400576,0.14005206724617217
0.339721251687785,0.07580174927113703,0.914121037463977,0.13999470385735724
0.33976917369655657,0.07580537233534079,0.914121037463977,0.1400008827293993
0.3397823706073895,0.07581986805621953,0.914121037463977,0.14002560367280273
0.33989318219716375,0.0758307434855367,0.914121037463977,0.14004415011037527
0.3399619386995651,0.07583436932198527,0.914121037463977,0.14005033334805067
0.3399811342586054,0.07584162203519511,0.914121037463977,0.14006270146156227
0.33999900785500853,0.07584524891205585,0.914121037463977,0.14006888633754305
0.3400447588669291,0.07584887613582018,0.914121037463977,0.14007507175977038
0.34009038449031287,0.07586338850090883,0.914121037463977,0.1400998189125922
0.3402125406090592,0.07587064676616916,0.914121037463977,0.1401121957683643
0.3402528963443244,0.07587427641965268,0.914121037463977,0.1401183850163442
0.3404093951392377,0.07588516746411483,0.914121037463977,0.14013695604152862
0.3404289278144377,0.07589242989759785,0.914121037463977,0.14014933946008043
0.34043605257123083,0.07589969372128637,0.914121037463977,0.14016172506738545
0.3406057303907312,0.0759069589355796,0.914121037463977,0.14017411286402404
0.3407981746489278,0.07594330588009959,0.914121037463977,0.14023608470754675
0.3408268428634636,0.07595057944641317,0.914121037463977,0.14024848565238537
0.3408309895328393,0.07595421675207126,0.914121037463977,0.14025468694729393
0.340831062886058,0.07596149240864027,0.914121037463977,0.14026709118245337
0.34091770116585235,0.0759651307596513,0.914121037463977,0.14027329412284967
0.3409792737845013,0.07596876945921349,0.914121037463977,0.1402794976118875
0.3410480132864159,0.07597604790419162,0.914121037463977,0.14029190623617865
0.3410498249965597,0.07598332774397547,0.914121037463977,0.14030431705590943
0.3412430217637316,0.07598696818704484,0.914121037463977,0.1403105232892467
0.34128620806089605,0.07600881817310458,0.914121037463977,0.14034777222246805
0.3414142819600267,0.07601246105919003,0.914121037463977,0.14035398230088497
0.34141838830830507,0.07601610429447853,0.914121037463977,0.14036019292889065
0.3415270833653782,0.07602339181286549,0.914121037463977,0.14037261583396027
0.34165013673343897,0.07603432571072438,0.914121037463977,0.14039125431530494
0.3417227561175942,0.07604161672340222,0.914121037463977,0.14040368271954673
0.3417413282673829,0.07604526275412352,0.914121037463977,0.14040989774689036
0.34177648657493626,0.07605620294442046,0.914121037463977,0.14042854613068884
0.34178773428126125,0.07606714628297362,0.914121037463977,0.1404471994686739
0.3418847281756407,0.07607444359171144,0.914121037463977,0.14045963778063145
0.3419578855407775,0.07607809277114214,0.914121037463977,0.14046585776281995
0.34195914794363563,0.0760963439209289,0.914121037463977,0.14049696593878727
0.34196542914121086,0.07609999520176575,0.914121037463977,0.14050318922749822
0.3419840948804217,0.07611460382972597,0.914121037463977,0.14052808789650895
0.3420295748706578,0.07612191024718022,0.914121037463977,0.14054054054054055
0.3420474033317067,0.07621702148108991,0.914121037463977,0.1407026259758694
0.3421072911818911,0.0762353393578158,0.914121037463977,0.1407338391232974
0.3421370938840868,0.07625733243581113,0.914121037463977,0.1407713131851063
0.34216274885575093,0.07626099918257441,0.914121037463977,0.14077756080241433
0.3421841239357017,0.0762646662819773,0.914121037463977,0.14078380897430207
0.3422478534716664,0.07626833373407069,0.914121037463977,0.14079005770084332
0.3422629517471761,0.0762793382070027,0.914121037463977,0.14080880720912684
0.3422656013017894,0.07628300707036699,0.914121037463977,0.14081505815502088
0.342299874645764,0.07628667628667629,0.914121037463977,0.14082130965593787
0.34230944948982295,0.0763050276641809,0.914121037463977,0.1408525754884547
0.3423361606884719,0.07632706097502286,0.914121037463977,0.14089011281869057
0.34248704816760267,0.07637116579188136,0.914121037463977,0.14096524753355258
0.34252075978887864,0.07638219996147178,0.914121037463977,0.14098404373527712
0.34252276990790065,0.07641900356557772,0.914121037463977,0.14104673395882433
0.34254391749258445,0.07642268587674071,0.914121037463977,0.14105300604766985
0.3425500360504136,0.07643005156378006,0.914121037463977,0.14106555189895936
0.34255352192865807,0.07643741867077931,0.914121037463977,0.14107809998220958
0.34256587469467176,0.07644110275689223,0.914121037463977,0.14108437486100608
0.34260977637255213,0.07644847199460136,0.914121037463977,0.14109692629331436
0.34263761174278573,0.07645215714630031,0.914121037463977,0.14110320284697508
0.3426454547964306,0.07645584265329734,0.914121037463977,0.14110947995907294
0.3426645708553241,0.07645952851564383,0.914121037463977,0.14111575762968237
0.3426892845426486,0.07646321473339118,0.914121037463977,0.14112203585887795
0.3427145665123612,0.07646690130659081,0.914121037463977,0.14112831464673428
0.34274743904384225,0.07647427551955253,0.914121037463977,0.1411408738987274
0.3428129782624398,0.07648165115494045,0.914121037463977,0.14115343538625846
0.3428312669023191,0.07648533950617284,0.914121037463977,0.1411597169685372
0.3429041869424702,0.0765037865997781,0.914121037463977,0.1411911332680495
0.3429535996963242,0.0765074770863483,0.914121037463977,0.14119741820609838
0.3429613312032166,0.07651116792898838,0.914121037463977,0.14120370370370372
0.3429708871255783,0.0765148591277499,0.914121037463977,0.14120998976094018
0.3429824432347143,0.07652224259384348,0.914121037463977,0.14122256355460575
0.34303764129685277,0.0765296274850415,0.914121037463977,0.1412351395876931
0.3430400072698415,0.07655179071338933,0.914121037463977,0.14127288112947045
0.3431851599144557,0.07655918130913304,0.914121037463977,0.14128546612623047
0.34331874443206184,0.07656657333204596,0.914121037463977,0.14129805336540602
0.34338343515338904,0.07657026987882007,0.914121037463977,0.14130434782608697
0.3435781040978097,0.07657766404326204,0.914121037463977,0.1413169384300098
0.34373992338368126,0.07658136166103331,0.914121037463977,0.14132323457340162
0.34374269576540734,0.0765887579679351,0.914121037463977,0.1413358285434211
0.34377698803558376,0.07659245665716907,0.914121037463977,0.14134212637019875
0.34379162163282884,0.07659615570366078,0.914121037463977,0.141348424758255
0.34379658188977863,0.07660725498719992,0.914121037463977,0.1413673232908459
0.3439214568818177,0.0766183574879227,0.914121037463977,0.14138622687764654
0.3439738568260786,0.07663316582914573,0.914121037463977,0.14141143952565646
0.34399702919032893,0.0766405721465159,0.914121037463977,0.1414240492219894
0.3440175280873104,0.07666279969064192,0.914121037463977,0.14146189180751906
0.3440503309672442,0.07668504013151532,0.914121037463977,0.14149975465048845
0.3440678819586094,0.0767072934803637,0.914121037463977,0.14153763776716793
0.3441453460355743,0.07672213622291021,0.914121037463977,0.1415629044495024
0.3441514280841392,0.07672955974842767,0.914121037463977,0.1415755411738451
0.3441980983115528,0.07673327204992984,0.914121037463977,0.1415818603820746
0.3442199587442915,0.07673698471066383,0.914121037463977,0.1415881801544436
0.34430218587720873,0.07674069773068176,0.914121037463977,0.1415945004910276
0.3443318989552901,0.07674441111003581,0.914121037463977,0.14160082139190217
0.3443833588649584,0.0767518389469609,0.914121037463977,0.1416134648868253
0.3443964092053371,0.07676298339867382,0.914121037463977,0.14163243436327913
0.3444206337543589,0.07679271776497361,0.914121037463977,0.1416830444881186
0.3444696061581546,0.07680387409200969,0.914121037463977,0.14170203261112352
0.3444997738862692,0.07683736253088513,0.914121037463977,0.1417590275294959
0.34450446629179404,0.07684108527131783,0.914121037463977,0.1417653631284916
0.34452104331805006,0.07684480837249867,0.914121037463977,0.1417716992938232
0.3445480861650255,0.07684853183448008,0.914121037463977,0.14177803602556652
0.34458774016290233,0.07685225565731453,0.914121037463977,0.1417843733237976
0.34458819146992553,0.07685970438575236,0.914121037463977,0.14179704962002682
0.34464070339700276,0.07686715455823195,0.914121037463977,0.14180972818311874
0.34468435315912654,0.07687460617517328,0.914121037463977,0.14182240901368148
0.34469136371768927,0.07687833252544837,0.914121037463977,0.1418287502794545
0.34469586638682376,0.07688205923699647,0.914121037463977,0.1418350921123234
0.3447380866808677,0.07688578630987009,0.914121037463977,0.14184143451236417
0.3448022568600249,0.0768969696969697,0.914121037463977,0.1418604651162791
0.3448712429547118,0.07690815633789157,0.914121037463977,0.14187950082748133
0.34491432168901837,0.07691934623405597,0.914121037463977,0.1418985416480272
0.34495677563637633,0.07697160883280757,0.914121037463977,0.14198746642793195
0.3449848630580404,0.07697534459328285,0.914121037463977,0.14199382246295716
0.3449989239745113,0.07697908071640053,0.914121037463977,0.14200017906706064
0.3450159705889192,0.07699029126213593,0.914121037463977,0.14201925229460488
0.34511432414353427,0.07697911607576494,0.9135446685878963,0.14199328107502798
0.3451150441063563,0.07699407364228116,0.9135446685878963,0.14201872675955377
0.34513828924842455,0.07700529563231794,0.9135446685878963,0.14203781700869253
0.3451403147527481,0.07701652089407192,0.9135446685878963,0.14205691239076854
0.34515653690054143,0.0770277494289741,0.9135446685878963,0.14207601290785227
0.34531674255775174,0.0770314930015552,0.9135446685878963,0.14208238088835104
0.3453349172453199,0.07703523693803159,0.9135446685878963,0.1420887494397131
0.34546100476237185,0.07704272590288241,0.9135446685878963,0.1421014882553344
0.3455072882834773,0.07704647093136302,0.9135446685878963,0.14210785851974717
0.34554351974453845,0.07705396208070005,0.9135446685878963,0.14212060076216093
0.3455707945968276,0.0770577082016627,0.9135446685878963,0.14212697274031563
0.3457288812631028,0.07706520153644188,0.9135446685878963,0.14213971841090486
0.3457361461268842,0.07706894875036469,0.9135446685878963,0.14214609210349313
0.34590568189998044,0.07708019257890386,0.9135446685878963,0.14216521661135528
0.3459282865688424,0.07708769028743738,0.9135446685878963,0.14217796914244707
0.3459753810619828,0.07709143968871596,0.9135446685878963,0.14218434626597892
0.34600592737443814,0.07711019216735587,0.9135446685878963,0.14221624046657694
0.34601020864663357,0.077113943757906,0.9135446685878963,0.1422226210238234
0.3460336968794681,0.0771252007201596,0.9135446685878963,0.14224176613120346
0.34605112704258295,0.0770392749244713,0.9112391930835735,0.14206766410567462
0.34605153133982103,0.07706556178406045,0.9112391930835735,0.1421123595505618
0.34620957665354996,0.0770805909024426,0.9112391930835735,0.14213791243369595
0.3462197866205254,0.07708810766005168,0.9112391930835735,0.14215069232152489
0.34624206691429565,0.07709186658864833,0.9112391930835735,0.14215708312727598
0.346272962805295,0.07709562588384454,0.9112391930835735,0.14216347450768815
0.3463013449251403,0.07710690596956692,0.9112391930835735,0.14218265209766626
0.34637616201342375,0.07711442786069651,0.9112391930835735,0.14219544003237847
0.3463762218941282,0.07710325980870583,0.9106628242074928,0.14216943357178205
0.346440343380335,0.07713337238820543,0.9106628242074928,0.14222062199018856
0.34644850476519795,0.077137138114534,0.9106628242074928,0.14222702313439553
0.346450322422152,0.07718612603810454,0.9106628242074928,0.1423102904751182
0.34664724838950645,0.0771936681649404,0.9106628242074928,0.1423231094897086
0.346648737082402,0.07724272793937913,0.9106628242074928,0.14240648940964398
0.346683235032138,0.0772805086818293,0.9106628242074928,0.1424706943192065
0.346688233930413,0.0774016558075736,0.9106628242074928,0.14267653964240565
0.34668854326362036,0.07740924011562393,0.9106628242074928,0.14268942472681298
0.34671193599556427,0.07741303282704556,0.9106628242074928,0.14269586814179275
0.3467629607744451,0.07741682591013768,0.9106628242074928,0.1427023121387283
0.3468128302043231,0.07742061936495492,0.9106628242074928,0.14270875671769861
0.34684797232906983,0.0774471839615705,0.9106628242074928,0.14275388507408746
0.3468707327405208,0.07745477719496054,0.9106628242074928,0.14276678413300803
0.3469533340455687,0.07745857437003628,0.9106628242074928,0.14277323453666474
0.346968059594783,0.07747376679415514,0.9106628242074928,0.14279904198111076
0.34700134324249043,0.077485165023785,0.9106628242074928,0.1428184036879689
0.34700725951290756,0.07749276570699887,0.9106628242074928,0.14283131440969082
0.34704901683993644,0.07750416952810753,0.9106628242074928,0.14285068486958094
0.3470521929411533,0.07757647174350665,0.9106628242074928,0.14297348656230205
0.3470570545116828,0.0775802808602573,0.9106628242074928,0.14297995565811505
0.34707378343541634,0.07768375479681197,0.9100864553314121,0.14314854267712251
0.34712916826960294,0.07769522216208237,0.9100864553314121,0.14316801160576662
0.34713941383570596,0.07769904536955025,0.9100864553314121,0.14317450242553387
0.34716326469896447,0.07770669291338583,0.9100864553314121,0.14318748583087734
0.34720072393751394,0.07772199251821224,0.9100864553314121,0.14321345970704275
0.3472924206197048,0.07772964458009254,0.9100864553314121,0.14322645017914643
0.34733898085817133,0.07773347117609412,0.9100864553314121,0.14323294629898403
0.3473836754641907,0.07774112549849835,0.9100864553314121,0.1432459403066316
0.34739126863502673,0.0777449532250123,0.9100864553314121,0.14325243819460196
0.3475337306325057,0.07775260980894229,0.9100864553314121,0.14326543573923695
0.34754747257807933,0.07777175786829532,0.9100864553314121,0.143297939921953
0.3475814067672846,0.07777941973301808,0.9100864553314121,0.14331094572517697
0.347613245020029,0.07778325123152709,0.9100864553314121,0.14331744951213976
0.34771143293035167,0.07778708310754225,0.9100864553314121,0.1433239538894436
0.34772126637154094,0.0778221630418701,0.9095100864553314,0.1433763401780847
0.34773407719574007,0.07782600118366542,0.9095100864553314,0.14338285402753168
0.34777971298263716,0.07783751788092537,0.9095100864553314,0.14340239912758995
0.3477957049527062,0.07784135753749014,0.9095100864553314,0.1434089153451175
0.34788217715398034,0.07784519757288738,0.9095100864553314,0.14341543215486688
0.34790321135999636,0.07780354235532093,0.9089337175792507,0.1433375749863661
0.34791527094268676,0.07780738109334912,0.9089337175792507,0.14334408944234875
0.3479341159321462,0.07781889958055761,0.9089337175792507,0.14336363636363636
0.34798798671344355,0.0778227398341887,0.9089337175792507,0.1433701531887813
0.34803598193140817,0.07782658046686078,0.9089337175792507,0.1433766706064188
0.3480455328159116,0.07783042147862995,0.9089337175792507,0.14338318861662955
0.3481212646072919,0.07784578931780038,0.9089337175792507,0.14340926658482248
0.34815480911697255,0.07785731918044927,0.9089337175792507,0.14342883128694864
0.3481630459685846,0.07802437332804914,0.9077809798270894,0.14369782400437936
0.3481681636624541,0.07800574883536525,0.9072046109510087,0.1436590151964587
0.3481864221115986,0.07800961490806364,0.9072046109510087,0.14366557137641478
0.3481875288222448,0.07801348136399683,0.9072046109510087,0.1436721281548081
0.3482068713495308,0.07800644681378627,0.906628242074928,0.1436529680365297
0.34830517534071304,0.07796072207895259,0.9060518731988473,0.14356819946116264
0.34832336577226986,0.07796458860288648,0.9060518731988473,0.14357475568545075
0.3483750580545186,0.07797619047619048,0.9060518731988473,0.1435944279515871
0.34845315813735206,0.07798779580294686,0.9060518731988473,0.14361410560935498
0.3485570438514685,0.07801101682298645,0.9060518731988473,0.14365347710865392
0.34866223151518294,0.07803425167535369,0.9060518731988473,0.1436928702010969
0.34873380716693375,0.07804199970212977,0.9060518731988473,0.14370600603345826
0.3487518326183302,0.07805362462760675,0.9060518731988473,0.14372571428571426
0.34879494678366435,0.07805750037241174,0.9060518731988473,0.14373228490445278
0.34880246471471565,0.07806525301683469,0.9060518731988473,0.14374542794440384
0.3488644529720157,0.07807688487136187,0.9060518731988473,0.1437651470117518
0.3488726124705106,0.07808076292653852,0.9060518731988473,0.14377172123651
0.3489199852680376,0.07808464136697794,0.9060518731988473,0.14377829606256004
0.34898105185783723,0.07808852019273757,0.9060518731988473,0.14378487148998445
0.3490155162774841,0.07809627900044712,0.9060518731988473,0.1437980241492865
0.3490281821636853,0.07805435484672331,0.9054755043227666,0.1437196962766444
0.349051311717463,0.07806211180124224,0.9054755043227666,0.14373284537968894
0.34911128623242066,0.07806599085668853,0.9054755043227666,0.14373942083352395
0.3491673046379532,0.07806987029766933,0.9054755043227666,0.1437459968890109
0.34917009304641494,0.07809703718433088,0.9054755043227666,0.14379204613061186
0.34917407123977934,0.07807449400765826,0.9048991354466859,0.14374656656290055
0.34921939851829137,0.07808614343976922,0.9048991354466859,0.1437663110663431
0.3492200563644482,0.07813666451002836,0.9048991354466859,0.14385193329668317
0.3493277112437973,0.07814055345411108,0.9048991354466859,0.143858523846612
0.34936753176067864,0.07814444278532676,0.9048991354466859,0.14386511500045815
0.34939659784724025,0.0781483325037332,0.9048991354466859,0.14387170675830468
0.34941797726446977,0.07815222260938823,0.9048991354466859,0.14387829912023462
0.34944068787886756,0.07816778690565099,0.9048991354466859,0.14390467461044912
0.34944505498473927,0.07817167894841665,0.9048991354466859,0.14391126999404188
0.3494831592872354,0.07812577802121197,0.9043227665706052,0.1438261985516546
0.34964394272384036,0.07812966835972512,0.9043227665706052,0.14383279094284274
0.34965430641053136,0.07813355908570291,0.9043227665706052,0.14383938393839385
0.3496694079759701,0.07814523358900288,0.9043227665706052,0.14385916655205613
0.3496708223768437,0.07815301852958757,0.9043227665706052,0.14387235798450326
0.34967553600728996,0.07815691158156912,0.9043227665706052,0.143878954607978
0.3497825917774234,0.07816859306496612,0.9043227665706052,0.14389874810840556
0.3498103517385501,0.07817248766877584,0.9043227665706052,0.14390534715215994
0.3498260413290376,0.07818417380904923,0.9043227665706052,0.14392514791542446
0.34983210813520155,0.07818806996561518,0.9043227665706052,0.14393174938079073
0.3498644731189991,0.07820365847580123,0.9043227665706052,0.14395816129920178
0.34992004043326747,0.07816550348953141,0.9037463976945245,0.1438862124340445
0.34995898422519445,0.07817329743743145,0.9037463976945245,0.1438994172440692
0.35000063050272556,0.07810084285073064,0.9025936599423631,0.1437620490223079
0.3500440441765987,0.07810863384707467,0.9025936599423631,0.14377524788835844
0.35010421053263696,0.07811252992817239,0.9025936599423631,0.14378184823027132
0.3501278818156704,0.07808601935934538,0.9020172910662824,0.1437296229967397
0.35018719521282266,0.07808991567287062,0.9020172910662824,0.1437362233651727
0.35021774744721723,0.07811720075871019,0.9020172910662824,0.1437824429234232
0.3502759036641929,0.07812890020468274,0.9020172910662824,0.143802260406138
0.3503209547078826,0.0781367017824155,0.9020172910662824,0.14381547509648962
0.3503336243633005,0.07814060315558219,0.9020172910662824,0.143822083352479
0.35037063029107796,0.07814450491836021,0.9020172910662824,0.14382869221578898
0.3503929800404655,0.07815230961298376,0.9020172910662824,0.14384191176470587
0.3504370035724376,0.07815621254494606,0.9020172910662824,0.14384852245048024
0.3504815484867997,0.07818354398761053,0.9020172910662824,0.1438948142699522
0.3505366457153207,0.07814920301803828,0.9014409221902018,0.14382931763840354
0.3505434847695863,0.07817654703588924,0.9014409221902018,0.14387562669610415
0.35065754656826165,0.07819609019549023,0.9014409221902018,0.14390872285609127
0.35066945476398287,0.07821955488872218,0.9014409221902018,0.14394845835250805
0.3507445866817658,0.07822346704011203,0.9014409221902018,0.14395508306871
0.3507790266435547,0.078227379582854,0.9014409221902018,0.1439617083946981
0.3507951093950826,0.07825086306098965,0.9014409221902018,0.14400147316085077
0.3508082639479912,0.07825477834484139,0.9014409221902018,0.14400810275769993
0.35083844993204183,0.07825869402051538,0.9014409221902018,0.1440147329650092
0.3508577459018119,0.07816644147525396,0.9002881844380404,0.14384381618933603
0.35088359517307227,0.07817035331798619,0.9002881844380404,0.14385043974766312
0.3509281425492363,0.07817426555227466,0.9002881844380404,0.1438570639160066
0.350979698151369,0.07817817817817818,0.9002881844380404,0.14386368869445085
0.35103304527814333,0.07818600460506557,0.9002881844380404,0.14387694008197854
0.35111124942995936,0.07819383259911894,0.9002881844380404,0.14389019391092073
0.35113276191045995,0.07819774718397997,0.9002881844380404,0.1438968217411331
0.3512528638051995,0.07820166216080905,0.9002881844380404,0.14390345018195216
0.3513371540011248,0.07820949329060685,0.9002881844380404,0.14391670889574792
0.3513542777358523,0.07821340944369336,0.9002881844380404,0.14392333916889338
0.35135993696891016,0.07821732598898347,0.9002881844380404,0.14392997005298316
0.35136504401305685,0.07822516025641026,0.9002881844380404,0.1439432336543335
0.3513904603495674,0.0782290779786648,0.9002881844380404,0.143949866371763
0.3514014101484741,0.07823384954643411,0.8997118155619597,0.14395057174474363
0.35141053932298427,0.0782416921457571,0.8997118155619597,0.14396384764364104
0.3514232572168235,0.0782495363176099,0.8997118155619597,0.14397712599151447
0.35142496305395926,0.07825345899338279,0.8997118155619597,0.14398376608402896
0.35150523533849665,0.07826130552491728,0.8997118155619597,0.14399704810663716
0.3515164710193814,0.07835952010441243,0.8997118155619597,0.14416328038418916
0.35155773552837205,0.07836345381526104,0.8997118155619597,0.1441699376587393
0.35157284459084526,0.07836738792108038,0.8997118155619597,0.14417659554816661
0.3516254098821039,0.07833291488827517,0.899135446685879,0.14411085450346417
0.3516834499958518,0.0783368484483278,0.899135446685879,0.14411751120144117
0.3516930458939868,0.07834078240345503,0.899135446685879,0.14412416851441243
0.3517188594928176,0.07834471675371635,0.899135446685879,0.14413082644246314
0.3518561572940801,0.0783486514991713,0.899135446685879,0.14413748498567863
0.3518593373916456,0.07835258663987946,0.899135446685879,0.14414414414414414
0.3519342450563683,0.07835652217590035,0.899135446685879,0.1441508039179449
0.35194885934287834,0.07836045810729356,0.899135446685879,0.1441574643071663
0.3520197023149745,0.07838014369693011,0.899135446685879,0.14419077548756815
0.3520627472032103,0.07838408200180887,0.899135446685879,0.14419743957110503
0.3521276379481668,0.07833777197125773,0.8985590778097983,0.14411166574228138
0.3521390287914251,0.07834564550982462,0.8985590778097983,0.14412498844411575
0.3521396957988666,0.07834958287265052,0.8985590778097983,0.14413165071880923
0.3521591663693225,0.07835745878568556,0.8985590778097983,0.14414497711617585
0.3522673064818445,0.07836927562459156,0.8985590778097983,0.14416497133345665
0.3522729025823619,0.07837321536295998,0.8985590778097983,0.1441716373052203
0.35232048717468983,0.07838503695510081,0.8985590778097983,0.14419163891971884
0.3523719216302324,0.07840080462660297,0.8985590778097983,0.14421831637372803
0.3524958763607399,0.07841263454380847,0.8985590778097983,0.14423833094323912
0.3524997994706485,0.07841657864292541,0.8985590778097983,0.14424500370096227
0.35251741433835204,0.07842052313883299,0.8985590778097983,0.14425167707610453
0.3525211514489555,0.07842446803159113,0.8985590778097983,0.14425835106875176
0.35252136804842255,0.07843630509156772,0.8985590778097983,0.1442783767525797
0.35255909892430976,0.07844025157232705,0.8985590778097983,0.1442850532161037
0.3527283059772339,0.0784441984502365,0.8985590778097983,0.1442917302975612
0.3527612454297675,0.07844814572535601,0.8985590778097983,0.14429840799703814
0.35277855202926406,0.07845209339774557,0.8985590778097983,0.14430508631462025
0.35283831297698326,0.07845604146746515,0.8985590778097983,0.14431176525039344
0.3528707075841867,0.07846393879913433,0.8985590778097983,0.14432512497685612
0.35287149409775825,0.07847183772084361,0.8985590778097983,0.1443384871771132
0.35288007918075515,0.07847578777811336,0.8985590778097983,0.14434516920512938
0.3529016464350216,0.07848368908578332,0.8985590778097983,0.14435853511736654
0.3529183929074582,0.07848764033630368,0.8985590778097983,0.14436521900175942
0.35298126462113216,0.0784915919846944,0.8985590778097983,0.14437190350511647
0.35300807977966764,0.0784994964753273,0.8985590778097983,0.14438527436906692
0.35307500114191387,0.07850740255816295,0.8985590778097983,0.144398647709906
0.35309237912422653,0.07851531023368251,0.8985590778097983,0.14441202352832197
0.35309714052645363,0.07852717473429709,0.8985590778097983,0.14443209190290904
0.3531117198668666,0.07853113036469878,0.8985590778097983,0.14443878260063928
0.35319367432521265,0.0785429996473374,0.8985590778097983,0.14445885841363976
0.35320802156200976,0.07856278976012901,0.8985590778097983,0.14449233050651097
0.35320848369156194,0.07857862903225807,0.8985590778097983,0.14451911935110082
0.3533501035546888,0.07858655106361528,0.8985590778097983,0.14453251749872525
0.35337623772955346,0.07859051267832838,0.8985590778097983,0.14453921750417206
0.3533851347993092,0.07860239991933045,0.8985590778097983,0.14455932124808754
0.3534594650905458,0.07860636313215348,0.8985590778097983,0.1445660237388724
0.35346320599681663,0.07861429075689577,0.8985590778097983,0.14457943058518039
0.35352883461999385,0.0787306079134873,0.8979827089337176,0.14476863036610296
0.35353435034215236,0.07875050545895673,0.8979827089337176,0.1448022677633719
0.3536108460261601,0.07870393772430875,0.8974063400576369,0.14471605167766521
0.3536405992660968,0.07871189525302058,0.8974063400576369,0.14472950362520914
0.3537175426931188,0.07867327333400748,0.8968299711815562,0.14465671919304607
0.35374580046942317,0.07869714748128667,0.8968299711815562,0.14469707537080953
0.35377455655286516,0.07871307163091866,0.8968299711815562,0.14472399200111613
0.3538754242901953,0.07872501897293195,0.8968299711815562,0.14474418604651165
0.35396703354559533,0.07869831469203907,0.8962536023054755,0.14469154182562574
0.3540200006468762,0.0787022978034214,0.8962536023054755,0.1446982738566045
0.35408295846761995,0.07873417721518987,0.8962536023054755,0.14475215266464975
0.354124684077813,0.07883796390184547,0.8962536023054755,0.14492753623188406
0.3541965926339691,0.07884196116209502,0.8962536023054755,0.1449342902414018
0.3542388767483556,0.07893801715823139,0.8962536023054755,0.145096575534198
0.3542513971192451,0.07895004061738424,0.8962536023054755,0.14511688675283468
0.35425359668674394,0.07897008785739679,0.8962536023054755,0.14515075142350417
0.3543116821126941,0.07897409852717115,0.8962536023054755,0.14515752625437572
0.35440394761028393,0.07898613298115507,0.8962536023054755,0.14517785454205956
0.3544116227493479,0.07916900617630544,0.8939481268011528,0.14545625058613898
0.3544562941418704,0.07917304747320061,0.8939481268011528,0.14546307151230947
0.3545477462284321,0.07917708918270458,0.8939481268011528,0.14546989307822172
0.3545718704282562,0.07918921678750128,0.8939481268011528,0.14549036161530887
0.3545724997180207,0.0791502834090793,0.8933717579250721,0.14541701848203395
0.3545766692326705,0.07918263090676884,0.8933717579250721,0.14547160957297045
0.35464637912959546,0.0791866762031266,0.8933717579250721,0.14547843634145197
0.3546659477651407,0.07919881457258188,0.8933717579250721,0.14549892049188023
0.35466813864149893,0.07920286152273888,0.8933717579250721,0.14550574982398495
0.35474186225658033,0.07920690888650417,0.8933717579250721,0.14551257979722118
0.3547442621078052,0.0792150048551132,0.8933717579250721,0.14552624166744904
0.35484147622063356,0.07922310247891644,0.8933717579250721,0.1455399061032864
0.3548756843777645,0.07923120175842151,0.8933717579250721,0.1455535731054559
0.35490546036297005,0.07923525201922094,0.8933717579250721,0.1455604075691412
0.3549323233490538,0.07927172300925689,0.8933717579250721,0.14562194663660277
0.35496647009479876,0.07924084305299775,0.8927953890489914,0.1455621857820796
0.3550023641158015,0.07924489691512764,0.8927953890489914,0.14556902546753125
0.3550342678750358,0.07925300588385777,0.8927953890489914,0.1455827067669173
0.3550897900546641,0.07925706099058534,0.8927953890489914,0.1455895483810329
0.355128501940917,0.07926111651230619,0.8927953890489914,0.1455963906382179
0.35516889157553,0.07926922880098256,0.8927953890489914,0.1456100770821583
0.3551954473157873,0.07927328556806551,0.8927953890489914,0.1456169212690952
0.35525882003242343,0.0793057546590211,0.8927953890489914,0.145671697935769
0.3553028556689091,0.07923175416133163,0.89164265129683,0.14553151458137345
0.3553176230190363,0.07923987092147723,0.89164265129683,0.1455452065104902
0.35534014614281856,0.07924392992521258,0.89164265129683,0.14555205344121935
0.35535619389183853,0.07924798934480816,0.89164265129683,0.14555890101618368
0.3553706284753027,0.07925204918032787,0.89164265129683,0.145565749235474
0.3554290858548778,0.07926017009939543,0.89164265129683,0.1455794476073966
0.35543494343282295,0.07927235459902639,0.89164265129683,0.14559999999999998
0.35545182529590535,0.07928860642714367,0.89164265129683,0.1456274122187706
0.35547101620498806,0.07925766430841792,0.8910662824207493,0.14556753448519374
0.35547757185489814,0.07929176289453425,0.8904899135446686,0.145617342130066
0.35550964545324376,0.07933655129916813,0.8904899135446686,0.1456928662360319
0.35551792802366927,0.07934470008216928,0.8904899135446686,0.1457066063092375
0.3555649033437291,0.0793487751014329,0.8904899135446686,0.1457134773177403
0.3555813117516947,0.07935285053929121,0.8904899135446686,0.1457203489742985
0.3555934232072632,0.07935692639580873,0.8904899135446686,0.14572722127900398
0.3556087774531591,0.07936100267104992,0.8904899135446686,0.1457340942319483
0.3556371798284056,0.07938546911930942,0.8904899135446686,0.14577534556776903
0.35567430796838867,0.07945078679419933,0.8904899135446686,0.1458854633869978
0.35568314636196097,0.07940344561583955,0.8899135446685879,0.1457979225684608
0.35571108551552283,0.07945656648826678,0.8899135446685879,0.14588746633911276
0.35573189197132987,0.07944189877979715,0.8893371757925072,0.14585499574628982
0.3557364422642193,0.0794459890845433,0.8893371757925072,0.14586188968190197
0.35575229243828854,0.07947872669207788,0.8893371757925072,0.14591706463662582
0.355833037196609,0.07949101025191901,0.8893371757925072,0.1459377660077556
0.3558533209977595,0.07949510561566203,0.8893371757925072,0.14594466777015844
0.3558963641298329,0.07959352109769938,0.8893371757925072,0.1461105061313385
0.35590134147775254,0.07960584016922045,0.8893371757925072,0.14613126243015437
0.3559172703821107,0.07961405500232187,0.8893371757925072,0.14614510323924984
0.35593296165162014,0.07962227153103875,0.8893371757925072,0.14615894667045562
0.3559773441363744,0.0796345995045417,0.8893371757925072,0.14617971673535124
0.35599297925269663,0.07964693129613379,0.8893371757925072,0.14620049270418797
0.35601190197674265,0.0796716063406826,0.8893371757925072,0.14624206236375697
0.35606607336703194,0.07969629667889055,0.8893371757925072,0.1462836556693212
0.35611244440098055,0.07971688365364744,0.8893371757925072,0.14631833483476364
0.35613447885602206,0.07972100232498062,0.8893371757925072,0.14632527264106213
0.35613782883774725,0.07973336089293097,0.8893371757925072,0.14634609000806184
0.3561392894228397,0.07973748126711798,0.8893371757925072,0.14635303044674192
0.3561438229208191,0.07974160206718346,0.8893371757925072,0.14635997154375147
0.35616414197582447,0.07974984494521398,0.8893371757925072,0.1463738557131338
0.35625178078728553,0.07977045959778731,0.8893371757925072,0.14640857766391496
0.3562739949887153,0.07977870844320356,0.8893371757925072,0.1464224710571266
0.35629421793055766,0.0797828335056877,0.8893371757925072,0.146429418742586
0.356359373926092,0.07978695899477739,0.8893371757925072,0.14643636708740626
0.3563996333722418,0.07975174553917766,0.8887608069164266,0.14636924537256765
0.3564316633626992,0.07979081447729508,0.8881844380403459,0.14642721398707714
0.35649616466023043,0.07979494614747307,0.8881844380403459,0.14643417114078014
0.35655466230408156,0.07975555440468175,0.8876080691642652,0.1463600076031173
0.35656324142525514,0.07980928689883914,0.8876080691642652,0.14645047786600732
0.35664467181784515,0.07981342316662347,0.8876080691642652,0.1464574417498811
0.35665058633241264,0.07981755986316989,0.8876080691642652,0.14646440629606733
0.35665403606418733,0.07982169698854506,0.8876080691642652,0.14647137150466044
0.35667659092641996,0.07982583454281568,0.8876080691642652,0.14647833737575497
0.3566984070634454,0.07983411093831,0.8876080691642652,0.14649227110582638
0.3566990643605913,0.07984238905018665,0.8876080691642652,0.146506207487038
0.3567206858157899,0.07985480943738657,0.8876080691642652,0.14652711703139867
0.35678305636814883,0.07985895042522298,0.8876080691642652,0.14653408820590894
0.3568185511417271,0.07986309184255562,0.8876080691642652,0.14654106004377201
0.3568277206040894,0.0798879493697152,0.8876080691642652,0.14658290500666285
0.3569636919698277,0.07989209379539323,0.8876080691642652,0.14658988149064775
0.3569649984081272,0.07991282237559026,0.8876080691642652,0.1466247738741312
0.3569983750808491,0.07988995016611296,0.8870317002881845,0.14657840849564263
0.3570655267983435,0.0798940974926024,0.8870317002881845,0.14658538908467472
0.3571374997579903,0.07989824524971446,0.8870317002881845,0.1465923703386198
0.35716672703671265,0.07990654205607477,0.8870317002881845,0.14660633484162897
0.35716808434328967,0.07991899049696215,0.8870317002881845,0.14662728658536583
0.35717109918530543,0.07988780386453355,0.8864553314121038,0.14656692238052127
0.35718431798086264,0.07989195366474469,0.8864553314121038,0.14657390641379967
0.3572080089480531,0.07990025455867837,0.8864553314121038,0.14658787647731605
0.35722130978264216,0.07990440565253533,0.8864553314121038,0.14659486250774437
0.35728686118081093,0.07990855717774198,0.8864553314121038,0.14660184920407968
0.35730116111927923,0.07991686152247338,0.8864553314121038,0.14661582459485226
0.3573294474245813,0.07992101434213261,0.8864553314121038,0.14662281328947996
0.35733712908092835,0.07992516759341059,0.8864553314121038,0.14662980265039566
0.3573381441262287,0.0799293212763746,0.8864553314121038,0.1466367926776946
0.3573668122614158,0.07993347539109194,0.8864553314121038,0.14664378337147216
0.35740918514884557,0.07998751820262118,0.8864553314121038,0.1467347230835281
0.3574949842709189,0.07999167836896032,0.8864553314121038,0.1467417231180231
0.35754323490561163,0.07996046197065862,0.885878962536023,0.1466812998043613
0.3576832137480432,0.07996462202799022,0.885878962536023,0.14668829929375835
0.3576939677744445,0.08000624642132112,0.885878962536023,0.14675833094624272
0.35770239983540186,0.0799583550234253,0.8853025936599423,0.14666984960611124
0.35775112517392604,0.07997084396313844,0.8853025936599423,0.1466908604717792
0.35782677730925166,0.07993542675623601,0.8847262247838616,0.14662336421816793
0.35787417900523505,0.07993958962608062,0.8847262247838616,0.14663036729235326
0.3578803089692138,0.07994375292953491,0.8847262247838616,0.14663737103553687
0.35790011111654974,0.07985168163776896,0.8812680115273775,0.14643489920030647
0.35792812988182504,0.07986419430660747,0.8812680115273775,0.14645593869731802
0.3579325661203044,0.07986836606769745,0.8812680115273775,0.1464629532065712
0.35797277226750834,0.07988088396635494,0.8812680115273775,0.14648400076643034
0.3580318412230347,0.08078244779275708,0.8806916426512968,0.1479903147699758
0.3580350587051853,0.08078671883261077,0.8806916426512968,0.147997481718243
0.35813680123357833,0.08079953466236582,0.8806916426512968,0.14801898672866415
0.3581557997524651,0.08080380750925437,0.8806916426512968,0.1480261564543473
0.358165613729911,0.080755195938442,0.8801152737752161,0.1479364464251114
0.35820387489243694,0.0807594668923207,0.8801152737752161,0.1479436128469699
0.35824428419585713,0.08077655522640712,0.8801152737752161,0.1479722854789476
0.35824582920938974,0.08078510210559729,0.8801152737752161,0.14798662596307605
0.35825586666067993,0.08079792581618075,0.8801152737752161,0.14800814190171563
0.3582948775157951,0.08080647721860613,0.8801152737752161,0.1480224893369523
0.3583553699584127,0.08081075359864522,0.8801152737752161,0.148029664097717
0.358396579238142,0.08088352137295407,0.8801152737752161,0.1481517415348792
0.35844568254348774,0.08089637635092181,0.8801152737752161,0.1481733055164718
0.35844742113900974,0.08092638719592983,0.8801152737752161,0.14822364589400117
0.35855632678455396,0.08096929847818018,0.8801152737752161,0.14829562008351949
0.3585649670225439,0.08099506709807458,0.8801152737752161,0.14833883815815038
0.3586147210803603,0.0810036602832741,0.8801152737752161,0.14835324978140488
0.3586845802045777,0.0810079575596817,0.8801152737752161,0.14836045664318678
0.35870504475858694,0.08101655348047539,0.8801152737752161,0.14837487246757033
0.3587481694674557,0.08104235219191169,0.8801152737752161,0.14841813675462895
0.3587781297387422,0.08105956046289416,0.8801152737752161,0.14844699363243088
0.3588176488392552,0.0810322854715378,0.8795389048991354,0.14839305683862497
0.3588946834778221,0.0810451962398428,0.8795389048991354,0.14841470531025094
0.3588981064771606,0.08105811112291511,0.8795389048991354,0.14843636009921696
0.3590259049747533,0.0810667233319167,0.8795389048991354,0.14845080013619338
0.3592006518876297,0.0810710301227222,0.8795389048991354,0.14845802120828872
0.3592139952471516,0.0810753373711614,0.8795389048991354,0.14846524298292552
0.35921570943691705,0.08107964507730726,0.8795389048991354,0.1484724654602063
0.3592289854405386,0.08108826186301078,0.8795389048991354,0.14848691252310986
0.35924137944537904,0.08109688048041665,0.8795389048991354,0.14850136239782016
0.3592743383718166,0.08110550093010896,0.8795389048991354,0.14851581508515818
0.35929932294636524,0.08111412321267208,0.8795389048991354,0.1485302705859451
0.3593050713169912,0.08112706007442849,0.8795389048991354,0.1485519591141397
0.3593183407656651,0.08113137327874953,0.8795389048991354,0.14855919003115264
0.359387642995943,0.08114431564394342,0.8795389048991354,0.14858088700647484
0.3594158336398138,0.0811486306833289,0.8795389048991354,0.1485881207400195
0.35946438985239326,0.08115294618166348,0.8795389048991354,0.14859535517795414
0.35952486322889987,0.08115726213902037,0.8795389048991354,0.14860259032038173
0.35966517962155126,0.08116157855547282,0.8795389048991354,0.14860982616740517
0.3596947524986372,0.08117021276595744,0.8795389048991354,0.1486242999756513
0.35970465616582903,0.0811342838901894,0.8789625360230547,0.14855584238468658
0.3597069775239698,0.08113860069167332,0.8789625360230547,0.14856307842182173
0.35971329875761876,0.08116451115014103,0.8789625360230547,0.14860650945234846
0.35976912281123813,0.08117315164741577,0.8789625360230547,0.14862099210603255
0.3598106917874171,0.08117747258596827,0.8789625360230547,0.1486282344914965
0.3598787072372249,0.08122935975284969,0.8789625360230547,0.14871519820566578
0.35992301784835906,0.08123368667767539,0.8789625360230547,0.1487224497756973
0.3599460420996278,0.08124234191039369,0.8789625360230547,0.14873695503755
0.3600175430829823,0.08124667021843367,0.8789625360230547,0.14874420872957814
0.360051366176888,0.08125099898769247,0.8789625360230547,0.14875146312914553
0.3600558307939371,0.08125532821824381,0.8789625360230547,0.14875871823635567
0.3600704890569013,0.08125965791016146,0.8789625360230547,0.14876597405131206
0.3601236979964952,0.08126831867839063,0.8789625360230547,0.14878048780487807
0.3601660688505974,0.08135068814680466,0.8789625360230547,0.1489185098383868
0.3601667815046799,0.08135936833119932,0.8789625360230547,0.14893305337174667
0.36019854278245106,0.08136370911807074,0.8789625360230547,0.1489403262037308
0.36025865949934904,0.08137239208153246,0.8789625360230547,0.1489548739988279
0.36027401245714596,0.08138107689844709,0.8789625360230547,0.14896942463612386
0.3602847213030457,0.08138976356940812,0.8789625360230547,0.14898397811645175
0.360330124281405,0.08139410760034159,0.8789625360230547,0.14899125592301304
0.36034373618948207,0.08147237952772732,0.8789625360230547,0.14912237813523688
0.3603921561649734,0.08148543948704248,0.8789625360230547,0.14914425427872863
0.3604041386655782,0.08148979373730897,0.8789625360230547,0.14915154775294634
0.3604074138148942,0.08144941478274811,0.878386167146974,0.14907561381199255
0.3604585472448095,0.08145376803848209,0.878386167146974,0.1490829053558327
0.3606129271229598,0.08145812175958095,0.878386167146974,0.14909019761299158
0.3606983942214851,0.08146683059817181,0.878386167146974,0.14910478426768417
0.3607044717757519,0.08147989734816082,0.878386167146974,0.14912666960223103
0.36072770496718015,0.08148425386301662,0.878386167146974,0.14913396614150112
0.36073007029349163,0.08157034974023887,0.8778097982708933,0.14926982260119573
0.3607357988331386,0.08164906449364713,0.8778097982708933,0.149401608789484
0.36073873887781893,0.0816534419901351,0.8778097982708933,0.14940893706773922
0.36075631177863376,0.08168847886719588,0.8778097982708933,0.1494675891849453
0.3608498484981897,0.08171039218842213,0.8778097982708933,0.14950427014822815
0.36091691919245045,0.08171477626354759,0.8778097982708933,0.14951160850144798
0.36102969483310016,0.08172793131204723,0.8778097982708933,0.14953362788414334
0.3610768335625505,0.08173231726950735,0.8778097982708933,0.14954096911974077
0.3610778878074678,0.08173670369774057,0.8778097982708933,0.14954831107619795
0.3610982583717235,0.08174109059682268,0.8778097982708933,0.14955565375362107
0.36110654714288615,0.08174547796682947,0.8778097982708933,0.14956299715211627
0.361164612092465,0.08174986580783682,0.8778097982708933,0.14957034127178984
0.36119715886200504,0.08175425411992056,0.8778097982708933,0.14957768611274802
0.3612233948424615,0.08178937758444767,0.8778097982708933,0.14963647081941442
0.3612515159741561,0.08181134507950151,0.8778097982708933,0.14967323473048008
0.3612561834317612,0.08181573999462799,0.8778097982708933,0.14968058968058967
0.3612616304133446,0.08182013538197055,0.8778097982708933,0.14968794535358004
0.36128862016794916,0.08182892757360842,0.8778097982708933,0.14970265886862927
0.36129813351935025,0.08183772165502418,0.8778097982708933,0.14971737527648069
0.3613240770515062,0.08184211940458917,0.8778097982708933,0.14972473456547386
0.36132455134426616,0.08184651762682717,0.8778097982708933,0.14973209457798753
0.36134833845461944,0.0818015693862195,0.8772334293948126,0.14964849319109189
0.3613602759173632,0.0818103633627177,0.8772334293948126,0.14966320861399282
0.3613909691764342,0.0818191592301903,0.8772334293948126,0.1496779269312091
0.3614089352688287,0.08178298741800194,0.8766570605187319,0.14960900998377022
0.36145878751750044,0.0817873850621068,0.8766570605187319,0.14961636828644503
0.3614592202272336,0.08179178317917832,0.8766570605187319,0.14962372731297033
0.36151841544066887,0.08179618176929282,0.8766570605187319,0.14963108706345302
0.36153284189354346,0.08184459750322859,0.8766570605187319,0.14971209213051825
0.36157058653423074,0.08185340652244107,0.8766570605187319,0.14972682974848647
0.3615802472350693,0.08185781174317852,0.8766570605187319,0.14973419964559953
0.3615816494944457,0.08186221743810548,0.8766570605187319,0.14974157026827467
0.36160701727604366,0.08187984496124032,0.8766570605187319,0.1497710600167397
0.36161597671363205,0.0818842530282638,0.8766570605187319,0.14977843426883305
0.3616956837183776,0.08183482287067945,0.8760806916426513,0.14968733074006596
0.3617035622058242,0.08183922898831637,0.8760806916426513,0.14969470159543036
0.3617092246515477,0.08190979145335991,0.8760806916426513,0.14981273408239698
0.3617278115950548,0.08191862031797359,0.8760806916426513,0.14982750123213406
0.36173478891359623,0.08192303546405087,0.8760806916426513,0.14983488589876287
0.3617402010730683,0.08192745108607773,0.8760806916426513,0.1498422712933754
0.36174741436345875,0.0819583737733204,0.8760806916426513,0.14989398944825208
0.36177085019229166,0.08199816583050117,0.8760806916426513,0.14996053670086823
0.3618180919811584,0.08204685307135917,0.8760806916426513,0.15004195251961897
0.36183835294990135,0.08200615451060843,0.8755043227665706,0.14996544574982723
0.361845069379577,0.08201500998866151,0.8755043227665706,0.14998025276461294
0.36185378069445745,0.0820194384449244,0.8755043227665706,0.14998765736855096
0.3618722563675132,0.08202386737944814,0.8755043227665706,0.14999506270366347
0.3618787303653191,0.08202829679231019,0.8755043227665706,0.15000246877005877
0.36192721736637434,0.08203272668358805,0.8755043227665706,0.15000987556784515
0.36195024929599456,0.0820460192286918,0.8755043227665706,0.15003210035063458
0.3620607461634741,0.08205931608232943,0.8755043227665706,0.1500543317198459
0.3621213491883219,0.08207705192629816,0.8755043227665706,0.15008398379606758
0.3621294664974662,0.08204961893951679,0.8749279538904899,0.1500296501284839
0.36215664519155266,0.08205405405405405,0.8749279538904899,0.15003706449221643
0.36219873538009717,0.08206292572169964,0.8749279538904899,0.1500518954183759
0.3622252208396705,0.0820673622749635,0.8749279538904899,0.15005931198102015
0.36225098700196523,0.08207623682076237,0.8749279538904899,0.1500741473059812
0.36230522131057,0.082080674813453,0.8749279538904899,0.15008156606851547
0.362352355129989,0.08208955223880597,0.8749279538904899,0.15009640579423542
0.36242508615610514,0.08209399167162404,0.8749279538904899,0.1501038267576387
0.362475251018388,0.08209843158464035,0.8749279538904899,0.15011124845488258
0.36248009443793094,0.08212508115126596,0.8749279538904899,0.1501557940550967
0.36249890501522986,0.08212952442785262,0.8749279538904899,0.1501632208922742
0.36251131996668656,0.08213396818526134,0.8749279538904899,0.15017064846416384
0.36251884231038833,0.08213841242357016,0.8749279538904899,0.15017807677087458
0.36257006644038403,0.08214285714285714,0.8749279538904899,0.15018550581251544
0.36270508674070395,0.08210651656202642,0.8743515850144092,0.15011627331651084
0.3627382165298872,0.08211096075778078,0.8743515850144092,0.15012370113805046
0.36278392306829343,0.08212874235287748,0.8743515850144092,0.1501534197763041
0.3628209632364886,0.08207823166106837,0.8731988472622478,0.15005199821720397
0.36282644934334274,0.08211827199306196,0.8731988472622478,0.15011890606420927
0.36283629333626544,0.08212272333044232,0.8731988472622478,0.1501263439528316
0.36288136285023287,0.08213162745310637,0.8731988472622478,0.1501412219414301
0.3628900613908271,0.0821583514099783,0.8731988472622478,0.15018587360594796
0.3629020943521985,0.08222523744911804,0.8731988472622478,0.15029761904761904
0.3629741595437729,0.08222970039079462,0.8731988472622478,0.150305074656481
0.36298174291752044,0.08218880625373215,0.8726224783861671,0.1502282198848978
0.36302560452322624,0.08220219350635248,0.8726224783861671,0.15025058303974592
0.36307919665515725,0.08215235923331704,0.8720461095100864,0.1501587931718936
0.36308931086415897,0.08216128156394244,0.8720461095100864,0.15017369727047147
0.3630981466678525,0.08217466869432978,0.8720461095100864,0.15019605896659552
0.36310917863730335,0.08191813629436098,0.8674351585014409,0.14969910976276918
0.3631511466361157,0.0818726183995645,0.8668587896253602,0.14961452375031087
0.3632070161715383,0.08187707550764875,0.8668587896253602,0.14962196577795464
0.3632077499130012,0.08189490879390145,0.8668587896253602,0.14965174129353234
0.36323323596477136,0.08190382835048739,0.8668587896253602,0.14966663349587023
0.36328422252600095,0.08188504494688095,0.8662824207492795,0.14962667994026876
0.3632911938564459,0.08189843068875327,0.8662824207492795,0.14964902673370836
0.3633335815206833,0.08190735694822888,0.8662824207492795,0.149663928304705
0.36341991234096416,0.08191182080767344,0.8662824207492795,0.1496713802031468
0.36346225105582186,0.08201462403143076,0.8662824207492795,0.14984297891431134
0.36348243610253483,0.0820818087488395,0.8662824207492795,0.14995510326249625
0.36352200679649255,0.08203615708121689,0.8657060518731988,0.1498702853721812
0.3635565592232721,0.0820540835837203,0.8657060518731988,0.1499001996007984
0.363645223026803,0.08205856643356643,0.8657060518731988,0.1499076800239533
0.3636861519061048,0.08206304977326122,0.8657060518731988,0.1499151611937319
0.36370464910945727,0.08206753360288493,0.8657060518731988,0.14992264311024603
0.3637261291238132,0.08207201792251789,0.8657060518731988,0.1499301257736075
0.3637290824846349,0.0820809880321329,0.8657060518731988,0.14994509334131975
0.36374399513657346,0.08209444687363358,0.8657060518731988,0.1499675502970396
0.3637539412020529,0.08205324441043021,0.8651296829971181,0.1498901537847014
0.36384938181177734,0.08205773015525913,0.8651296829971181,0.14989763818844562
0.3638613681797162,0.0820622163905746,0.8651296829971181,0.14990512333965844
0.36389346597137245,0.08206670311645708,0.8651296829971181,0.14991260923845195
0.36394802290881584,0.08207119033298704,0.8651296829971181,0.14992009588493807
0.36395721020208205,0.08245835852894288,0.8645533141210374,0.15055706112616682
0.3639733499674249,0.08247649419915325,0.8645533141210374,0.15058729043268748
0.36398038528601395,0.08248102936324646,0.8645533141210374,0.15059484965614175
0.36404127016006826,0.08248556502612042,0.8645533141210374,0.1506024096385542
0.3640770045073384,0.08249010118785746,0.8645533141210374,0.15060997038003918
0.36411883249233207,0.08249463784853985,0.8645533141210374,0.15061753188071092
0.3642060559730976,0.08251278948236977,0.8645533141210374,0.15064778547755348
0.36424034227803453,0.08252640845070422,0.8645533141210374,0.1506704836522525
0.36424230024523696,0.08253549026081215,0.8645533141210374,0.15068561956903911
0.36425378731560715,0.08257638315441784,0.8645533141210374,0.15075376884422112
0.3642861676907906,0.08259002312520647,0.8645533141210374,0.15077649896969392
0.3643375565085789,0.08259457078354716,0.8645533141210374,0.15078407720144754
0.3645069568146372,0.08259911894273128,0.8645533141210374,0.15079165619502388
0.36458908639313475,0.08249807247494217,0.8634005763688761,0.15060574071281355
0.364622762131039,0.08250261607093683,0.8634005763688761,0.15061331188417457
0.36462289916396834,0.08250716016743777,0.8634005763688761,0.15062088381680158
0.3646457247700759,0.08251624986228931,0.8634005763688761,0.15063602996631303
0.3646920244500056,0.08252079546080537,0.8634005763688761,0.15064360418342718
0.36469749976815696,0.08252534156015866,0.8634005763688761,0.15065117916226678
0.36471732371433213,0.08254807957238111,0.8634005763688761,0.1506890654863696
0.36474075940911144,0.08257993384785005,0.8634005763688761,0.15074213836477987
0.3647591681488518,0.08258448646562655,0.8634005763688761,0.15074972325651606
0.36478495016540685,0.08259814733127481,0.8634005763688761,0.15077248251220374
0.36479097813139955,0.08261181271714553,0.8634005763688761,0.15079524864103078
0.3649371403971525,0.08262548262548262,0.8634005763688761,0.15081802164611127
0.36499610630053697,0.08263004026697557,0.8634005763688761,0.15082561417639953
0.3650215589060639,0.08263459841129744,0.8634005763688761,0.15083320747117757
0.3650551016775915,0.08271175203049892,0.8628242074927954,0.15095290914591106
0.3650644286131696,0.0827391808986901,0.8628242074927954,0.1509985878555578
0.3650686516080117,0.08275290215588724,0.8628242074927954,0.15102143757881464
0.36507676573312403,0.08275747691967494,0.8628242074927954,0.15102905569007266
0.36510886678663595,0.08278035832780359,0.8628242074927954,0.1510671577778899
0.3651259926782081,0.08282615912360297,0.8628242074927954,0.15114341965773134
0.36519839086800193,0.08286742319402159,0.8628242074927954,0.15121212121212121
0.3652280560037777,0.08287201062887511,0.8628242074927954,0.15121975857366532
0.3652363269377019,0.08287659857166584,0.8628242074927954,0.15122739670673804
0.3652515799452171,0.08288118702247813,0.8628242074927954,0.1512350356114563
0.3652664082703642,0.08288577598139638,0.8628242074927954,0.15124267528793697
0.3652696997959015,0.08289495542388836,0.8628242074927954,0.1512579569566535
0.36529730658982057,0.08291791292788302,0.8628242074927954,0.15129617464247813
0.36534101094594623,0.08292709949036117,0.8628242074927954,0.15131146712487997
0.36535658148383304,0.08293628808864266,0.8628242074927954,0.15132676269901443
0.3653712467122794,0.08294088315142113,0.8628242074927954,0.15133441164577438
0.3654600191946349,0.08295007480467667,0.8628242074927954,0.15134971185926602
0.3654611835735266,0.08296386610507649,0.8628242074927954,0.1513726679811922
0.36548439269913097,0.08298226164079822,0.8628242074927954,0.1514032869785082
0.36549433672932147,0.08304671030733385,0.8628242074927954,0.1515105510854714
0.3655228518225266,0.08305131761442441,0.8628242074927954,0.15151821862348178
0.3655632970353336,0.08306975195605128,0.8628242074927954,0.15154889653776069
0.3656223489488427,0.08308358308358309,0.8628242074927954,0.15157191312711993
0.3656858766501209,0.08308819448298829,0.8628242074927954,0.15157958687727824
0.36573259040225425,0.08316204655296928,0.8628242074927954,0.1517024726388326
0.36574442094026305,0.08318053008834805,0.8628242074927954,0.15173322521792013
0.3657622066764284,0.0831851522560569,0.8628242074927954,0.15174091531093203
0.36577599580920395,0.08318977493748263,0.8628242074927954,0.15174860618347694
0.3657794827995455,0.08319902184182738,0.8628242074927954,0.15176399026763993
0.36579911001163307,0.08321289605336298,0.8628242074927954,0.15178707224334598
0.3658423860468694,0.08323140220171245,0.8628242074927954,0.15181785913493231
0.365845468441857,0.08323603002502085,0.8628242074927954,0.1518255578093306
0.3659095569577146,0.08324991658324991,0.8628242074927954,0.15184865851803012
0.3659269443701313,0.08325917686318131,0.8628242074927954,0.15186406289627188
0.365957854680222,0.08327307114646493,0.8628242074927954,0.15188717532467533
0.3660341574309471,0.08328697006787582,0.8628242074927954,0.1519102947891826
0.3660520005105527,0.08377637248866752,0.8628242074927954,0.15272393389104263
0.36605776251653793,0.08378106111484218,0.8628242074927954,0.15273172473600982
0.3661471420720474,0.08379043994178888,0.8628242074927954,0.15274730881077497
0.3661902283324988,0.08379513014273719,0.8628242074927954,0.1527551020408163
0.36624365833584144,0.08379982086878639,0.8628242074927954,0.15276289606612584
0.3662747415066622,0.08380451212002463,0.8628242074927954,0.15277069088682518
0.36631052120078644,0.08382797625713966,0.8628242074927954,0.15280967692543257
0.366351932787512,0.0838326706613653,0.8628242074927954,0.152817476521029
0.366363151387255,0.0838283088647316,0.8622478386167147,0.15280118482202135
0.36639979048690285,0.0838377045505492,0.8622478386167147,0.15281679350324326
0.366464564933344,0.08384240318332119,0.8622478386167147,0.1528245990397385
0.3664929690729593,0.08385650224215246,0.8622478386167147,0.15284802043422732
0.36661287951347415,0.0838659042493553,0.8622478386167147,0.15286363868594494
0.36664422570003785,0.0838706060436172,0.8622478386167147,0.15287144900878807
0.36667379421282853,0.08388471459010878,0.8622478386167147,0.15289488476672286
0.3666898387370545,0.08388941849380362,0.8622478386167147,0.1529026982829109
0.3667049350604435,0.08389412292507852,0.8622478386167147,0.1529105125977411
0.36670972260795814,0.0839035333707235,0.8622478386167147,0.152926143623818
0.36673201803676825,0.0839129459277541,0.8622478386167147,0.15294177784593366
0.3667686799038351,0.08392236059688096,0.8622478386167147,0.15295741526506826
0.36679798837486305,0.08397889300550129,0.8622478386167147,0.15305130697222363
0.3668027108187978,0.0839930380102184,0.8622478386167147,0.1530747979126164
0.36683152820091436,0.08400247066090179,0.8622478386167147,0.15309046254604994
0.3668382997142919,0.08402606155920019,0.8622478386167147,0.15312963815957828
0.36687773661964246,0.0840307813289895,0.8622478386167147,0.1531374756884021
0.36690861223667365,0.08403550162903045,0.8622478386167147,0.15314531401955267
0.36692635475838686,0.08409218662169758,0.8622478386167147,0.15323943661971828
0.3669368908908533,0.08410164155610524,0.8622478386167147,0.15325513496901091
0.3669415420404106,0.08532403703280375,0.8605187319884726,0.15525399053709768
0.3669875380771489,0.08533379058070416,0.8605187319884726,0.1552701367583589
0.3670300497285379,0.0853386681909117,0.8605187319884726,0.15527821112844514
0.36704237248428273,0.08534354635875158,0.8605187319884726,0.15528628633834315
0.36705700054690776,0.08541189931350114,0.8605187319884726,0.15539942753057506
0.3670936702239836,0.08541678585731449,0.8605187319884726,0.15540751535338815
0.36711510262479913,0.08542656062253247,0.8605187319884726,0.15542369352488028
0.36713097028475705,0.0854314488441291,0.8605187319884726,0.15543178387382228
0.36713698085803953,0.08543633762517883,0.8605187319884726,0.1554398750650703
0.36715949763573463,0.08544122696577773,0.8605187319884726,0.1554479670987558
0.36721497320972213,0.08545589834583023,0.8605187319884726,0.1554722482557534
0.3672830007100376,0.08549015116811727,0.8605187319884726,0.15552893379863533
0.36736370415042147,0.08551463428604159,0.8605187319884726,0.15556944878607898
0.367368006730037,0.08552443146015924,0.8605187319884726,0.15558566069195498
0.3674027632760338,0.08553913143119056,0.8605187319884726,0.15560998488717495
0.36747207937453963,0.08549163419665368,0.8599423631123919,0.1555219679991661
0.3674988248594785,0.08550143266475645,0.8599423631123919,0.15553818087047172
0.36751146807604856,0.08551123337918386,0.8599423631123919,0.15555439712245217
0.3676098867258576,0.08545881813492291,0.8593659942363112,0.1554582421019706
0.36763868918937254,0.08549311926605505,0.8593659942363112,0.15551499348109518
0.367645092188297,0.08550292464732194,0.8593659942363112,0.15553121577217963
0.36770639904006236,0.08550782818145324,0.8593659942363112,0.15553932818693927
0.3677621598015112,0.08551273227804543,0.8593659942363112,0.15554744144802043
0.3678784469018438,0.0855421686746988,0.8593659942363112,0.1555961387946778
0.36790925054691265,0.08554707671122841,0.8593659942363112,0.15560425798371946
0.3679153903395248,0.0855519853109938,0.8593659942363112,0.15561237802014297
0.3680035057079476,0.08555689447409193,0.8593659942363112,0.155620498904081
0.3680043920045846,0.08558636128810057,0.8593659942363112,0.15566924201294632
0.3680196656874257,0.08555351401010565,0.8587896253602305,0.15560545141245885
0.368121694593583,0.08556333984150684,0.8587896253602305,0.1556217034832106
0.3681958464149796,0.08557808282120498,0.8587896253602305,0.15564608795570875
0.36820473521062475,0.08558299827685238,0.8587896253602305,0.155654217811439
0.36825540265033607,0.08560266574744341,0.8587896253602305,0.15568674572906327
0.3682987845828286,0.08563218390804597,0.8587896253602305,0.1557355631042592
0.36843869961864034,0.08565187399402162,0.8587896253602305,0.1557681250326695
0.3684503741720517,0.08566172243302288,0.8587896253602305,0.15578441110356003
0.368502280203156,0.08566664750186857,0.8587896253602305,0.1557925554161439
0.36855781900905765,0.08567157313707452,0.8587896253602305,0.15580070058033146
0.36859305217837457,0.08567649933873843,0.8587896253602305,0.1558088465962564
0.3687435756584226,0.08569620981192845,0.8587896253602305,0.1558414391800021
0.3688521156706163,0.08571099861942015,0.8587896253602305,0.15586589256760291
0.3688976615008549,0.08566332988148659,0.8582132564841498,0.1557775801642517
0.36891467847240905,0.08566825844312756,0.8582132564841498,0.15578572923205694
0.36892199761625105,0.08567811726796709,0.8582132564841498,0.1558020299257089
0.36900545651084016,0.08568797836220292,0.8582132564841498,0.1558183340309753
0.3690320896198608,0.0856978417266187,0.8582132564841498,0.15583464154892723
0.36909715428262524,0.08570770736199851,0.8582132564841498,0.15585095248063638
0.36914871928722875,0.08571264103154501,0.8582132564841498,0.15585910922698487
0.3691815971690755,0.08571757526912671,0.8582132564841498,0.15586726682717472
0.3693126340229455,0.08572744544878808,0.8582132564841498,0.15588358458961474
0.3693672302445317,0.08574719262885114,0.8582132564841498,0.15591623036649216
0.369378681453599,0.08576694890847301,0.8582132564841498,0.15594888981985755
0.3694208041203351,0.08577188940092166,0.8582132564841498,0.15595705682115737
0.36949017967467435,0.08581143384047948,0.8582132564841498,0.1560224236391261
0.36950510501995865,0.08581637945939716,0.8582132564841498,0.15603059834433616
0.36950515164342723,0.08582627240763156,0.8582132564841498,0.1560469503248795
0.36953360362791815,0.08577357620474983,0.8576368876080691,0.15595032227637165
0.369561243891561,0.08581314878892733,0.8576368876080691,0.1560157273918742
0.3695808057377646,0.08582799792351618,0.8576368876080691,0.15604026845637586
0.36961581840953583,0.08583294877711121,0.8576368876080691,0.15604845052697813
0.3696336125477234,0.08584780476547627,0.8576368876080691,0.15607300188797987
0.3696627878118152,0.0858577116150251,0.8576368876080691,0.15608937375432708
0.3696638282285827,0.08586266589728794,0.8576368876080691,0.15609756097560976
0.3697036508335026,0.08586762075134168,0.8576368876080691,0.156105749055812
0.3698150163350522,0.08587257617728532,0.8576368876080691,0.15611393799506898
0.36981600455723107,0.08590728018012816,0.8576368876080691,0.15617128463476068
0.3698205142143273,0.0859122401847575,0.8576368876080691,0.1561794804513251
0.3698271134154417,0.08591720076216872,0.8576368876080691,0.15618767712816206
0.3698364384019156,0.08593208593208593,0.8576368876080691,0.15621227232166288
0.3698568686335384,0.0859370488016171,0.8576368876080691,0.15622047244094486
0.36988489227235904,0.08594201224442648,0.8576368876080691,0.15622867342117697
0.36990360541968575,0.08594697626061341,0.8576368876080691,0.15623687526249475
0.36991885211579506,0.08599664798011905,0.8576368876080691,0.15631894106523794
0.36994215163695154,0.0862139556647365,0.8495677233429395,0.15654205607476632
0.36994528205739974,0.08621899859616285,0.8495677233429395,0.15655036907227446
0.3699460199248723,0.08626441154093756,0.8495677233429395,0.15662522579959623
0.3700110870202968,0.08628461043142305,0.8495677233429395,0.1566585184397917
0.37003509677508734,0.08629976580796253,0.8495677233429395,0.15668349720967314
0.3700355474089782,0.08630481878330112,0.8495677233429395,0.156691825236526
0.3700673583114705,0.08630987235039232,0.8495677233429395,0.15670015414872696
0.37008626425548763,0.08631492650934004,0.8495677233429395,0.15670848394641715
0.3701338604847975,0.08633514906577637,0.8495677233429395,0.15674181199489579
0.3701561889169858,0.08634020618556701,0.8495677233429395,0.15675014622215133
0.3701598567056277,0.08632208157524614,0.8489913544668588,0.15671046332251715
0.37016986996800055,0.0863575071818022,0.8489913544668588,0.15676883780332057
0.3701752040808257,0.0863625703564728,0.8489913544668588,0.15677718056516418
0.3701811458891607,0.08636763412489006,0.8489913544668588,0.156785524215008
0.37020041712992285,0.08637269848715844,0.8489913544668588,0.15679386875299375
0.37023571671651934,0.0863777634433824,0.8489913544668588,0.15680221417926335
0.37026384953876845,0.08638789513811507,0.8489913544668588,0.15681890769722134
0.3703002714895524,0.08642337479464915,0.8489913544668588,0.15687736301187497
0.37031281338588595,0.08642844569618024,0.8489913544668588,0.156885717328789
0.37033086939766374,0.08643351719281775,0.8489913544668588,0.1568940725355488
0.3703427904986833,0.08646395867574548,0.8489913544668588,0.15694422247083267
0.3703531370069491,0.08647411060232477,0.8489913544668588,0.15696094624114232
0.37038425792566293,0.08647918745963717,0.8489913544668588,0.15696930946291562
0.37048468235975557,0.08648426491310475,0.8489913544668588,0.1569776735759578
0.3704971078414497,0.08651474215905086,0.8489913544668588,0.15702787697883908
0.37050028391678375,0.08651982378854625,0.8489913544668588,0.15703624733475477
0.37060523763437797,0.0865249060150376,0.8489913544668588,0.15704461858308014
0.3706920280422814,0.08653507225942897,0.8489913544668588,0.15706136375753052
0.37069492123151804,0.08654524089306698,0.8489913544668588,0.15707811250333245
0.37069880901882263,0.08657067293564502,0.8489913544668588,0.15712
0.3706998636514085,0.08660630291627469,0.8489913544668588,0.15717868004054847
0.3707221264238954,0.08661139530781443,0.8489913544668588,0.15718706648169886
0.37075094774400796,0.08663686625102929,0.8489913544668588,0.15722901211506646
0.3707758744786104,0.08658823529411765,0.8484149855907781,0.15713904456898853
0.37083908052388725,0.08659842334392281,0.8484149855907781,0.15715582127795868
0.37085597083018274,0.08663919952913479,0.8484149855907781,0.1572229639519359
0.3708681467225666,0.08665450050038265,0.8484149855907781,0.15724815724815724
0.3709603153598031,0.08665960202519722,0.8484149855907781,0.15725655680786285
0.37097636464436595,0.08685390606561247,0.8484149855907781,0.15757640635872183
0.37104864427281065,0.08680002360299759,0.8478386167146974,0.1574777861042715
0.371055586126329,0.08680514575711082,0.8478386167146974,0.15748621594133075
0.3710666026928411,0.08681026851578637,0.8478386167146974,0.15749464668094218
0.37115926608597277,0.08681539187913126,0.8478386167146974,0.1575030783232507
0.3711806406056567,0.08682051584725255,0.8478386167146974,0.15751151086840132
0.3712358854732778,0.08682564042025735,0.8478386167146974,0.1575199443165391
0.37125845394864343,0.08678198240746207,0.8472622478386167,0.15743814929848987
0.3712633538631686,0.08678710591569253,0.8472622478386167,0.15744658062443098
0.3713039412463213,0.08679223002893074,0.8472622478386167,0.15745501285347044
0.37130415058575716,0.08680248007085917,0.8472622478386167,0.15747188002142476
0.37131996310502663,0.086812732534105,0.8472622478386167,0.15748875080351402
0.3713294644778993,0.08681785967399008,0.8472622478386167,0.15749718755022232
0.37136212388136086,0.0868229874195263,0.8472622478386167,0.15750562520090003
0.371399560912195,0.08682811577082103,0.8472622478386167,0.15751406375569246
0.37145779819382035,0.08684350446032965,0.8472622478386167,0.15753938484621158
0.37146044246137416,0.08686916440137099,0.8472622478386167,0.15758160475960764
0.37150825993971504,0.08687429820932568,0.8472622478386167,0.15759005145797597
0.37152433302171706,0.0866785079928952,0.8438040345821326,0.15720805369127516
0.3715603591640194,0.08668364023920895,0.8438040345821326,0.15721649484536082
0.37157447897320933,0.0866887730933207,0.8438040345821326,0.15722493690597647
0.3715761075522663,0.08669390655533843,0.8438040345821326,0.1572333798732682
0.37158124467800213,0.08671958298779765,0.8438040345821326,0.1572756083149809
0.3716538404710861,0.0867298578199052,0.8438040345821326,0.1572925060435133
0.37166786770355953,0.08673499614906097,0.8438040345821326,0.15730095626947457
0.37168399010989867,0.08674013508709563,0.8438040345821326,0.15730940740342772
0.3717172297803039,0.08674527463411744,0.8438040345821326,0.15731785944551901
0.3717188426480432,0.08676069693018845,0.8438040345821326,0.15734322102208606
0.37177866948490373,0.08677098150782361,0.8438040345821326,0.157360133283173
0.3717817059574016,0.08698235398966193,0.8438040345821326,0.15770763761714965
0.3718208940054667,0.08699269118783053,0.8438040345821326,0.1577246283128636
0.37183130113438406,0.08700303084328757,0.8438040345821326,0.1577416226699709
0.371841482027077,0.08701337295690936,0.8438040345821326,0.15775862068965518
0.37185770368177945,0.08701854493580599,0.8438040345821326,0.15776712107333368
0.3719012640932995,0.08702889073831886,0.8438040345821326,0.15778412458910385
0.37194978534598216,0.08704441405553244,0.8438040345821326,0.1578096367360138
0.37197609408123694,0.08705994291151284,0.8438040345821326,0.15783515713438626
0.3719863271579772,0.08709619846510798,0.8438040345821326,0.15789473684210528
0.3720631620448899,0.08710656274171476,0.8438040345821326,0.15791176787833025
0.37210444201977055,0.08711174580506961,0.8438040345821326,0.15792028477428402
0.37210945072529245,0.08713248422806809,0.8438040345821326,0.1579543615471759
0.37214117590836165,0.08714804452645991,0.8438040345821326,0.15797992877954029
0.3721719352010358,0.08719995234975282,0.8438040345821326,0.15806521269704168
0.3722173642303575,0.08720514653323802,0.8438040345821326,0.15807374615343087
0.37223467298183305,0.08721034133555727,0.8438040345821326,0.1580822805312601
0.37224643439649524,0.08717154263242567,0.8432276657060519,0.1580084242358786
0.3722799603273758,0.08718193194684465,0.8432276657060519,0.1580254914668395
0.37228899069767446,0.08718712753277712,0.8432276657060519,0.15803402646502834
0.37231660509232156,0.08719232373800584,0.8432276657060519,0.15804256238522202
0.37233004546310255,0.08720271800679502,0.8432276657060519,0.15805963699222128
0.3723751160898386,0.08710946816122109,0.8420749279538905,0.15788620521964664
0.37243215174591693,0.08712505217961715,0.8420749279538905,0.1579118028534371
0.37243473082204764,0.08714064177502087,0.8420749279538905,0.1579374087887141
0.37244192716768965,0.08714583954667462,0.8420749279538905,0.15794594594594594
0.3724692932058952,0.08718224131757966,0.8420749279538905,0.1580057318985562
0.3725060971529995,0.08725513616817965,0.8420749279538905,0.15812543968829484
0.37271273487060647,0.08726034760795556,0.8420749279538905,0.15813399718584262
0.3727389020476629,0.08726555967029029,0.8420749279538905,0.15814255560967688
0.3727425072250576,0.08728119959376307,0.8420749279538905,0.1581682364404027
0.3727686707155641,0.08728641414744892,0.8420749279538905,0.15817679857088723
0.3727961723702069,0.08723709369024857,0.8414985590778098,0.15808564777218342
0.37283692575140676,0.08724230654317298,0.8414985590778098,0.1580942068218733
0.37284740723341325,0.08724752001912274,0.8414985590778098,0.15810276679841898
0.3728676806084925,0.08725794884054507,0.8414985590778098,0.1581198895326799
0.37287025047411604,0.08727359674816187,0.8414985590778098,0.15814558058925476
0.37287833939525183,0.08727881396461024,0.8414985590778098,0.15815414613009804
0.3728815075501236,0.08731013036718097,0.8414985590778098,0.1582055588665547
0.372906300847977,0.08732579699742808,0.8414985590778098,0.15823127777175683
0.37293458363994797,0.08733102045699247,0.8414985590778098,0.1582398525984935
0.37302593907410764,0.08733624454148471,0.8414985590778098,0.15824842835464992
0.3730573659159685,0.08734146925101699,0.8414985590778098,0.1582570050403772
0.3730901486616876,0.08734669458570146,0.8414985590778098,0.15826558265582655
0.37314889602534945,0.08739898234061658,0.8414985590778098,0.15835140997830802
0.37330394321301485,0.08740421455938698,0.8414985590778098,0.15835999783068497
0.37332204018803267,0.08747753145596165,0.8414985590778098,0.15848032564450476
0.3733373245174865,0.08749325822496554,0.8414985590778098,0.15850613397025295
0.3733967977665027,0.08750899064972428,0.8414985590778098,0.15853195070307835
0.3734087917466263,0.08751948207648963,0.8414985590778098,0.15854916653092252
0.3734266843430996,0.08742055402326418,0.8403458213256484,0.158366371585293
0.37347411035202377,0.08742579600647599,0.8403458213256484,0.1583749728437975
0.37354377483429657,0.08743103861837372,0.8403458213256484,0.15838357503666287
0.37354755652841976,0.08743628185907046,0.8403458213256484,0.15839217816404128
0.3736100425367888,0.08744152572867939,0.8403458213256484,0.15840078222608509
0.37364544921090054,0.08746775451436799,0.8403458213256484,0.15844381656161705
0.373755309186924,0.0874834993399736,0.8403458213256484,0.15846964838867453
0.37377107174439145,0.08749399903984638,0.8403458213256484,0.158486874286646
0.37377650152655983,0.0874992498349637,0.8403458213256484,0.15849548864006957
0.3738125330782771,0.0875045012603529,0.8403458213256484,0.15850410392998857
0.3738170984761237,0.08752025931928688,0.8403458213256484,0.15852995542024576
0.3738545525268026,0.0875255132668988,0.8403458213256484,0.15853857445767414
0.3738938862037582,0.0875307678453503,0.8403458213256484,0.15854719443236187
0.3739131095699091,0.08753602305475504,0.8403458213256484,0.15855581534446195
0.3740004694488167,0.08755179246982525,0.8403458213256484,0.1585816837067653
0.3740856626858695,0.08755705020417968,0.8403458213256484,0.15859030837004406
0.37409708164170496,0.08756230857005586,0.8403458213256484,0.15859893397150004
0.3741609309689122,0.08756756756756756,0.8403458213256484,0.15860756051128636
0.3741905826646111,0.08759387203364374,0.8403458213256484,0.1586507072905332
0.3742986512379554,0.0876096623002043,0.8403458213256484,0.15867660662785002
0.3743570790304182,0.0876201923076923,0.8403458213256484,0.15869387755102038
0.37440222903154646,0.08762545826071279,0.8403458213256484,0.15870251442255362
0.3744036321871378,0.08763072484673638,0.8403458213256484,0.1587111522342568
0.3744172146043492,0.08764125991824957,0.8403458213256484,0.1587284306787872
0.37441743916806336,0.08765706727589731,0.8403458213256484,0.15875435540069688
0.3744223376683307,0.08766760868258072,0.8403458213256484,0.1587716432538386
0.37452515705872697,0.08767288033674082,0.8403458213256484,0.15878028859243126
0.37456192054788795,0.08769924812030075,0.8403458213256484,0.1588235294117647
0.3746847950729428,0.08770452358036573,0.8403458213256484,0.15883218040198266
0.3747427533033079,0.08765491517266273,0.8397694524495677,0.15874053494579723
0.3748004238049415,0.08767601396076544,0.8397694524495677,0.15877513213098676
0.3748496193895032,0.08768129024492989,0.8397694524495677,0.1587837837837838
0.37485662156679456,0.08769184471862775,0.8397694524495677,0.15880108991825612
0.3749510800553969,0.08767387246341904,0.839193083573487,0.15876131283393302
0.3750821802653526,0.08768971332209106,0.839193083573487,0.15878728393042152
0.375124651526883,0.0877002770750512,0.839193083573487,0.15880460271582048
0.3752194375132437,0.08770555990602975,0.839193083573487,0.1588132635253054
0.3752504760314676,0.08771612747755889,0.839193083573487,0.15883058797861896
0.3752527730199516,0.08772669759595107,0.839193083573487,0.15884791621208813
0.3753248612284681,0.08774784547700838,0.839193083573487,0.15888258402444347
0.37535398798161124,0.08775842324151649,0.839193083573487,0.158899923605806
0.3753553320951205,0.08776371308016878,0.839193083573487,0.15890859481582537
0.3753929975256357,0.08779017184202592,0.839193083573487,0.1589519650655022
0.3753948755649692,0.0878060547581715,0.839193083573487,0.1589779985805536
0.3753953237861414,0.08781135034075147,0.839193083573487,0.15898667831404237
0.3754172813029757,0.08781664656212304,0.839193083573487,0.158995358995359
0.3754534893919516,0.08788025108643167,0.839193083573487,0.15909960115828006
0.3754682255336036,0.08788555562262329,0.839193083573487,0.15910829417549993
0.37548318677779235,0.08789086079922734,0.839193083573487,0.15911698814272443
0.3755226305760401,0.0878961666163598,0.839193083573487,0.1591256830601093
0.3755596088538618,0.08791739629249441,0.839193083573487,0.1591604722343682
0.3755640457803391,0.08792270531400966,0.839193083573487,0.15916917190489205
0.37557053666917256,0.08793863622636951,0.839193083573487,0.15919527662366062
0.3755818924104703,0.08794394781348151,0.839193083573487,0.15920398009950248
0.37560426969034444,0.0879492600422833,0.839193083573487,0.159212684527064
0.37561200955419416,0.08796520057999033,0.839193083573487,0.1592388035216274
0.3756292621486425,0.08800773694390715,0.839193083573487,0.15930849608840744
0.3756669364063656,0.0880503144654088,0.839193083573487,0.15937824968529363
0.37572609371827503,0.08805563955246447,0.839193083573487,0.15938697318007664
0.3757888714826732,0.08806096528365792,0.839193083573487,0.1593956976298648
0.37593249019256014,0.08806629165910602,0.839193083573487,0.15940442303481495
0.375994076935165,0.08807694634323393,0.839193083573487,0.15942187671082886
0.37599606040138045,0.08808760360578377,0.839193083573487,0.15943933420937362
0.37599848789889123,0.08809826344769166,0.839193083573487,0.15945679553170516
0.37601281706484135,0.08811425804889857,0.839193083573487,0.15948299468755134
0.37601677941367323,0.08813559322033898,0.839193083573487,0.15951794029033142
0.37603811083390204,0.0881569387260838,0.839193083573487,0.15955290121089255
0.3761040436377873,0.08810172570390554,0.8386167146974063,0.15945205479452054
0.3761338549243121,0.08812840702604482,0.8386167146974063,0.15949575226089338
0.37614232096933253,0.08813374522987462,0.8386167146974063,0.159504494628371
0.3761487843685625,0.08804993334141316,0.837463976945245,0.15934638372539342
0.3762057577910772,0.08806060606060606,0.837463976945245,0.15936386070743078
0.37634090134503667,0.08807128136743848,0.837463976945245,0.15938134152361105
0.3763868362785529,0.0880766199915136,0.837463976945245,0.15939008336989907
0.37643577340795303,0.08809263974778707,0.837463976945245,0.15941631466344836
0.3765542659858184,0.08809798096162008,0.837463976945245,0.15942506034671935
0.37659480152275204,0.08814073400060661,0.837463976945245,0.15949506037321623
0.37659530134503355,0.08814608104828925,0.837463976945245,0.15950381469894068
0.37663220945777837,0.08810679611650485,0.8368876080691643,0.15942904199835298
0.37663376509787116,0.08811748998664887,0.8368876080691643,0.1594465491681766
0.3766463240911785,0.08819777683289802,0.8368876080691643,0.15957797560171447
0.3766475053188268,0.08820313449155631,0.8368876080691643,0.15958674506786832
0.37665208190426286,0.08824065633546034,0.8368876080691643,0.15964815832875207
0.37670055802442415,0.08824601920505652,0.8368876080691643,0.15965693551047339
0.37675600289081124,0.08825138272655443,0.8368876080691643,0.15966571365735652
0.3767879881595631,0.08821741245136187,0.8363112391930836,0.15959962602430844
0.3768356828579739,0.08822277619018666,0.8363112391930836,0.15960840391596084
0.3768490016275033,0.08822814058129637,0.8363112391930836,0.1596171827732248
0.3768753319803506,0.08820487864225318,0.8357348703170029,0.15956861450423684
0.3769123744190792,0.0882102445552987,0.8357348703170029,0.15957739503659277
0.3769544011066588,0.08822097834022877,0.8357348703170029,0.15959495900060536
0.37696237357854007,0.08822634621235169,0.8357348703170029,0.15960374243258119
0.3770413050304723,0.08823708391650946,0.8357348703170029,0.15962131219726994
0.37709452744965316,0.0881976991904559,0.8351585014409222,0.15954635542831974
0.377128318312912,0.08820306793279767,0.8351585014409222,0.1595551395694544
0.3772964678609989,0.08820843732878797,0.8351585014409222,0.15956392467789893
0.37730744568157487,0.08815292828442713,0.8345821325648415,0.15946258465943505
0.37733178810773316,0.08810277642474428,0.8340057636887608,0.159370009361749
0.37734860875569076,0.0881081410217378,0.8340057636887608,0.159378786209935
0.3773944606646344,0.08811350627207405,0.8340057636887608,0.15938756402489399
0.37739701577216533,0.08814923189465984,0.8334293948126801,0.15943547053310544
0.37746331597657234,0.08817073170731707,0.8334293948126801,0.15947063688999175
0.37747708141158154,0.08818686345063122,0.8334293948126801,0.15949702183984119
0.3774803591806606,0.08822452715070164,0.8334293948126801,0.15955862068965515
0.37762094688491654,0.08824067858668456,0.8334293948126801,0.15958503476437477
0.3776288058381644,0.0882568359375,0.8334293948126801,0.1596114575859595
0.3777563034996398,0.08831613021437733,0.8334293948126801,0.15970841616964876
0.37777466226692913,0.08832152455411678,0.8334293948126801,0.1597172364279008
0.37781606513827215,0.08832691955286788,0.8334293948126801,0.15972605766044407
0.3778462674866957,0.08827122785583384,0.8328530259365994,0.1596244131455399
0.37789324024979365,0.08827662044107765,0.8328530259365994,0.15963323022536455
0.37806687439027453,0.0882820136852395,0.8328530259365994,0.1596420482792907
0.3780698377994861,0.08828740758844016,0.8328530259365994,0.15965086730747982
0.3782686362110059,0.08829280215080045,0.8328530259365994,0.15965968731009336
0.37827309990510766,0.08829819737244118,0.8328530259365994,0.15966850828729282
0.3782948207882385,0.08832518337408313,0.8328530259365994,0.15971262779773418
0.37830811505635625,0.08833598239393568,0.8328530259365994,0.1597302824296689
0.37831228908771936,0.08834138289417375,0.8328530259365994,0.1597391112093743
0.3783258519321628,0.08838461067955226,0.8328530259365994,0.15980977659809778
0.3783287138472404,0.08833965496145846,0.8322766570605188,0.15972567888944195
0.3784294244071507,0.0883450596512695,0.8322766570605188,0.15973451327433627
0.3785146468222557,0.08839373163565133,0.8322766570605188,0.15981406673676055
0.37859561520052143,0.08846413036819212,0.8322766570605188,0.1599291172887363
0.378671828897968,0.08848039215686275,0.8322766570605188,0.15995569094433673
0.37871149509082835,0.08850208384407943,0.8322766570605188,0.15999113622513988
0.37871841949086804,0.08854549914152564,0.8322766570605188,0.16006207393448985
0.37872270953586934,0.08851674641148326,0.8317002881844381,0.16000443532738262
0.3787480070215035,0.0884608306238881,0.8311239193083574,0.15990241738744732
0.37876592885716076,0.08843203436637005,0.8305475504322767,0.15984470327232392
0.3788681018668523,0.08844288958448414,0.8305475504322767,0.1598624362103395
0.3788753904671209,0.08844831819297815,0.8305475504322767,0.15987130415487877
0.37890803702682235,0.08845374746792707,0.8305475504322767,0.15988017308332408
0.37898607447849914,0.08846460801768065,0.8305475504322767,0.15989791389258767
0.3790010026668484,0.08847547123472708,0.8305475504322767,0.15991565863944068
0.3790578488559568,0.08848090384379222,0.8305475504322767,0.15992453248987293
0.3790731503886192,0.08848633712004912,0.8305475504322767,0.15993340732519423
0.3790796932743243,0.08849177106362073,0.8305475504322767,0.15994228314556858
0.37909616636664784,0.08844665561083472,0.829971181556196,0.15985790408525755
0.3790988450621817,0.0884575219608084,0.829971181556196,0.15987565227045633
0.3791660703715087,0.08846839098113903,0.829971181556196,0.15989340439706862
0.3791938357082034,0.08847382649299582,0.829971181556196,0.15990228193881517
0.3793528781594819,0.08847926267281106,0.829971181556196,0.15991116046640755
0.37937442989299114,0.08849557522123894,0.829971181556196,0.15993780196590213
0.3793815640708766,0.08852277617261942,0.829971181556196,0.15998222419731142
0.37940418029096445,0.08852821836960531,0.829971181556196,0.1599911116049108
0.3794324728173326,0.0884830597060813,0.8293948126801153,0.15990665629514392
0.3794404661538869,0.08849394256195806,0.8293948126801153,0.159924427650589
0.3794489148430773,0.0885048280952088,0.8293948126801153,0.15994220295654107
0.3794751536235053,0.0885102718661582,0.8293948126801153,0.15995109209136887
0.3795036254165502,0.08851571630682167,0.8293948126801153,0.15995998221431745
0.3795625632649477,0.0885266071977853,0.8293948126801153,0.15997776542523626
0.37959431487759193,0.08853205364833272,0.8293948126801153,0.15998665851353605
0.3796228613771742,0.08853750076908878,0.8293948126801153,0.15999555259061596
0.37963486158786675,0.08854839702172174,0.8293948126801153,0.16001334371177584
0.37966628877021447,0.08855384615384615,0.8293948126801153,0.1600222407561857
0.3797262594050626,0.08855929595667426,0.8293948126801153,0.1600311387900356
0.37972867014149025,0.08856474643032988,0.8293948126801153,0.1600400378134905
0.3797297742701455,0.0885701975749369,0.8293948126801153,0.1600489378267156
0.37978499418098116,0.08857564939061922,0.8293948126801153,0.16005783882987598
0.3798337695666221,0.08858655503570549,0.8293948126801153,0.16007564380666334
0.37991406903050345,0.08859746336658048,0.8293948126801153,0.16009345274517442
0.3799150659149416,0.0886029185394988,0.8293948126801153,0.16010235870048956
0.3799258697380325,0.08860837438423645,0.8293948126801153,0.1601112656467316
0.37993571297488443,0.08861383090091754,0.8293948126801153,0.16012017358406586
0.3799600836992045,0.08861928808966621,0.8293948126801153,0.16012908251265787
0.3799859661275029,0.08863020448386302,0.8293948126801153,0.1601469033442769
0.3799968616484863,0.0886356636895596,0.8293948126801153,0.16015581524763495
0.3800662565043935,0.08864658411877041,0.8293948126801153,0.16017364203027604
0.38006630346057874,0.08866296980899568,0.8293948126801153,0.1602003896465349
0.38007497961503156,0.08866843305194405,0.8293948126801153,0.1602093075038967
0.38011266199151644,0.08868482682115124,0.8293948126801153,0.16023606703412951
0.38018038350585037,0.0887449892075239,0.8293948126801153,0.16033426183844013
0.3802481314395475,0.08875046256321698,0.8293948126801153,0.1603431946069419
0.380334652095333,0.08875593659409116,0.8293948126801153,0.1603521283708491
0.38037023623897226,0.0887614113002714,0.8293948126801153,0.1603610631303282
0.3803835904955722,0.08878879496513851,0.8293948126801153,0.1604057518671274
0.38039009872463614,0.08882716049382716,0.8293948126801153,0.16046835795929745
0.3803948357326017,0.08883264399036978,0.8293948126801153,0.1604773056763689
0.3804334519369527,0.08886007163146845,0.8293948126801153,0.16052205923364382
0.3805121819621772,0.08886555919224357,0.8293948126801153,0.1605310129406515
0.380512753728793,0.08887653634735347,0.8293948126801153,0.16054892335155638
0.38060123057640977,0.08888202594193947,0.8293948126801153,0.160557880055788
0.3806156375885728,0.08888751621471369,0.8293948126801153,0.16056683775942868
0.3806410036457826,0.08889300716580183,0.8293948126801153,0.16057579646264575
0.3807029691048072,0.08890399110342272,0.8293948126801153,0.16059371686847831
0.3807470756962102,0.08890948409020698,0.8293948126801153,0.16060267857142857
0.3807501757877035,0.08892047210035223,0.8293948126801153,0.16062060497823416
0.38076527953919614,0.08881883923604672,0.8282420749279539,0.16043318075248406
0.38082291671533663,0.08883531157270029,0.8282420749279539,0.16046005248171513
0.3808491705705014,0.08885179002040437,0.8282420749279539,0.16048693321420596
0.38093649600128693,0.08885728419490477,0.8282420749279539,0.160495895459876
0.38093888676552146,0.08886277904891472,0.8282420749279539,0.1605048587065788
0.38099526055029626,0.0888682745825603,0.8282420749279539,0.160513822954482
0.38108410375655966,0.08891776498979023,0.8282420749279539,0.16059454626732228
0.38111184171112017,0.08903642117019296,0.8270893371757925,0.16076630069460002
0.38112675430055165,0.08904194589228097,0.8270893371757925,0.1607753067055067
0.38115761025840433,0.08905299739357081,0.8270893371757925,0.16079332175472016
0.3811646114764972,0.08906405163853029,0.8270893371757925,0.16081134084159804
0.3811666057740083,0.08906957979020545,0.8270893371757925,0.16082035189958532
0.381169166917777,0.08908063815258552,0.8270893371757925,0.16083837704550552
0.3812207146319387,0.08908616836354606,0.8270893371757925,0.16084739113377794
0.38131465423253097,0.08911936405415476,0.8270893371757925,0.1609014968884902
0.38135110200658934,0.0891304347826087,0.8270893371757925,0.16091954022988506
0.381441761860571,0.08915812364088226,0.8270893371757925,0.16096466629276499
0.38156354037277607,0.08910152851994532,0.8265129682997118,0.16086151775197713
0.3815678888297934,0.0891070651836202,0.8265129682997118,0.16087054072245904
0.3815755825312601,0.08911814057547697,0.8265129682997118,0.16088858970043757
0.38162575093948775,0.08912367930391547,0.8265129682997118,0.1608976157082749
0.3816649354085708,0.08914029962081184,0.8265129682997118,0.16092469980922455
0.38166780155479385,0.08914584110406565,0.8265129682997118,0.16093372986925536
0.38168581503658056,0.08915138327634442,0.8265129682997118,0.16094276094276094
0.38170099333930607,0.08915692613777668,0.8265129682997118,0.1609517930299119
0.38172054181719706,0.08916246968849095,0.8265129682997118,0.16096082613087886
0.381736752127726,0.08916801392861584,0.8265129682997118,0.16096986024583262
0.3817374799048082,0.08918465078674047,0.8265129682997118,0.16099696867632202
0.38183343195248215,0.08919019778579425,0.8265129682997118,0.16100600684893054
0.3818424744797493,0.08919574547490203,0.8265129682997118,0.16101504603637998
0.3819778036769181,0.08920129385419258,0.8265129682997118,0.16102408623884112
0.3819981262043827,0.08921239268383725,0.8265129682997118,0.16104216968948284
0.38201105390565715,0.08921794313444907,0.8265129682997118,0.16105121293800537
0.3820877568474424,0.08922904610789621,0.8265129682997118,0.16106930248230936
0.3821209644796295,0.08923459863098943,0.8265129682997118,0.16107834877843305
0.38216883798924983,0.08924015184516772,0.8265129682997118,0.1610873960907661
0.3822920294923512,0.08924570575056012,0.8265129682997118,0.16109644441947987
0.38232698892200734,0.0892512603472957,0.8265129682997118,0.16110549376474556
0.382332798891387,0.08925681563550354,0.8265129682997118,0.16111454412673443
0.3823570346960058,0.0892623716153128,0.8265129682997118,0.16112359550561797
0.3824118893182802,0.08927904370564065,0.8265129682997118,0.16115075574535034
0.3824443661818903,0.08928460245314737,0.8265129682997118,0.16115981119352663
0.38244718045623055,0.08929572202503269,0.8265129682997118,0.16117792514330673
0.38246782593155915,0.08930128284966994,0.8265129682997118,0.16118698364525375
0.38248590143906636,0.08925568358766739,0.8259365994236312,0.1611017425519955
0.3825037525344994,0.08928348909657322,0.8259365994236312,0.1611470340174304
0.3825110734822727,0.08929461615154537,0.8259365994236312,0.16116515773491538
0.3825952472883326,0.08930018071913753,0.8259365994236312,0.16117422112248342
0.3826006756959115,0.08930574598030662,0.8259365994236312,0.1611832855294978
0.382620236717329,0.0893168785838943,0.8259365994236312,0.1612014174025536
0.38262059390013425,0.0892712424412443,0.8253602305475505,0.16111611161116113
0.3827093032772936,0.08928237421285616,0.8253602305475505,0.1611342410262181
0.3827278469227814,0.08928794113979299,0.8253602305475505,0.16114330726382714
0.3827660315204283,0.08931021579144319,0.8253602305475505,0.1611795824188193
0.3827671368158414,0.0892756878158338,0.8247838616714698,0.16111236208061247
0.3828228596476701,0.08929239985024336,0.8247838616714698,0.16113957547435392
0.38284412766740594,0.08929797191887676,0.8247838616714698,0.16114864864864867
0.3829002153827218,0.08930354468297554,0.8247838616714698,0.16115772284475477
0.38297910837668453,0.08930911814266991,0.8247838616714698,0.1611667980628449
0.38299107606632815,0.08931469229809012,0.8247838616714698,0.16117587430309174
0.38306010607027746,0.08932026714936646,0.8247838616714698,0.16118495156566795
0.38307941005251495,0.08933141894000873,0.8247838616714698,0.16120310915849947
0.3831243957290933,0.08927456611312273,0.8242074927953891,0.16109953247338477
0.3831344396164374,0.08929686524291246,0.8242074927953891,0.16113583863879657
0.38321906378254805,0.0892399925060888,0.8236311239193084,0.16103222898354744
0.38322298450969455,0.0891942535915053,0.8230547550432277,0.16094674556213018
0.38340189599668756,0.08919982509838216,0.8230547550432277,0.16095581605049594
0.38342980451169034,0.08920539730134933,0.8230547550432277,0.1609648875612918
0.3834415468973836,0.08921654379607648,0.8230547550432277,0.16098303365086522
0.38354157685102835,0.08923884514435695,0.8230547550432277,0.16101933810678243
0.38356752076297645,0.08924442222361102,0.8230547550432277,0.16102841677943164
0.38358266166632754,0.08919307456716044,0.822478386167147,0.16093379948122252
0.3836033648882922,0.08919864983122891,0.822478386167147,0.1609428748660689
0.3836088548698445,0.08920422579233607,0.822478386167147,0.16095195127453193
0.38360901391530006,0.08922653660976677,0.822478386167147,0.16098826714801445
0.3836264539416618,0.0892432770481551,0.822478386167147,0.16101551480959098
0.3836589869867858,0.08921421421421422,0.8219020172910663,0.1609571646255432
0.38370799943922396,0.08923096176709842,0.8219020172910663,0.16098442086249717
0.38379870072704825,0.08923654568210262,0.8219020172910663,0.16099350832627715
0.38392795716214284,0.08924213029601352,0.8219020172910663,0.16100259681607768
0.3839661038166006,0.08927565266387028,0.8219020172910663,0.16105714931104587
0.3839964672990728,0.08925775133103664,0.8213256484149856,0.16101694915254236
0.3840175788731985,0.08926334252067152,0.8213256484149856,0.16102604666930334
0.38408235690918685,0.08927452700162887,0.8213256484149856,0.16104424478725207
0.3840924125896718,0.08935289691497367,0.8213256484149856,0.16117174687553015
0.38410257071027526,0.08935850003135386,0.8213256484149856,0.16118086189345096
0.38413820348366573,0.08936410385049542,0.8213256484149856,0.16118997794242407
0.38421212882768574,0.08936970837253057,0.8213256484149856,0.16119909502262442
0.3842228746070514,0.08937531359759157,0.8213256484149856,0.16120821313422704
0.38423699595332494,0.08939213349225268,0.8213256484149856,0.1612355736591989
0.384281290810259,0.08940335027291549,0.8213256484149856,0.16125381916940137
0.3843138366965439,0.08940895971891077,0.8213256484149856,0.16126294347309456
0.38433274779834864,0.08941456986885864,0.8213256484149856,0.16127206880941602
0.3844770742395769,0.08942579228114214,0.8213256484149856,0.16129032258064516
0.38449289238778844,0.08945386064030132,0.8213256484149856,0.1613359750919898
0.3845037563524399,0.0894650929181316,0.8213256484149856,0.16135424333352205
0.3845649081582853,0.08953254586579543,0.8213256484149856,0.16146393972012918
0.38458861743464884,0.0895437979137866,0.8213256484149856,0.16148223695393507
0.38461078478413585,0.08954942499842895,0.8213256484149856,0.16149138712601993
0.3846183198270655,0.0895775710334423,0.8213256484149856,0.16153715354531542
0.38464170935038733,0.08958320236373923,0.8213256484149856,0.1615463099421834
0.384689618765497,0.08959446714869537,0.8213256484149856,0.16156462585034012
0.3847631803487305,0.08966996907932101,0.8190201729106629,0.16164258901148904
0.38480843279064464,0.089600303087706,0.8178674351585015,0.1615069428636467
0.3848521256681247,0.08965691539773804,0.8178674351585015,0.16159890673044072
0.3849345730990875,0.08966258056362947,0.8178674351585015,0.16160810887762656
0.3849719480146752,0.08966824644549763,0.8178674351585015,0.16161731207289293
0.3849818633653231,0.08962204525344457,0.8172910662824208,0.16153101327105998
0.3849976701338031,0.08962771000568864,0.8172910662824208,0.16154021417179312
0.3850380322059653,0.0896447085598685,0.8172910662824208,0.16156782316413149
0.38507194877863865,0.08965037617753051,0.8172910662824208,0.1615770282588879
0.3850843408155234,0.0896560445118867,0.8172910662824208,0.16158623440259814
0.3851083776204454,0.08966171356307304,0.8172910662824208,0.1615954415954416
0.38517122215900007,0.0896673833312255,0.8172910662824208,0.1616046498375976
0.3852653137439838,0.08967305381648011,0.8172910662824208,0.16161385912924547
0.38526680451086165,0.08970709179477447,0.8172910662824208,0.16166913692851442
0.38532102437256727,0.08971276730355561,0.8172910662824208,0.16167835357163216
0.3853769439776043,0.08972979813959375,0.8172910662824208,0.16170600980727562
0.3853962923242853,0.08975251598202418,0.8172910662824208,0.16174289950952433
0.3854751687998111,0.08975819724015698,0.8172910662824208,0.1617521245651058
0.3855545656590475,0.08976956191440871,0.8172910662824208,0.161770577833552
0.38558897292255156,0.08977524533080089,0.8172910662824208,0.16177980604677697
0.3856097658288472,0.08982073858237791,0.8172910662824208,0.16185366967241183
0.38561936819415554,0.08983211910041178,0.8172910662824208,0.16187214611872144
0.3856658599867175,0.08983781044095286,0.8172910662824208,0.16188138592385412
0.3856968495110979,0.08978583196046129,0.8167146974063401,0.16178569389735686
0.3857209113079778,0.08980290259205273,0.8167146974063401,0.16181340641772296
0.38572107578319126,0.08975659229208925,0.8161383285302594,0.1617269145108789
0.38578089570893537,0.0897622820919176,0.8161383285302594,0.16173615077098802
0.3858571351883778,0.0897679726131609,0.8161383285302594,0.16174538808612712
0.38588864893286995,0.0898021308980213,0.8161383285302594,0.16180083414271837
0.3858933512565887,0.08980782647301326,0.8161383285302594,0.16181007884813167
0.38592435279832055,0.08984771573604061,0.8161383285302594,0.16187482137753648
0.3859270466857838,0.08987622976832751,0.8161383285302594,0.16192109777015437
0.38597036578285393,0.0898933468765871,0.8161383285302594,0.16194887630811458
0.3860163332996321,0.08989905402831566,0.8161383285302594,0.16195813793892255
0.3860327002818436,0.08992188988378738,0.8161383285302594,0.1619951950577737
0.38604588706304527,0.0899333121625913,0.8161383285302594,0.16201372997711672
0.3860500250013025,0.08994473734358127,0.8161383285302594,0.16203226913834537
0.3861115215200643,0.08995045102274171,0.8161383285302594,0.16204154031012188
0.38623154837427864,0.0899904671115348,0.8161383285302594,0.16210646823125358
0.38624682625811496,0.09000190682005975,0.8161383285302594,0.16212502862376918
0.38629609153551636,0.09000762776506484,0.8161383285302594,0.1621343104139234
0.38635774110727555,0.09001907183725366,0.8161383285302594,0.1621528771829373
0.3863602274664801,0.09002479496471485,0.8161383285302594,0.16216216216216217
0.3865718683903536,0.09003051881993897,0.8161383285302594,0.16217144820477583
0.38661256016987233,0.09003624340306479,0.8161383285302594,0.16218073531096092
0.3866246278039302,0.0900476947535771,0.8161383285302594,0.1621993127147766
0.38668758364862194,0.09006487724208116,0.8161383285302594,0.162227186801856
0.3867007120646521,0.09015088813904629,0.8161383285302594,0.16236670106639148
0.3867745385610523,0.09009295810518274,0.8155619596541787,0.16226133822601915
0.38682914359886383,0.09010443199184921,0.8155619596541787,0.16227994724468145
0.38683643014594066,0.09011017003120422,0.8155619596541787,0.1622892533547425
0.3868509691690425,0.09011590880142657,0.8155619596541787,0.16229856053220162
0.3868648846074578,0.09013312949869419,0.8155619596541787,0.16232648847080416
0.3869839256350307,0.09014461362043702,0.8155619596541787,0.16234511243689764
0.3870512747750301,0.09015035677879715,0.8155619596541787,0.16235442602260342
0.38709857377634643,0.09017333673209278,0.8155619596541787,0.16239169105411141
0.38711185477721427,0.09017908355108023,0.8155619596541787,0.16240100998507978
0.3871420886925954,0.09024234693877552,0.8155619596541787,0.16250358886017802
0.38716200966019804,0.09024810255756106,0.8155619596541787,0.16251292063856665
0.38717061689387755,0.090265373819852,0.8155619596541787,0.1625409224053759
0.38719851628172763,0.09031146285422517,0.8155619596541787,0.16261564098143996
0.3872191144527611,0.09038068472151252,0.8155619596541787,0.1627278477373354
0.3872690262339968,0.09033989266547406,0.814985590778098,0.16265025593834473
0.38732620886520713,0.09034566481374992,0.814985590778098,0.16265961118141034
0.3874030815382828,0.09029907975460123,0.8144092219020173,0.16257262843007536
0.38744898543952216,0.09031062252332865,0.8144092219020173,0.1625913353662045
0.387482501766247,0.0903337169159954,0.8144092219020173,0.16262876215687402
0.38749492774277366,0.09039150460593653,0.8144092219020173,0.16272240456037312
0.3875384387344194,0.09040307101727448,0.8144092219020173,0.16274114598329975
0.38759770462900717,0.09042621272238577,0.8144092219020173,0.16277864178330742
0.3876178442461554,0.090432,0.8144092219020173,0.16278801843317972
0.3876205791060025,0.09044357677782756,0.8144092219020173,0.16280677497407536
0.3877137378908615,0.09044936627832544,0.8144092219020173,0.16281615486547216
0.38775075356399,0.09039114013187376,0.8138328530259366,0.16271030191288313
0.38781010877358335,0.09039692701664533,0.8138328530259366,0.1627196773264189
0.3878458012663613,0.0904027146424227,0.8138328530259366,0.16272905382044486
0.3879286876776896,0.09044324878298744,0.8138328530259366,0.16279471954804867
0.3879395989013098,0.09045483664317745,0.8138328530259366,0.1628134909195734
0.3880047511990408,0.09046642747309072,0.8138328530259366,0.16283226662053854
0.3880659733447986,0.09047802127386903,0.8138328530259366,0.16285104665244218
0.38807602758288645,0.09048381928868952,0.8138328530259366,0.16286043829296423
0.38810292382575673,0.0904896180466547,0.8138328530259366,0.16286983101678298
0.3881265576586607,0.09049541754790745,0.8138328530259366,0.16287922482408582
0.38817063552246833,0.09051282051282052,0.8138328530259366,0.16290741274877418
0.3881726244830844,0.09052442620848827,0.8138328530259366,0.16292621011942537
0.38821762820646044,0.09053023017246907,0.8138328530259366,0.16293561043157168
0.38827578289583625,0.09053603488073865,0.8138328530259366,0.16294501182851537
0.3883232814018324,0.09055926115956901,0.8138328530259366,0.162982628268021
0.388385273415261,0.09057668869074348,0.8138328530259366,0.16301085199722928
0.3884035620064481,0.09058249935848088,0.8138328530259366,0.16302026207931652
0.3884107298353586,0.09059412293083537,0.8138328530259366,0.16303908550314647
0.38848477537210274,0.0906522855675398,0.8138328530259366,0.1631332678643637
0.3885027960887176,0.09065810593900482,0.8138328530259366,0.16314269208549972
0.3885559273446958,0.09066392705791704,0.8138328530259366,0.16315211739557456
0.38858103326595117,0.09066974892442047,0.8138328530259366,0.16316154379477696
0.3885844514113726,0.09068139490077709,0.8138328530259366,0.16318039986131977
0.38861861929357006,0.09070469583092439,0.8138328530259366,0.16321812507224598
0.3886530389796093,0.09071052293460105,0.8138328530259366,0.16322755910063
0.3886621125856203,0.09071635078702217,0.8138328530259366,0.16323699421965315
0.38866822334681356,0.09072217938833205,0.8138328530259366,0.1632464304295046
0.3886900806787573,0.09072800873867506,0.8138328530259366,0.16325586773037346
0.38869575006900414,0.09073383883819561,0.8138328530259366,0.16326530612244897
0.38870234247714863,0.0907630005785177,0.8138328530259366,0.16331251445755263
0.3887105075189414,0.09086813823283352,0.8138328530259366,0.1634826907491027
0.3887415159282204,0.09088568486096807,0.8138328530259366,0.16351108795090036
0.3887443171023587,0.09089153524299967,0.8138328530259366,0.1635205558772438
0.3889473766325213,0.0908505569506149,0.813256484149856,0.16344260396154292
0.3889710208669301,0.09085640695428203,0.813256484149856,0.16345207066319142
0.38903959659641996,0.09087396148644297,0.813256484149856,0.1634804773490905
0.38924647032312154,0.09083880943177426,0.8126801152737753,0.1634119487744104
0.3892875855159398,0.09084466207074286,0.8126801152737753,0.16342141863699583
0.38930531971543464,0.09087979374798583,0.8126801152737753,0.16347826086956524
0.38932926916328403,0.09088565166945985,0.8126801152737753,0.16348773841961853
0.3893608297982082,0.09089151034616129,0.8126801152737753,0.16349721706864564
0.3893702216115356,0.09085047391836998,0.8121037463976946,0.16341916028763628
0.3893776075425278,0.0908797729618163,0.8121037463976946,0.16346655838505714
0.3894393967139857,0.0909325588899645,0.8121037463976946,0.16355194428322692
0.3894776265184718,0.09095603899038152,0.8121037463976946,0.16358992221061186
0.38950950219607133,0.09096191091026469,0.8121037463976946,0.16359941944847603
0.3896218438470515,0.09096778358835303,0.8121037463976946,0.16360891778913145
0.3896498560267398,0.09097365702479339,0.8121037463976946,0.16361841723277012
0.38965920884317745,0.09102067183462532,0.8121037463976946,0.16369445251234388
0.38970975197531393,0.09102655210284902,0.8121037463976946,0.16370396189148367
0.38973015100988384,0.09104419746704574,0.8121037463976946,0.16373249665911335
0.38973372083028707,0.09105008077544427,0.8121037463976946,0.16374201045903544
0.3897827966286683,0.09105596484425488,0.8121037463976946,0.1637515253646348
0.38979407778146186,0.09106773526370217,0.8121037463976946,0.1637705584936363
0.38979690453672544,0.09109717462985711,0.8121037463976946,0.1638181606789908
0.38986477532407693,0.09110895570643389,0.8121037463976946,0.1638372093023256
0.38986689724997575,0.09115021348169233,0.8121037463976946,0.16390391438376084
0.38997807513426624,0.09119741100323625,0.8121037463976946,0.16398021530404422
0.3899883871298974,0.09120331413036442,0.8121037463976946,0.16398975791433892
0.3900159654371772,0.09143413367942894,0.8121037463976946,0.16436278798483522
0.39004218484297626,0.09145787355575749,0.8121037463976946,0.16440114345720785
0.3900742554114589,0.09146974811737212,0.8121037463976946,0.16442032790711245
0.3900943008793917,0.09141669912998313,0.8115273775216139,0.16432281029351695
0.3901244136894271,0.09142857142857143,0.8115273775216139,0.1643419900787861
0.3901569252840773,0.09144638565954406,0.8115273775216139,0.16437076815316365
0.3902021631574575,0.09145826567067229,0.8115273775216139,0.1643899591360187
0.39021258523187,0.09146420683383136,0.8115273775216139,0.16439955630801564
0.3902363762212718,0.09148203495549347,0.8115273775216139,0.1644283545486395
0.3902367017155867,0.09148797920727746,0.8115273775216139,0.16443795620437957
0.39029190620218124,0.09149987002859371,0.8115273775216139,0.1644571628803364
0.3903291662433335,0.09151771205719857,0.8115273775216139,0.1644859813084112
0.3904268062978818,0.09152961060911395,0.8115273775216139,0.16450519920551465
0.3904444824575555,0.09153556104537772,0.8115273775216139,0.1645148098381726
0.39045432467442437,0.09135304076051569,0.8086455331412103,0.16416076756567016
0.3904603439661512,0.09134145546941169,0.8080691642651296,0.1641301802856474
0.3905179267575572,0.09134740682825124,0.8080691642651296,0.1641397880934262
0.3905951857814622,0.0912881996481397,0.807492795389049,0.16403231471724622
0.3907715027642014,0.09129414831226378,0.807492795389049,0.16404191792049644
0.39078290825852,0.09132985658409387,0.807492795389049,0.164099560761347
0.39079419257749276,0.09134176554961533,0.807492795389049,0.16411878404498328
0.39080300973376836,0.09134772119710503,0.807492795389049,0.16412839737582005
0.39086477023825505,0.0913715515554686,0.807492795389049,0.16416686196390906
0.3910000718598068,0.09131824408062096,0.8069164265129684,0.16406890894175555
0.39114812075534366,0.091324200913242,0.8069164265129684,0.16407852329329034
0.39115617643530776,0.09133015852306087,0.8069164265129684,0.16408813877168305
0.39117031056201557,0.09134803601722563,0.8069164265129684,0.16411699196999005
0.3911712866624799,0.09138977740061362,0.8069164265129684,0.16418435557640437
0.39118242405945347,0.09143752857422768,0.8069164265129684,0.16426141030153701
0.3911943587431831,0.09127762521250163,0.8046109510086455,0.16395560514416582
0.39120270947417046,0.09132539578699464,0.8046109510086455,0.1640326655308149
0.3914253796842727,0.09133137062479556,0.8046109510086455,0.16404230317273796
0.39142712744376584,0.09134332264607734,0.8046109510086455,0.16406158185450698
0.3914486557348445,0.09123633745663984,0.8034582132564841,0.16386505230986248
0.39145744206656435,0.09124230920277523,0.8034582132564841,0.16387468406512667
0.391482734843113,0.09125425504058654,0.8034582132564841,0.1638939509728999
0.39161751553537,0.09126620400680896,0.8034582132564841,0.16391322241166442
0.3916291485996983,0.09127815610267155,0.8034582132564841,0.16393249838301877
0.3916776576389977,0.09129011132940407,0.8034582132564841,0.1639517788885622
0.39173713092031387,0.09129609011723099,0.8034582132564841,0.1639614208421548
0.39177087567549296,0.09130206968823684,0.8034582132564841,0.16397106392989474
0.39177683682849546,0.09131403118040089,0.8034582132564841,0.16399035350861715
0.3918355357478969,0.09132001310186702,0.8034582132564841,0.164
0.39185239853780063,0.09132599580712789,0.8034582132564841,0.164009647626331
0.39188707388376515,0.09133197929633755,0.8034582132564841,0.16401929638781035
0.39191657588705026,0.09134394862721971,0.8034582132564841,0.16403859731701578
0.39193919027828095,0.09136789670315265,0.8034582132564841,0.16407721280602636
0.39194476792034116,0.09137388568432092,0.8034582132564841,0.1640868695191572
0.39195754178601133,0.09137987545067192,0.8034582132564841,0.1640965273690406
0.39199540428123614,0.0913978494623656,0.8034582132564841,0.16412550774121387
0.39203610184480486,0.0914278218665967,0.8034582132564841,0.16417383111529854
0.39205098517932807,0.09145781393517911,0.8034582132564841,0.16422218295340754
0.39210502098057354,0.09152386580001313,0.8034582132564841,0.16432865731462926
0.392141860367068,0.09154790832074604,0.8034582132564841,0.16436740950359627
0.39223847642205495,0.09155392092473401,0.8034582132564841,0.16437710040681563
0.3922836779692126,0.09160205020370614,0.8034582132564841,0.16445466879018464
0.3923466891494816,0.09160806992179799,0.8034582132564841,0.16446436998584238
0.3924000577753111,0.09162011173184358,0.8034582132564841,0.16448377581120943
0.3924023930883733,0.09162613382410938,0.8034582132564841,0.16449348044132397
0.39242680627505794,0.09157244280830923,0.8028818443804034,0.164394878149525
0.3925881211997175,0.09159050562167138,0.8028818443804034,0.164423984891407
0.39258908941131326,0.09160255145656605,0.8028818443804034,0.1644433951127376
0.39262071174915997,0.09163870797973818,0.8028818443804034,0.16450165328294758
0.3926314141704903,0.09164473684210526,0.8028818443804034,0.16451136699143784
0.3927043974593407,0.09165076649779591,0.8028818443804034,0.16452108184717137
0.3927603968360608,0.09165679694696671,0.8028818443804034,0.1645307978503514
0.39276333618259546,0.0916628281897743,0.8028818443804034,0.1645405150011812
0.39277679036400476,0.09166886022637537,0.8028818443804034,0.16455023329986418
0.3927892697913796,0.09162114131507931,0.8023054755043227,0.16446124763705106
0.39282630619525916,0.09162717219589257,0.8023054755043227,0.164470963549359
0.3928549797970643,0.09163320387071293,0.8023054755043227,0.16448068060971288
0.3928802545011094,0.09163923633969717,0.8023054755043227,0.16449039881831612
0.392987659751538,0.0916633741604109,0.8023054755043227,0.16452928313929435
0.3930082362260811,0.09166941060256832,0.8023054755043227,0.1645390070921986
0.39306858566547465,0.09162769251037481,0.801729106628242,0.16445968314022225
0.39315040352475883,0.09163372859025033,0.801729106628242,0.1644694058527934
0.39323352368900916,0.09163976546544568,0.801729106628242,0.16447912971502895
0.3932773582191369,0.09165788086452294,0.801729106628242,0.16450830820176215
0.3932877545284129,0.09168808911739502,0.801729106628242,0.16455696202531644
0.39332605163108414,0.09170622362869198,0.801729106628242,0.16458616813583388
0.39334859400793865,0.09171227005999869,0.801729106628242,0.1645959058099633
0.39339031306370403,0.09170075207811057,0.8011527377521613,0.16456520452258333
0.3935817579380448,0.09170680213762618,0.8011527377521613,0.164574946720341
0.3936361166919393,0.09171890465193006,0.8011527377521613,0.16459443457667258
0.3936868358855037,0.09173101036098462,0.8011527377521613,0.16461392704879205
0.3936978476319578,0.09173706441393875,0.8011527377521613,0.16462367501628472
0.3937403723833824,0.09167711702197874,0.8005763688760807,0.16451498282600968
0.39387547163840125,0.09168316831683168,0.8005763688760807,0.164524726088244
0.39387595781793144,0.09171343677781446,0.8005763688760807,0.1645734597156398
0.39388287914488834,0.09171949286846276,0.8005763688760807,0.1645832099058001
0.39392601152662576,0.09174372523117569,0.8005763688760807,0.1646222222222222
0.3940297797804212,0.09174978532267652,0.8005763688760807,0.16463197819130024
0.3940503404825058,0.09179222839016653,0.8005763688760807,0.1647003023655659
0.39409068343571324,0.0917982948912828,0.8005763688760807,0.16471006759160442
0.3941035550870965,0.09183471074380166,0.8005763688760807,0.16476868327402136
0.39426165438000466,0.09186507936507937,0.8005763688760807,0.16481756155443492
0.39429015757160274,0.0918772324381532,0.8005763688760807,0.1648371209873613
0.39430983318206997,0.09192587690271344,0.8005763688760807,0.16491540516473732
0.39439794596523364,0.09195021845624256,0.8005763688760807,0.16495457514399384
0.39441830935208133,0.09189010261502814,0.8,0.1648456057007126
0.3944295416713768,0.09189618644067797,0.8,0.1648553952134925
0.39448551942477883,0.0919387957872425,0.8,0.16492395437262355
0.39452272374752534,0.09194488606253312,0.8,0.16493375319351194
0.3945568487108729,0.0919631617306036,0.8,0.16496315664368907
0.39459442381038734,0.0919875405924846,0.8,0.16500237755587258
0.3946211486018764,0.09292807300053677,0.7982708933717579,0.1664763507422321
0.3946501501610868,0.0929343085284842,0.7982708933717579,0.16648635653323718
0.39465985611322013,0.09287343980673735,0.7976945244956772,0.16637614954619223
0.39472403501885456,0.092843716433942,0.7971181556195965,0.1663159160603692
0.39474351834713345,0.09284994964753272,0.7971181556195965,0.16632591701743837
0.39474382517498785,0.09285618369813348,0.7971181556195965,0.1663359191773408
0.39476413891630957,0.0928873665121902,0.7971181556195965,0.16638594802694898
0.3947859594969634,0.09290608625554211,0.7971181556195965,0.1664159797846098
0.39483266226424435,0.09291232784682567,0.7971181556195965,0.1664259927797834
0.39484656388528505,0.09293730260063168,0.7971181556195965,0.16646605681271062
0.394883911465516,0.09294354838709677,0.7971181556195965,0.16647607583508878
0.3949211929742568,0.09296229078443234,0.7971181556195965,0.1665061401396581
0.39493836710783337,0.09298104074223477,0.7971181556195965,0.16653621530495513
0.3949462544374449,0.09298729240906341,0.7971181556195965,0.16654624277456645
0.3949512940818021,0.09299354491662185,0.7971181556195965,0.16655627145179744
0.394997464732456,0.09299979826507969,0.7971181556195965,0.1665663013368662
0.39505261972884587,0.0930060524546066,0.7971181556195965,0.16657633242999098
0.39506481016877293,0.09301230748537224,0.7971181556195965,0.16658636473139
0.3950928825605425,0.09303107762679941,0.7971181556195965,0.1666164688874164
0.3951444404387758,0.09303733602421796,0.7971181556195965,0.16662650602409637
0.39516676581704296,0.09304359526372444,0.7971181556195965,0.16663654437014278
0.3951761214483613,0.09304985534548879,0.7971181556195965,0.1666465839257742
0.39520167120103206,0.0930623780364713,0.7971181556195965,0.16666666666666666
0.3952414347886771,0.09306864064602961,0.7971181556195965,0.16667670985236518
0.395406367384583,0.09307490409852615,0.7971181556195965,0.16668675424852356
0.3955408111848881,0.09308116839413111,0.7971181556195965,0.1666967998553607
0.3956713794222374,0.09308743353301474,0.7971181556195965,0.16670684667309546
0.3957051857221384,0.09309369951534734,0.7971181556195965,0.16671689470194687
0.39575044866266007,0.0931062340110408,0.7971181556195965,0.1667369943938755
0.3958294047485123,0.09311877188257474,0.7971181556195965,0.16675709893289925
0.3958454001619131,0.0931250420847081,0.7971181556195965,0.1667671530206198
0.3958614639387185,0.09313758502256045,0.7971181556195965,0.16678726483357453
0.3959236942479383,0.09314385775862069,0.7971181556195965,0.16679732255924742
0.3959430371300158,0.09315013133966459,0.7971181556195965,0.16680738149800992
0.39595942553052926,0.09315640576586286,0.7971181556195965,0.16681744165008142
0.39595973837074544,0.0931815119256165,0.7971181556195965,0.16685769439584966
0.39604116524255667,0.09319407008086253,0.7971181556195965,0.16687782805429863
0.3961835277562991,0.09320663162151234,0.7971181556195965,0.16689796657213543
0.3962165927792768,0.09321291366179146,0.7971181556195965,0.166908037653874
0.3962921670719386,0.09321919654893503,0.7971181556195965,0.16691810995111941
0.39635952861927637,0.09317063304793366,0.7965417867435158,0.16682761950748431
0.3963753440536433,0.09319576505495987,0.7965417867435158,0.1668679063028254
0.3963847467939796,0.09320205017534394,0.7965417867435158,0.16687798104208176
0.39645863211588167,0.09323348849760507,0.7965417867435158,0.16692837299190724
0.3964591891566475,0.09323977870732694,0.7965417867435158,0.16693845503412452
0.3964648052907486,0.0932523616734143,0.7965417867435158,0.16695862277257625
0.39648748630394803,0.09325865443012349,0.7965417867435158,0.16696870846925213
0.3965060504870201,0.09326494803617222,0.7965417867435158,0.16697879538452243
0.39650795922447085,0.09327124249173246,0.7965417867435158,0.16698888351860802
0.39651186441858877,0.0932838339520756,0.7965417867435158,0.16700906344410874
0.3965278226162956,0.09329013095720265,0.7965417867435158,0.16701915523596592
0.3966144843753465,0.09329642881252953,0.7965417867435158,0.16702924824752235
0.3966355284123988,0.09330272751822846,0.7965417867435158,0.1670393424789992
0.3966908719342872,0.09332162873928017,0.7965417867435158,0.1670696324951644
0.396844222540978,0.0933342338083339,0.7965417867435158,0.16708983194293314
0.3969058836399634,0.0933468422830125,0.7965417867435158,0.1671100362756953
0.3969389254158851,0.09336576138359681,0.7965417867435158,0.16714035193807827
0.3969598127506164,0.09337206945476657,0.7965417867435158,0.1671504596032898
0.39698089153109256,0.09332972899912144,0.7959654178674351,0.16706992499395112
0.3969959195429885,0.09334234538695506,0.7959654178674351,0.16709013914095583
0.3970007824913923,0.09334865486007841,0.7959654178674351,0.1671002480488838
0.39701765160021857,0.09329367225527312,0.7953890489913544,0.16699945543655836
0.39704411591014366,0.09329997971739572,0.7953890489913544,0.16700956069224254
0.39722812551179204,0.09331890722207195,0.7953890489913544,0.1670398837983417
0.3972509964577644,0.09332521809697708,0.7953890489913544,0.167049993947464
0.39727158019275827,0.09334415584415584,0.7953890489913544,0.1670803317392094
0.3973542291315868,0.09335678527939385,0.7953890489913544,0.16710056305624507
0.3973622866150337,0.09336310127866856,0.7953890489913544,0.16711068055219183
0.3973831472754168,0.09338205440519691,0.7953890489913544,0.1671410403924181
0.39739852443778917,0.09339469409853816,0.7953890489913544,0.16716128641511718
0.3974056648798655,0.09340733721402464,0.7953890489913544,0.1671815373432673
0.3974810923483781,0.09341366005550666,0.7953890489913544,0.16719166464744364
0.3975757983482958,0.0934199837530463,0.7953890489913544,0.1672017931786515
0.3975918298087624,0.09342630830681742,0.7953890489913544,0.1672119229371138
0.3976253970084737,0.09345161508769553,0.7953890489913544,0.16725245424796994
0.3976455660323597,0.09345794392523364,0.7953890489913544,0.16726259014605177
0.39765682263507995,0.0934642736200474,0.7953890489913544,0.16727272727272727
0.3976836231817175,0.09350860550210055,0.7953890489913544,0.16734372157885163
0.39768796370357823,0.09351494206139459,0.7953890489913544,0.16735386854232356
0.39773522884797796,0.09354029688876839,0.7953890489913544,0.16739446870451238
0.3978592577645468,0.0935593220338983,0.7953890489913544,0.16742493175614195
0.3979122977875133,0.09356566546884534,0.7953890489913544,0.16743508857073525
0.3979250001488582,0.0935720097640358,0.7953890489913544,0.16744524661772736
0.3979838578994656,0.093603744149766,0.7953890489913544,0.16749605534652265
0.39799241559732357,0.09358034744842562,0.7948126801152737,0.16744581385465362
0.398005899603066,0.09362482178016159,0.7948126801152737,0.16751700680272108
0.3980346780120374,0.09363753649758946,0.7948126801152737,0.1675373587656421
0.3980497978760883,0.09365661505025809,0.7948126801152737,0.16756789598396016
0.3981053408333652,0.09366297629559193,0.7948126801152737,0.16757807753068416
0.3981198392174303,0.0936757013789824,0.7948126801152737,0.16759844433641222
0.3981293189348545,0.09362049052245397,0.7942363112391931,0.16749726510271057
0.39814249614656005,0.09363321329075219,0.7942363112391931,0.1675176270362266
0.3981810079480142,0.09364593951749915,0.7942363112391931,0.16753799392097266
0.39820767411103075,0.09365230392823162,0.7942363112391931,0.16754817922062132
0.39821471836147854,0.09374149659863945,0.7942363112391931,0.16769090355947672
0.39824979272839567,0.09375425227922166,0.7942363112391931,0.1677113126026897
0.3982777908681572,0.09378615667324576,0.7942363112391931,0.16776235695154615
0.39831676110403097,0.09379254015790907,0.7942363112391931,0.1677725695501309
0.3984085491790158,0.09379892451160575,0.7942363112391931,0.16778278339218314
0.39844112863143655,0.09392039258451472,0.7942363112391931,0.16797708295239838
0.39859433300193,0.09392679435621294,0.7942363112391931,0.16798732171156894
0.39872635134072815,0.09387782928824652,0.7936599423631124,0.16789611656404319
0.3987292877953122,0.09382244647483977,0.7930835734870317,0.1677946466678861
0.39873152895977937,0.09382884418683941,0.7930835734870317,0.16780487804878047
0.398755965975623,0.09383524277141299,0.7930835734870317,0.16781511067748034
0.3987753615271102,0.09386084583901773,0.7930835734870317,0.16785605367490086
0.39884689996426087,0.09387365261290763,0.7930835734870317,0.167876532666382
0.39884783357520887,0.09391209391209392,0.7930835734870317,0.1679379996338561
0.3989132019473043,0.09391850385639205,0.7930835734870317,0.1679482485048212
0.3989532390240079,0.09392491467576791,0.7930835734870317,0.1679584986267928
0.398973416620436,0.0939377389404697,0.7930835734870317,0.1679790026246719
0.39919274655645487,0.09394415238615417,0.7930835734870317,0.16798925650103774
0.3992172880246675,0.09395056670763348,0.7930835734870317,0.16799951162932664
0.39922538125006424,0.09392302959874223,0.7919308357348703,0.16792960156440967
0.3992304557883071,0.09486877640052628,0.7896253602305475,0.16938674579624136
0.3992338226363629,0.09490163480188418,0.7896253602305475,0.16943911941129183
0.3993332693877534,0.09490820921371666,0.7896253602305475,0.1694495980210266
0.3993485592342822,0.09491478453651102,0.7896253602305475,0.16946007792689713
0.3994595334246764,0.09493451597255907,0.7896253602305475,0.1694915254237288
0.39950433310764527,0.09494109494109494,0.7896253602305475,0.16950201051654812
0.39953061878794294,0.09498717326492408,0.7896253602305475,0.16957544250526055
0.3995520583075983,0.09500034671659385,0.7896253602305475,0.16959643476107947
0.3995537214185791,0.09500693481276005,0.7896253602305475,0.1696069328381306
0.3995882135619316,0.0950135238227339,0.7896253602305475,0.16961743221493128
0.3997136732333566,0.09505967249514294,0.7896253602305475,0.1696909642658079
0.3997190088597052,0.09508606329816768,0.7896253602305475,0.16973301121229015
0.39976396298773414,0.09509926419547411,0.7896253602305475,0.16975404250046466
0.3997902541991205,0.09510586601874349,0.7896253602305475,0.16976456009913257
0.3998108683432512,0.09511246875867814,0.7896253602305475,0.16977507900117725
0.3998553539081914,0.09512567698930705,0.7896253602305475,0.16979612071636613
0.3998638629867072,0.09517193469954846,0.7896253602305475,0.16986980781153133
0.39987367030242443,0.0951917732073374,0.7896253602305475,0.16990140757735472
0.3998901188398083,0.09519504902301648,0.7890489913544668,0.1698932737652023
0.399958699967812,0.09526129009811425,0.7890489913544668,0.1699987582267478
0.40000749672314434,0.09532098593510653,0.7890489913544668,0.17009380629931042
0.40001107325141905,0.0953276234245526,0.7890489913544668,0.17010437375745527
0.40011722956028273,0.09533426183844011,0.7890489913544668,0.17011494252873563
0.4001617817463336,0.09534754144031202,0.7890489913544668,0.1701360840116821
0.4001919549270278,0.09537411174585482,0.7890489913544668,0.17017838274597552
0.4003449221632421,0.09538075663624329,0.7890489913544668,0.17018896071606165
0.4004442029886395,0.0954006968641115,0.7890489913544668,0.1702207025178738
0.40047330509967505,0.09540734545961391,0.7890489913544668,0.17023128574981344
0.400547092541127,0.09541399498187901,0.7890489913544668,0.17024187029783003
0.40056695519096014,0.09542729680747247,0.7890489913544668,0.17026304334307568
0.40057962520117035,0.09537088678192973,0.7884726224783861,0.17015983581068475
0.4005951579274496,0.09534105175059283,0.7878962536023055,0.17009892366079762
0.4006018874485196,0.09535435267857142,0.7878962536023055,0.17012009209134465
0.4006530099712292,0.09536100453435647,0.7878962536023055,0.170130678282514
0.40070808138927017,0.09536765731826427,0.7878962536023055,0.17014126579127514
0.4007401225606694,0.09540438608744238,0.7873198847262248,0.17018625802030773
0.4007718316251126,0.09541104980093595,0.7873198847262248,0.17019686020433591
0.4008180077286398,0.09545105163859968,0.7873198847262248,0.17026050105945406
0.40085927498424084,0.09545772187281622,0.7873198847262248,0.17027111249610472
0.40087160043013853,0.09546439303934587,0.7873198847262248,0.17028172525554724
0.4009366809255815,0.09547106513838412,0.7873198847262248,0.17029233933802904
0.4010352852453295,0.09550443962805005,0.7873198847262248,0.17034542960468885
0.40104671258411445,0.09551111732624808,0.7873198847262248,0.17035605163060424
0.401052353642004,0.09552447552447553,0.7873198847262248,0.17037729965700033
0.4010921741148603,0.09554451982933483,0.7873198847262248,0.17040918163672655
0.401102768861926,0.0955512031337437,0.7873198847262248,0.17041981161499595
0.4011427855290071,0.09555788737320742,0.7873198847262248,0.1704304429195259
0.4012395329800953,0.09556457254792221,0.7873198847262248,0.17044107555056462
0.4012458933441672,0.09557794570389029,0.7873198847262248,0.17046234479316155
0.40130240265878003,0.09559132260321904,0.7873198847262248,0.1704836193447738
0.4013625008594822,0.09559801245713485,0.7873198847262248,0.1704942586120819
0.4013811022462923,0.09564486766559305,0.7873198847262248,0.17056877068115125
0.40138682178306245,0.09565156501645543,0.7873198847262248,0.17057942057942058
0.4014185907071749,0.09559492961691995,0.7867435158501441,0.17047583364556015
0.40150422049845935,0.09562171628721541,0.7867435158501441,0.17051842598376016
0.4015282855270606,0.09570216644464699,0.7867435158501441,0.17064633079134892
0.40153682409800384,0.09572230014025246,0.7867435158501441,0.17067833698030635
0.40154478767439833,0.0957357273109833,0.7867435158501441,0.1706996811104858
0.40155114389874075,0.09574244230904118,0.7867435158501441,0.17071035517758879
0.4016128957821232,0.09575587513153279,0.7867435158501441,0.17073170731707316
0.4016161625643432,0.09578947368421052,0.7867435158501441,0.1707851110416015
0.4016443674946267,0.09579619622429644,0.7867435158501441,0.17079579579579582
0.40164744647194794,0.09573945392012354,0.7861671469740634,0.1706920285320986
0.40175313842673843,0.0962800875273523,0.7861671469740634,0.17155074833354295
0.40175395932502794,0.09684330809884302,0.7815561959654179,0.17233271906970832
0.4017578840551098,0.09685714285714286,0.7815561959654179,0.17235462345090566
0.40175800899309294,0.09686406171869419,0.7815561959654179,0.1723655777297572
0.4017959741159491,0.09687098156879555,0.7815561959654179,0.1723765334011314
0.4018540365925222,0.09687790240765878,0.7815561959654179,0.17238749046529367
0.4018809465334852,0.09688482423549585,0.7815561959654179,0.1723984489225097
0.4018937264073817,0.09693330473943813,0.7815561959654179,0.17247519715085222
0.4018970047343328,0.097155549186788,0.7815561959654179,0.17282691817486617
0.40195425736833595,0.0971694733070584,0.7815561959654179,0.17284894837476097
0.4020172203548831,0.09718340141904967,0.7815561959654179,0.1728709841917389
0.4020502502076006,0.09722520972252097,0.7815561959654179,0.17293712536666242
0.402073882274982,0.09726705401334194,0.7815561959654179,0.17300331717274817
0.402111946764443,0.09723019517795638,0.7809798270893372,0.17293089145555485
0.40212157728538706,0.09725113040981842,0.7809798270893372,0.1729640030635691
0.40213706984281894,0.0972631276488758,0.7804034582132565,0.17296882984159428
0.40215850029310585,0.09728409254203191,0.7804034582132565,0.17300198045103177
0.4021871390683692,0.09729108284831502,0.7804034582132565,0.17301303347814975
0.4021992908223631,0.09730506647502694,0.7804034582132565,0.17303514376996806
0.4022389598364363,0.09731905412204413,0.7804034582132565,0.17305725971370145
0.4022725321435283,0.09735404083980442,0.7804034582132565,0.17311257431438978
0.4023063286969897,0.09736104120227224,0.7804034582132565,0.17312364147807188
0.4023246179987029,0.09739605812113365,0.7804034582132565,0.17317899852912963
0.40234395222455,0.09740306452773181,0.7804034582132565,0.1731900741877718
0.4023757232668319,0.0974240897970931,0.7804034582132565,0.17322330966545127
0.40240092192697047,0.09743110023746132,0.7804034582132565,0.1732343909928352
0.40251153157228914,0.09743811168681635,0.7804034582132565,0.17324547373808455
0.4025302911037725,0.09745915209098106,0.7804034582132565,0.17327873048374712
0.402626924402716,0.09752232785940651,0.7804034582132565,0.1733785773737115
0.40262797720505034,0.09755043227665706,0.7804034582132565,0.173422990714057
0.40264242635269204,0.09755746091216946,0.7804034582132565,0.17343409760471373
0.40269764087488935,0.0975785528970885,0.7804034582132565,0.17346742681442573
0.4027131019289273,0.09759965400418079,0.7804034582132565,0.17350076883649412
0.40272052918073664,0.09760668973471742,0.7804034582132565,0.17351188569231757
0.4027362023429121,0.0976418836085671,0.7804034582132565,0.17356749134726318
0.4027742766572616,0.09764892542910716,0.7804034582132565,0.17357861675533617
0.4028142894638557,0.09765596826541652,0.7804034582132565,0.17358974358974358
0.4028393471355369,0.09776173285198556,0.7804034582132565,0.17375681745267885
0.402879065300909,0.09776879197053939,0.7804034582132565,0.17376796714579057
0.4029185645835388,0.09777585210860774,0.7804034582132565,0.17377911826990952
0.40292822825791047,0.0977829132664115,0.7804034582132565,0.17379027082531126
0.40298608928422464,0.09780410286044496,0.7804034582132565,0.1738237370819693
0.4030394769181191,0.0978394392658429,0.7804034582132565,0.1738795428277899
0.40304740320754534,0.09790310918293564,0.7804034582132565,0.17398008352071953
0.40306785688307895,0.09791726930864912,0.7804034582132565,0.17400244168862045
0.40307696501726437,0.0979314335310285,0.7804034582132565,0.17402480560375297
0.4031050223129328,0.09793851717902351,0.7804034582132565,0.17403598971722367
0.40310984614162104,0.09794560185185185,0.7804034582132565,0.17404717526833344
0.4032022131745302,0.09792284866468842,0.7798270893371758,0.1739969135802469
0.4032151962475355,0.0978788098168392,0.7792507204610951,0.1739130434782609
0.40322291864258364,0.09789298385345015,0.7792507204610951,0.17393541747073205
0.40328898111093425,0.09784891721590498,0.7786743515850144,0.17385149916355683
0.403350208019734,0.09785600463566566,0.7786743515850144,0.17386268579885464
0.40339173678274043,0.09787018255578094,0.7786743515850144,0.17388506338889248
0.40347239265618506,0.09785289424053388,0.777521613832853,0.17382900586302427
0.4034874314654103,0.09785999274573812,0.777521613832853,0.173840206185567
0.4035015872764958,0.09787419284625988,0.777521613832853,0.1738626111612321
0.40351550996331864,0.09824484742553347,0.777521613832853,0.17444717444717445
0.4035363409644355,0.09825915944351372,0.777521613832853,0.17446973616140712
0.40357214606032216,0.0982806352906892,0.777521613832853,0.17450358967725244
0.4035770063084656,0.09834511919515929,0.777521613832853,0.17460522909655707
0.4036631896986841,0.09835228929717119,0.777521613832853,0.1746165296744547
0.4036642751990964,0.09829371445238443,0.7769452449567723,0.1745096770017477
0.40370053950280066,0.09799343305363006,0.7740634005763689,0.17396373056994818
0.40372025862757555,0.0980005837711617,0.7740634005763689,0.17397499838072414
0.4037597775551283,0.0980363530184685,0.7740634005763689,0.17403135933652972
0.4037604012313832,0.09797050664330559,0.7734870317002882,0.17391304347826084
0.4037845957085032,0.09798481308411215,0.7734870317002882,0.173935584213596
0.4039359296459257,0.09799196787148594,0.7734870317002882,0.17394685677252106
0.4039460423018666,0.09800628058131892,0.7734870317002882,0.17396940627430646
0.4039536813653167,0.09802059747279235,0.7734870317002882,0.17399196162323352
0.40396769430980056,0.09795471146822499,0.7729106628242075,0.17387358184764992
0.4040275265531126,0.09799050054804531,0.7729106628242075,0.17392996108949418
0.40410882073441906,0.09801198655167373,0.7729106628242075,0.1739638061879743
0.40412789071875127,0.09802631578947368,0.7729106628242075,0.17398637690561142
0.40413845321294767,0.09803348197967687,0.7729106628242075,0.17399766446087972
0.4041555314801711,0.09804064921772189,0.7729106628242075,0.17400895348082784
0.4041631799235255,0.09804781750383856,0.7729106628242075,0.17402024396574098
0.4041979815814303,0.09806215722120658,0.7729106628242075,0.17404282933160287
0.404218995595885,0.09806932865291795,0.7729106628242075,0.17405412421312222
0.4042636614704438,0.09810520155095472,0.7729106628242075,0.17411062061802132
0.40430982995475584,0.09812673788965315,0.7729106628242075,0.17414453606908642
0.4043424355273779,0.09813391877058178,0.7729106628242075,0.17415584415584417
0.404467963588259,0.09816983894582723,0.7729106628242075,0.17421240662552778
0.4044764761732409,0.09817702613661322,0.7729106628242075,0.1742237235286475
0.4044881282778304,0.09819859402460457,0.7729106628242075,0.17425768306152944
0.4044999612560421,0.09820578542658367,0.7729106628242075,0.17426900584795324
0.4045206135777197,0.0980736834395371,0.7717579250720461,0.17403171302313492
0.40457268615275366,0.09808805215735111,0.7717579250720461,0.1740543351098401
0.4045825270484615,0.0981168022275958,0.7717579250720461,0.17409959693147836
0.4046356932461592,0.09812399237871904,0.7717579250720461,0.17411091606527535
0.4046961496766705,0.09818155154714768,0.7717579250720461,0.17420152214922266
0.40475662755011255,0.09823197124202186,0.7717579250720461,0.17428087986463622
0.40475796997771085,0.0982680170262733,0.7717579250720461,0.17433760822863095
0.40477284434572003,0.0982824427480916,0.7717579250720461,0.17436030991601015
0.40489930621794895,0.09828965719738678,0.7717579250720461,0.17437166297695011
0.4049247598678608,0.09831130690161527,0.7717579250720461,0.17440573103223705
0.40493434362613523,0.09834018801410106,0.7717579250720461,0.1744511758191649
0.40496338380012786,0.09834741094381197,0.7717579250720461,0.17446254071661238
0.4049649005410231,0.09836908610049956,0.7717579250720461,0.174496644295302
0.40498398872433883,0.09837631327602674,0.7717579250720461,0.17450801511794603
0.40498440363273086,0.0984052326008672,0.7717579250720461,0.17455351323165166
0.4050494828400717,0.09883291475845768,0.7711815561959654,0.17521115694362602
0.40505990855740737,0.09872893881170558,0.770028818443804,0.17501801270714612
0.40513422409583183,0.09874353288987435,0.770028818443804,0.17504094333442516
0.4052218353281073,0.09878734102336587,0.770028818443804,0.1751097712825218
0.4052274095752539,0.09879464615839681,0.770028818443804,0.17512124786996985
0.4052416501294332,0.09881656804733728,0.770028818443804,0.17515568666011144
0.405243529244467,0.09882387750573267,0.770028818443804,0.1751671692670775
0.4052721312137569,0.098757212605415,0.7694524495677233,0.17504753163312134
0.4052779756143095,0.09876451875416142,0.7694524495677233,0.17505900865460267
0.4053266665239111,0.09870514243433222,0.7688760806916427,0.17495081967213114
0.40546038440459414,0.0987782302850796,0.7688760806916427,0.17506561679790025
0.40546367799227007,0.09882945621573566,0.7688760806916427,0.17514606446530556
0.40548205778878726,0.09883677854338001,0.7688760806916427,0.1751575630252101
0.40551533816198027,0.0988587520379428,0.7688760806916427,0.17519206776544752
0.4056021070435556,0.09886607870747795,0.7688760806916427,0.17520357236669293
0.40566195421691736,0.09887340646308924,0.7688760806916427,0.17521507847901752
0.4056775953042179,0.09888073530501816,0.7688760806916427,0.17522658610271902
0.40572792269280566,0.09889539624879531,0.7688760806916427,0.17524960588544403
0.4057591247505345,0.09893940517688941,0.7688760806916427,0.17531870153765278
0.4058294633916509,0.0989467438065569,0.7688760806916427,0.17533022277715712
0.40592190019035257,0.09899079845651529,0.7688760806916427,0.17539938202616528
0.4059256985027538,0.09899814471243043,0.7688760806916427,0.17541091387245233
0.4059466156786215,0.09902754064286244,0.7688760806916427,0.17545705642509535
0.40603472120059425,0.09909374535730203,0.7688760806916427,0.17556096598012763
0.40605204559697955,0.09911583327141689,0.7688760806916427,0.17559562985388966
0.40608049111462374,0.0991231980977857,0.7688760806916427,0.1756071875205687
0.4060996800706705,0.09913056401872632,0.7688760806916427,0.1756187467087941
0.40614918203218275,0.09915266835141966,0.7688760806916427,0.17565343340575415
0.4061886176400702,0.09906291834002677,0.7677233429394813,0.17548251103352874
0.4062149165596658,0.09907765545968462,0.7677233429394813,0.17550563278213321
0.40621838938836186,0.09911451744921497,0.7677233429394813,0.1755634638196916
0.4062314129581538,0.09915878805925706,0.7677233429394813,0.17563291139240506
0.40628656521453366,0.09911385806835953,0.7671469740634006,0.17554734898443683
0.40629616941265834,0.09912862143442318,0.7671469740634006,0.1755705052103944
0.4063211361366704,0.09917293793308993,0.7671469740634006,0.17564001055687517
0.40640133293082026,0.09920250428560781,0.7671469740634006,0.17568637803590284
0.40642329260822807,0.09922469062173848,0.7671469740634006,0.17572116971417256
0.40643925738940556,0.09923208827257139,0.7671469740634006,0.17573277000264062
0.40646441843065945,0.09924688688390128,0.7671469740634006,0.1757559751749637
0.40647126612325535,0.09929871680095494,0.7671469740634006,0.17583724156152983
0.4064762786836192,0.09925373134328358,0.7665706051873199,0.17575156921043938
0.4064785356715986,0.09926113889096201,0.7665706051873199,0.1757631822386679
0.40648076619152196,0.09926854754440961,0.7665706051873199,0.17577479680169167
0.40658010400969324,0.09929078014184398,0.7665706051873199,0.17580964970257767
0.4066065324231179,0.09930560740685433,0.7665706051873199,0.17583289264939186
0.4066170851336264,0.09931302270011948,0.7665706051873199,0.17584451642757984
0.40663657328061176,0.09932043910088866,0.7665706051873199,0.1758561417426947
0.4066937407340937,0.09932785660941,0.7665706051873199,0.1758677685950413
0.40671665874612956,0.09933527522593173,0.7665706051873199,0.17587939698492464
0.4067204667904807,0.09935011578396952,0.7665706051873199,0.17590265837852137
0.4068014613620811,0.09928283281039893,0.7659942363112392,0.17578202499834666
0.40682914503224754,0.09930508854516924,0.7659942363112392,0.17581690699828018
0.40686800843038934,0.0993125093409057,0.7659942363112392,0.1758285374082159
0.4068970780727697,0.099245198415664,0.7654178674351585,0.1757078592220164
0.4068988605492115,0.09925261584454409,0.7654178674351585,0.17571948395633477
0.4069098131882398,0.09934171154997008,0.7654178674351585,0.17585910084089254
0.40691223239285407,0.09935657638784977,0.7654178674351585,0.1758823918945765
0.40693587562998834,0.09937888198757763,0.7654178674351585,0.1759173400450391
0.406941352365753,0.09940119760479042,0.7654178674351585,0.17595230208678372
0.40694472303031815,0.09941608025153466,0.7654178674351585,0.17597561783608293
0.4069708479116283,0.0993560946391135,0.7648414985590778,0.17586641044331056
0.40705198969133866,0.09937097498876742,0.7648414985590778,0.1758897209887998
0.4070535315570751,0.09937841683516813,0.7648414985590778,0.17590137857900318
0.40721517751131947,0.09934816812766914,0.7642651296829971,0.17583874817663442
0.40731266312726544,0.09936305732484077,0.7642651296829971,0.17586206896551726
0.40737034488777885,0.0993779509855355,0.7642651296829971,0.17588539594110628
0.40742252769113174,0.09939284911176073,0.7642651296829971,0.17590872910586364
0.4074276159402777,0.09940029985007497,0.7642651296829971,0.17592039800995024
0.4075112058929097,0.09943757030371203,0.7642651296829971,0.17597876575978766
0.40754129524535543,0.0994524863121578,0.7642651296829971,0.17600212370586674
0.4075553485129201,0.09941476590636254,0.7636887608069164,0.17592777003253005
0.4075855698810073,0.09943714821763602,0.7636887608069164,0.1759628154050465
0.4076485600556993,0.09948194308882048,0.7636887608069164,0.17603294805367342
0.4076544253060694,0.09969082271321922,0.7619596541786744,0.17631368364897307
0.407668022033895,0.09969834087481147,0.7619596541786744,0.176325441813938
0.4077049397113805,0.09971338060039221,0.7619596541786744,0.17634896284932966
0.4077103711046963,0.09972090216489402,0.7619596541786744,0.1763607257203842
0.40773386272369955,0.09977358490566038,0.7619596541786744,0.17644310977644312
0.4077797401047271,0.09978111555589102,0.7619596541786744,0.17645488521089164
0.40779667500338934,0.09978864734299517,0.7619596541786744,0.17646666221717947
0.4077991220948208,0.09975081174960357,0.7613832853025937,0.17639204166110298
0.4078366180226906,0.09983373639661426,0.7613832853025937,0.17652168103160285
0.4078926757471957,0.10010609275538042,0.7613832853025937,0.1769472908713415
0.40791314506636167,0.10011367942402426,0.7613832853025937,0.17695914266577362
0.40794204525071787,0.10013644633110977,0.7613832853025937,0.17699470757687413
0.40807468830616345,0.10015922359542043,0.7613832853025937,0.17703028678638436
0.4080769706516192,0.10016681831968456,0.7613832853025937,0.17704214970180257
0.4081053167521211,0.10018960940462647,0.7613832853025937,0.17707774798927614
0.40827525867028813,0.10019720873786407,0.7613832853025937,0.17708961726657282
0.4083063036160845,0.10022761760242792,0.7613832853025937,0.17713711029165272
0.40832377608848064,0.10015934441156385,0.760806916426513,0.17701488534263107
0.4083425489973088,0.1001669449081803,0.760806916426513,0.17702675518004427
0.4083796679418111,0.09990889766170664,0.7585014409221902,0.17656134701817935
0.40857067474522163,0.09991648318274998,0.7585014409221902,0.1765731920032202
0.40857583871550424,0.09992406985573273,0.7585014409221902,0.1765850385776585
0.40865052192533124,0.09994683678894205,0.7585014409221902,0.1766205878405583
0.4086657420852743,0.09995442807230746,0.7585014409221902,0.17663244077578688
0.4088012524548242,0.09999240179317681,0.7585014409221902,0.1766917293233083
0.408897470693849,0.10001519987840098,0.7585014409221902,0.17672732156046464
0.40905547886922544,0.10003800836183961,0.7585014409221902,0.17676292813969108
0.40907786716311206,0.10004561350159648,0.7585014409221902,0.1767748001880583
0.40908753335082176,0.10005321979776477,0.7585014409221902,0.1767866738312735
0.409096995388217,0.10004564820450396,0.7579250720461095,0.17675919080583372
0.40913669797792873,0.10005326029064901,0.7579250720461095,0.17677107138056192
0.40917347255542796,0.10007610350076103,0.7579250720461095,0.17680672268907563
0.40920454270129486,0.10015232292460015,0.7579250720461095,0.1769256643121426
0.4092493149582831,0.10015995125295148,0.7579250720461095,0.17693756727664153
0.409286088120342,0.10017521139635865,0.7579250720461095,0.17696137801103484
0.4095028264065365,0.10013717421124829,0.7573487031700288,0.176886316214579
0.4095576769317456,0.10017534497217352,0.7573487031700288,0.17694586587664962
0.4096630698826717,0.10019062142584827,0.7573487031700288,0.17696969696969697
0.4096714619508049,0.10016783643576442,0.7567723342939481,0.17691841271980058
0.40970947314937495,0.10017547875181201,0.7567723342939481,0.17693033283924
0.40986154392522905,0.10019076688286914,0.7567723342939481,0.17695417789757414
0.40986298263053444,0.10023665928696847,0.7567723342939481,0.17702575165161116
0.40993640754531396,0.10025196609910667,0.7567723342939481,0.17704962243797193
0.4099572677686671,0.10025962125839952,0.7567723342939481,0.17706156024543188
0.4100179749982334,0.10030557677616501,0.7567723342939481,0.17713322091062395
0.4100306548790703,0.10031324012529605,0.7567723342939481,0.17714516999460334
0.4101002225136003,0.10019886798225486,0.7550432276657061,0.17691944088054562
0.41010166060712516,0.1002141982864137,0.7550432276657061,0.17694333761058958
0.4101199556827466,0.10008416864335451,0.7538904899135447,0.1767089975682248
0.4101437811416823,0.10010714832389407,0.7538904899135447,0.17674481453955812
0.4101625679297578,0.10011481056257175,0.7538904899135447,0.17675675675675676
0.41019805801914394,0.10012247397428047,0.7538904899135447,0.17676870058787758
0.4102181716863997,0.1001301385592896,0.7538904899135447,0.17678064603324775
0.4102252830491794,0.10013780431786863,0.7538904899135447,0.17679259309319456
0.41027866328962476,0.10014547125028711,0.7538904899135447,0.17680454176804541
0.4103071341904526,0.10013790989886608,0.753314121037464,0.17677689862717252
0.4103320212319277,0.10014558271396828,0.753314121037464,0.17678885432165564
0.4103565069725042,0.10016860821581852,0.753314121037464,0.17682473111005884
0.4104117103826686,0.10019932536031892,0.753314121037464,0.17687258948508017
0.4104480303271914,0.10023006134969326,0.753314121037464,0.17692047377326564
0.4104868128195996,0.10026850786344457,0.753314121037464,0.17698036560595803
0.41055464179959167,0.1002071664236937,0.7527377521613833,0.1768689057421452
0.41063494222652136,0.10021485573971761,0.7527377521613833,0.176880883050044
0.4106946081417593,0.100222546235899,0.7527377521613833,0.17689286198022483
0.4109695327208115,0.10023793076982117,0.7527377521613833,0.17691682470875103
0.4109849161053789,0.10029951616619308,0.7527377521613833,0.17701274058010305
0.41099448416786755,0.10032263020433246,0.7527377521613833,0.17704873585033554
0.41101040454512255,0.10036117728425421,0.7527377521613833,0.17710876050989965
0.4110813209706992,0.10037660441165168,0.7527377521613833,0.17713278177132782
0.411111648198437,0.10039203628257361,0.7527377521613833,0.1771568095496473
0.41112087250819135,0.10033059122011224,0.7521613832853026,0.17704517704517703
0.4111412561361383,0.10033830539750885,0.7521613832853026,0.17705718743640186
0.41118183534174924,0.10035373731159643,0.7521613832853026,0.1770812131080806
0.41119642563743947,0.10036145504883488,0.7521613832853026,0.17709322838919797
0.41121842011424664,0.10036917397323489,0.7521613832853026,0.1771052453009432
0.4112701114414461,0.10037689408507038,0.7521613832853026,0.1771172638436482
0.4112778647858657,0.10040778641224898,0.7521613832853026,0.17716535433070865
0.4113663820327056,0.10043096813914114,0.7521613832853026,0.17720143933736165
0.4113787821762721,0.10046189376443418,0.7521613832853026,0.17724957555178267
0.4114179189881295,0.10053154610584701,0.7521613832853026,0.1773579777113346
0.41145026711095817,0.10053929121725731,0.7521613832853026,0.17737003058103973
0.4114658393459463,0.10055478502080444,0.7521613832853026,0.17739414123564196
0.411478414038131,0.10056253371349311,0.7521613832853026,0.1774061990212072
0.41148508693250146,0.10057803468208093,0.7521613832853026,0.17743031951053706
0.4115384429772301,0.1004552117892138,0.7504322766570605,0.17719107240065324
0.4115604337893739,0.10047071533297322,0.7504322766570605,0.1772151898734177
0.4115606733071327,0.10048622366288493,0.7504322766570605,0.17723931391233322
0.411628752526627,0.1005172546900332,0.7504322766570605,0.17728758169934644
0.411636088554116,0.10052501544163063,0.7504322766570605,0.1772996527541363
0.411640296986816,0.1005327773917072,0.7504322766570605,0.17731172545281218
0.41165139349289104,0.10054830488840837,0.7504322766570605,0.17733587578316534
0.41171048885630135,0.10050988875154512,0.7498559077809799,0.17726003133728455
0.411728323756871,0.10051765433052616,0.7498559077809799,0.17727210791660988
0.4117512646708031,0.10052542110956575,0.7498559077809799,0.17728418614158206
0.41175977427855437,0.10045591530793602,0.7492795389048992,0.1771599890978468
0.4117633002079113,0.1005180545890358,0.7492795389048992,0.17725661303517862
0.41180347426456365,0.10058027079303675,0.7492795389048992,0.17735334242837653
0.41184016649371236,0.10058805323429279,0.7492795389048992,0.1773654410259909
0.4119325656519393,0.10059583687998143,0.7492795389048992,0.17737754127438943
0.4119407451545112,0.1006036217303823,0.7492795389048992,0.1773896431739101
0.41198230728649277,0.10061919504643962,0.7492795389048992,0.17741385192766973
0.4119823501964286,0.10064306190439297,0.7487031700288185,0.17743477666985383
0.41202166642786503,0.100650860065086,0.7487031700288185,0.1774468957038454
0.41206787059962263,0.10065865943432778,0.7487031700288185,0.1774590163934426
0.4120950352384644,0.10071328888199721,0.7487031700288185,0.17754390760609579
0.41216272712352964,0.1007210979297511,0.7487031700288185,0.17755604155276106
0.41225833261069716,0.10072890818858561,0.7487031700288185,0.177568177158089
0.41228614762555976,0.10079925506324203,0.7487031700288185,0.17767747230201067
0.4123605220934228,0.10080707744839361,0.7487031700288185,0.17768962451268727
0.41250247296269876,0.10082272586153368,0.7487031700288185,0.17771393392160886
0.41251220350400386,0.1008383791336749,0.7487031700288185,0.17773824998289664
0.4125474402215399,0.10084620759257822,0.7487031700288185,0.17775041050903118
0.41263986507722017,0.10085403726708074,0.7487031700288185,0.17776257269928153
0.412655721430881,0.10087753358701561,0.7487031700288185,0.177799069258144
0.4127298885795699,0.10090887904917269,0.7487031700288185,0.17784775465498356
0.41279768216253826,0.10091671845866998,0.7487031700288185,0.1778599301704662
0.4127979982865926,0.10094024399720258,0.7487031700288185,0.17789646672144618
0.41288853420836463,0.10096378050676201,0.7487031700288185,0.17793301828641875
0.4129716046319756,0.100971628449281,0.7487031700288185,0.17794520547945206
0.4129888804181746,0.1009794776119403,0.7487031700288185,0.17795739434207822
0.4129994924034419,0.10099517959881822,0.7487031700288185,0.17798177707748167
0.4130019167740957,0.1010108864696734,0.7487031700288185,0.17800616649537512
0.41301372445900936,0.10101874173730462,0.7487031700288185,0.17801836371111415
0.41309795736373267,0.10107376283846872,0.7487031700288185,0.17810379104682253
0.4131443589176355,0.1011052303860523,0.7487031700288185,0.178152643488994
0.4132665291265057,0.10117610405794844,0.7487031700288185,0.17826265953067105
0.4133516214128422,0.10118398504439943,0.7487031700288185,0.17827489192342003
0.4134493022458196,0.1011918672587053,0.7487031700288185,0.17828712599505903
0.41349593699281223,0.1012076353720296,0.7487031700288185,0.17831159917638983
0.4135035881680973,0.10121552127162226,0.7487031700288185,0.1783238382867733
0.413508553358523,0.10122340840021819,0.7487031700288185,0.17833607907743002
0.41364571534377176,0.10131917883069237,0.7481268011527378,0.17846830743847103
0.41379571766484985,0.10125692872199235,0.7475504322766571,0.17835533553355337
0.4138842439548695,0.10125,0.7469740634005764,0.17832817337461299
0.41392345015674875,0.10125791077427924,0.7469740634005764,0.17834044309894043
0.4139468915157303,0.10128956623681125,0.7469740634005764,0.17838953888506537
0.4139728823484375,0.10133708655876143,0.7469740634005764,0.17846323326907187
0.41397876911434506,0.10135293657621021,0.7469740634005764,0.17848781159619886
0.41399341828003583,0.101464025679167,0.7469740634005764,0.17866004962779158
0.4140086065929557,0.10147196993423113,0.7469740634005764,0.17867236506514095
0.41401731337047687,0.10148786217697729,0.7469740634005764,0.17869700103412617
0.41414269369006607,0.10152761457109283,0.7469740634005764,0.17875862068965515
0.4141862040856107,0.10153556878721404,0.7469740634005764,0.1787709497206704
0.41422030538163496,0.10154352424978454,0.7469740634005764,0.1787832804524762
0.4143095545678273,0.10156739811912226,0.7469740634005764,0.17882028285615728
0.41434633135383786,0.10157535857042088,0.7469740634005764,0.17883262039464606
0.41444719072353803,0.10150493807806867,0.7463976945244957,0.17870696198164632
0.41447245132545335,0.10147427854454204,0.745821325648415,0.17864292123973216
0.4144835723982124,0.10151408174472425,0.745821325648415,0.17870459881231873
0.41448788224249783,0.10209072978303747,0.745821325648415,0.17959750173490632
0.4144895535995246,0.10213907964322362,0.745821325648415,0.17967231324632046
0.4145039926152323,0.10214714240606251,0.745821325648415,0.17968478789141148
0.41452242331760514,0.1021632717511448,0.745821325648415,0.17970974237900145
0.41469586800149927,0.1022763199494151,0.745821325648415,0.179884618057969
0.41477285580314655,0.10228440439490949,0.745821325648415,0.17989712220214094
0.41480254544101935,0.10229249011857708,0.745821325648415,0.17990962808481056
0.41483751973330324,0.102300577120721,0.745821325648415,0.17992213570634036
0.41489034278022013,0.10233293792012653,0.745821325648415,0.1799721835883171
0.4149730436093847,0.10234912599857629,0.745821325648415,0.17999721797190152
0.4149733373143805,0.10235722195855086,0.745821325648415,0.18000973777561383
0.4149910463537766,0.10236531919943043,0.745821325648415,0.18002225932109067
0.41500536269514043,0.10238961861053965,0.745821325648415,0.18005983441174425
0.41501102825110037,0.10239772097808024,0.745821325648415,0.18007236292791542
0.41520502279956323,0.10240582462804686,0.745821325648415,0.18008489318766963
0.4152300652926984,0.10241392956074397,0.745821325648415,0.1800974251913709
0.4153279193622686,0.10243825205826472,0.745821325648415,0.18013503166979883
0.4153280091497556,0.10245447347585115,0.745821325648415,0.18016011138183088
0.4153463110984771,0.10246258611133106,0.745821325648415,0.18017265385686437
0.41549665634011534,0.10247070003167565,0.745821325648415,0.1801851980783959
0.41552931187544706,0.10247881523719014,0.745821325648415,0.18019774404679012
0.41553761382104426,0.10244018380605292,0.7452449567723343,0.18012119523577347
0.4155665916455234,0.1023690674273037,0.7446685878962536,0.17999442741710783
0.41558368268867196,0.10238529201996989,0.7446685878962536,0.18001950675769818
0.4156021021211304,0.10239340624504675,0.7446685878962536,0.1800320490489793
0.41567370859796154,0.10240152175636047,0.7446685878962536,0.18004459308807133
0.41572324171632763,0.10249087735998731,0.7446685878962536,0.18018269297817446
0.41578657983247097,0.10249900833002777,0.7446685878962536,0.18019525801952582
0.4158486291814957,0.10252340898270115,0.7446685878962536,0.18023296366045893
0.41588892323913856,0.10253154511546703,0.7446685878962536,0.18024553571428573
0.41589038774843284,0.10246844987697436,0.7440922190201729,0.1801311566903865
0.41596094276048184,0.1026068987442378,0.7440922190201729,0.18034504435286722
0.4159704349491351,0.10256002544124662,0.7435158501440923,0.18025571159086146
0.41599169240026534,0.10256818001113142,0.7435158501440923,0.18026830631637786
0.4160340190375956,0.1025844930417495,0.7435158501440923,0.18029350104821804
0.4161560577894044,0.10259265150310164,0.7435158501440923,0.1803061010552799
0.41615815691880714,0.10260081126222859,0.7435158501440923,0.1803187028235952
0.41624690973083595,0.10260897231944002,0.7435158501440923,0.18033130635353325
0.41626812516995104,0.10256206238064927,0.7429394812680116,0.18024190729217646
0.4163208608803604,0.10257022360149598,0.7429394812680116,0.18025450985876101
0.4163267185747185,0.10258654994031038,0.7429394812680116,0.18027972027972028
0.41634017437056675,0.10262738853503185,0.7429394812680116,0.18034277719482336
0.4164491584886745,0.10264373307851568,0.7429394812680116,0.18036801231372
0.4164979203761554,0.1027419097720389,0.7429394812680116,0.18051957145858133
0.41651459968786336,0.10275009964129135,0.7429394812680116,0.18053221288515406
0.4165322446119941,0.10277467708499442,0.7429394812680116,0.18057014779015199
0.4165701623723605,0.10274409700063816,0.7423631123919309,0.1805059210987317
0.4165771687814287,0.10275229357798166,0.7423631123919309,0.18051857042747024
0.41657921609150556,0.10277689115863389,0.7423631123919309,0.18055652905305952
0.41660330062257117,0.1028015005187964,0.7423631123919309,0.18059450364554125
0.4167380200940317,0.10290005592394344,0.7423631123919309,0.18074656188605107
0.41673843323805,0.1029082774049217,0.7423631123919309,0.1807592449652656
0.4167422694594114,0.10294940452401886,0.7423631123919309,0.18082268707005475
0.4167913667679306,0.10292706333973128,0.7417867435158502,0.18077112156752578
0.41680014725777315,0.10296,0.7417867435158502,0.18082191780821916
0.416806427192509,0.1029764762361978,0.7417867435158502,0.18084732663528422
0.41684029633709996,0.10298471633191966,0.7417867435158502,0.1808600337268128
0.4168431851157743,0.10300120048019208,0.7417867435158502,0.18088545326774422
0.4168890108442659,0.10301768990634755,0.7417867435158502,0.18091087995501826
0.41689761103569817,0.1030341846129213,0.7417867435158502,0.1809363137916491
0.41691034341751976,0.10305068460245016,0.7417867435158502,0.1809617547806524
0.4169313167355284,0.1029788597053171,0.7412103746397695,0.18083386064824583
0.41696142696960703,0.10298710659085449,0.7412103746397695,0.18084657572774573
0.41703057137801935,0.10300360432519023,0.7412103746397695,0.1808720112517581
0.417068824345478,0.10302836083960903,0.7412103746397695,0.18091017795596817
0.4170751664415336,0.10303661565579682,0.7412103746397695,0.18092290377039955
0.4170761853052568,0.10309443642776976,0.7412103746397695,0.1810120346259413
0.417105970575392,0.1031109685695959,0.7412103746397695,0.1810375167171113
0.41714188861555984,0.10312750601443464,0.7412103746397695,0.18106300598380853
0.4171819269289114,0.1031688728439631,0.7412103746397695,0.18112676056338028
0.4172741813304067,0.10318542886945359,0.7412103746397695,0.1811522749683054
0.417292738144679,0.10323512884322068,0.7412103746397695,0.18122886133032695
0.4173136925062307,0.1032599967881805,0.7412103746397695,0.18126717880047924
0.41744168945850496,0.10328487671672958,0.7412103746397695,0.18130551247709006
0.4175149982080494,0.10322943444730077,0.7406340057636888,0.18120284848057533
0.41758932815791283,0.10326261652201864,0.7406340057636888,0.18125396713449468
0.41761590670366466,0.10327921556019933,0.7406340057636888,0.18127953727869084
0.41770237714219555,0.10324033126959878,0.7400576368876081,0.18120237087214225
0.4177642273053717,0.10324863300096494,0.7400576368876081,0.18121515771646318
0.4177718115070072,0.10320971764138041,0.7394812680115274,0.181137935902866
0.41779994681368815,0.10321802091713596,0.7394812680115274,0.18115072361454287
0.4178211682682729,0.10322632552900475,0.7394812680115274,0.18116351313188364
0.4178944346470301,0.1032346314773093,0.7394812680115274,0.18117630445527078
0.41793946694120887,0.10319568542220076,0.7389048991354467,0.18109902528605734
0.41802327311579635,0.10320399291579456,0.7389048991354467,0.18111181747545385
0.41817097497811206,0.10333709495405449,0.7389048991354467,0.1813167385616293
0.4182264989048566,0.10334542523176139,0.7389048991354467,0.18132956152758134
0.4182289955216651,0.10333978702807357,0.738328530259366,0.18130351709008563
0.4183084333853722,0.10335646280458287,0.738328530259366,0.18132918111685187
0.41846192057553566,0.10328411199870895,0.7377521613832853,0.18120045300113252
0.418469916840174,0.10321174951581666,0.7371757925072047,0.18107170666100375
0.41848209061351366,0.10322841000807102,0.7371757925072047,0.18109734513274334
0.41851195383959994,0.10323674227136977,0.7371757925072047,0.1811101670914755
0.41863868385826053,0.10327008477997578,0.7371757925072047,0.1811614730878187
0.41866213031744975,0.10327842377260982,0.7371757925072047,0.18117430412918759
0.4187198394680056,0.10328676411208916,0.7371757925072047,0.181187136988242
0.41876131601599925,0.1032951057987401,0.7371757925072047,0.181199971665368
0.41876621118026464,0.10330344883288911,0.7371757925072047,0.18121280816095212
0.41877332518131466,0.10328107321803782,0.736599423631124,0.18116096108866683
0.4188512209790232,0.10329776915615907,0.736599423631124,0.18118664492804992
0.4188971586585069,0.10331447049312854,0.736599423631124,0.18121233605104572
0.419039286943343,0.10325867227298456,0.7360230547550433,0.18110906254431997
0.41907014766660017,0.10350150296530994,0.7342939481268012,0.18142979208202792
0.41907684478844115,0.10353514831369362,0.7342939481268012,0.1814814814814815
0.41919933122172093,0.10343145226866157,0.7331412103746398,0.18128696643625739
0.41923587670920787,0.10345668971126475,0.7331412103746398,0.18132573057733428
0.41928673608251044,0.10346510492923378,0.7331412103746398,0.18133865564188467
0.41936677543545275,0.10348193947282786,0.7331412103746398,0.1813645112996364
0.41937325825292165,0.1034903587991213,0.7331412103746398,0.18137744189362612
0.41951644358251894,0.10350720156237285,0.7331412103746398,0.1814033086138049
0.4196058877842937,0.103515625,0.7331412103746398,0.18141624474078302
0.41969514276164543,0.10359149767896408,0.7331412103746398,0.1815327529613244
0.41972699917258466,0.10361681329423265,0.7331412103746398,0.18157162229676685
0.4197315459103228,0.1036336972462115,0.7331412103746398,0.18159754443571988
0.4197769762161472,0.10364214128574921,0.7331412103746398,0.1816105082809823
0.4198217888497561,0.10357754054274305,0.732564841498559,0.18149364558046552
0.41984640832930403,0.10360286925334203,0.732564841498559,0.1815325287438406
0.41989648682836,0.10361131490992093,0.732564841498559,0.18154549350092844
0.4200466186898734,0.1036197619435839,0.732564841498559,0.18155846010999216
0.4201296872720357,0.10362821035466775,0.732564841498559,0.18157142857142858
0.42020787016742833,0.10364511131044606,0.732564841498559,0.18159737105300758
0.42030714243615663,0.1036620177799527,0.732564841498559,0.18162332094884254
0.42032430288690154,0.10369584727094722,0.732564841498559,0.1816752429959977
0.42036380353328906,0.10370430809399478,0.732564841498559,0.18168822814666571
0.4203913106042481,0.10372123388281378,0.732564841498559,0.18171420401744226
0.4204284498198866,0.1037296988492614,0.732564841498559,0.18172719473834717
0.4204614165509713,0.10375510204081632,0.732564841498559,0.18176617804790848
0.4204659066734463,0.1037635725365336,0.732564841498559,0.18177917620137302
0.42049153475399537,0.10377204441541477,0.732564841498559,0.18179217621397412
0.4205011607866778,0.10378899232402417,0.732564841498559,0.1818181818181818
0.42051193208907495,0.10379746835443038,0.732564841498559,0.18183118741058654
0.42052374144177357,0.10380594576935642,0.732564841498559,0.18184419486372416
0.4205351394351059,0.10387381497221314,0.732564841498559,0.1819483215231551
0.4205604952582325,0.10387698347783413,0.7319884726224783,0.18193539144760404
0.420585847335913,0.10390247893315879,0.7319884726224783,0.18197449491331136
0.42060194430911213,0.10391948285737665,0.7319884726224783,0.18200057323015192
0.4206277870068317,0.1038237943175305,0.730835734870317,0.1818181818181818
0.42064597692029837,0.10386631716906947,0.730835734870317,0.18188338234239404
0.4207507819790985,0.10391739059170628,0.730835734870317,0.18196168472411567
0.42075998166938755,0.1039344262295082,0.730835734870317,0.18198780050233224
0.42077617148932367,0.1039770397703977,0.730835734870317,0.18205312275664035
0.4207874468288244,0.10399409497252522,0.730835734870317,0.1820792647903504
0.42084373225763955,0.10401115577065048,0.730835734870317,0.1821054143329025
0.4208938881996903,0.10401968826907301,0.730835734870317,0.18211849192100538
0.42105751770521177,0.10396323951751867,0.7302593659942364,0.18201407843700618
0.42112574888254567,0.10399737338914881,0.7302593659942364,0.18206638884897255
0.4211565490237558,0.10404007226145508,0.7302593659942364,0.18213181916193488
0.4211719923625949,0.10404861624373819,0.7302593659942364,0.18214491086831514
0.4212498448344142,0.10407425661245277,0.7302593659942364,0.18218419728233518
0.42138198127999427,0.10409135721327638,0.7302593659942364,0.18221039764147554
0.4214403608037598,0.10410846343467543,0.7302593659942364,0.1822366055375764
0.421498775334111,0.10411701865395677,0.7302593659942364,0.18224971231300346
0.42153722487380874,0.10412557527942143,0.7302593659942364,0.1822628209738905
0.42173359552100176,0.10414269275028769,0.7302593659942364,0.1822890439536724
0.4218702101205249,0.10415125359638307,0.7302593659942364,0.18230215827338128
0.42190165577561783,0.10420264824409903,0.7302593659942364,0.1823808838347488
0.4219176124661142,0.10421121895048528,0.7302593659942364,0.18239401137263372
0.42195990867607625,0.10421979106687505,0.7302593659942364,0.1824071408004607
0.4219638025679924,0.10422836459361633,0.7302593659942364,0.18242027211863798
0.4220494900759264,0.10423693953105719,0.7302593659942364,0.18243340532757382
0.42205567489956874,0.10424551587954582,0.7302593659942364,0.1824465404276766
0.4221213279761423,0.1042540936394306,0.7302593659942364,0.18245967741935484
0.4223557214405217,0.10427125339478233,0.7302593659942364,0.18248595707907245
0.4223616241691753,0.1042798353909465,0.7302593659942364,0.1824990997479294
0.42257667159586765,0.10433135704874835,0.7302593659942364,0.18257799553281936
0.4226402369177994,0.10434854225004118,0.7302593659942364,0.18260430928875118
0.4226404137571422,0.10437433066974215,0.7302593659942364,0.18264379414732593
0.4227413239500788,0.10438292964244521,0.7302593659942364,0.18265695956173864
0.4227622504521302,0.10441733970660953,0.7302593659942364,0.18270964020477326
0.4227892972396866,0.10442594576774088,0.7302593659942364,0.18272281511393137
0.4228041669877787,0.10443455324760963,0.7302593659942364,0.18273599192327108
0.4229537239575033,0.10446899736147758,0.7302593659942364,0.18278871817067016
0.42306974627064564,0.1044776119402985,0.7302593659942364,0.182801904487087
0.4232684279253565,0.10442098317387001,0.7296829971181557,0.18269716429756835
0.42330183383238407,0.10433347090383821,0.7285302593659942,0.18252707581227434
0.4233067262411093,0.104367929981009,0.7285302593659942,0.1825798064422938
0.4234132718368079,0.10437654830718414,0.7285302593659942,0.18259299386059946
0.4234751100266171,0.10441103584999174,0.7285302593659942,0.18264576258940826
0.4235509755321598,0.10441966129698471,0.7285302593659942,0.18265895953757227
0.42357976797973845,0.10442828816920026,0.7285302593659942,0.18267215839294745
0.4236466789467272,0.10439742106133246,0.7279538904899135,0.18260680980264588
0.42374746348305153,0.10447510094212652,0.715850144092219,0.18233869191807972
0.4238654240898973,0.10454545454545454,0.715850144092219,0.1824458318031583
0.42386993183948024,0.1045228670091805,0.7152737752161383,0.18239271017048794
0.4239514094669602,0.10453167115902964,0.7152737752161383,0.18240611449988975
0.4239979101244566,0.10454047679218263,0.7152737752161383,0.18241952079964724
0.4240348428350812,0.10459334176148335,0.7152737752161383,0.1825
0.42403772221883923,0.10460215778826702,0.7152737752161383,0.18251342010441943
0.42403895164550287,0.10461097530135716,0.7152737752161383,0.1825268421826739
0.42411840099362735,0.10462861478796054,0.7152737752161383,0.1825536922624301
0.4241784650353281,0.10465508517456569,0.7152737752161383,0.18259398219671888
0.42419276379921017,0.10467273954116059,0.7152737752161383,0.18262085203443454
0.42420427979976927,0.10470806614917313,0.7152737752161383,0.18267461544123056
0.4242176810477273,0.10471690152729728,0.7152737752161383,0.18268806123951126
0.42423874711140774,0.10474341661039838,0.7152737752161383,0.18272841051314145
0.42428094957863,0.10475225795560057,0.7152737752161383,0.18274186423207184
0.42430796124674725,0.10474742355127556,0.7146974063400576,0.18271568555219925
0.424346193626815,0.10473372781065089,0.7141210374639769,0.18267600442314783
0.42436435977479164,0.10465804379068391,0.7135446685878962,0.1825420230020643
0.4244329601388468,0.10467574194639384,0.7135446685878962,0.1825689426338298
0.4244652280504698,0.10469344608879493,0.7135446685878962,0.18259587020648965
0.42447099682678274,0.10471115622092532,0.7135446685878962,0.18262280572355805
0.42447626473700845,0.10473773265651438,0.7135446685878962,0.18266322390261897
0.4244833185189463,0.10469252922242928,0.7123919308357348,0.1825566797134628
0.42448809642607294,0.10470139771283354,0.7123919308357348,0.18257016248153618
0.4247135364374193,0.10462555066079295,0.7118155619596542,0.18243592584385848
0.42487764987177346,0.10463441497924257,0.7118155619596542,0.18244940168414833
0.42488864069722254,0.10464328079986443,0.7118155619596542,0.18246287951540224
0.4248891245160167,0.10461173279077654,0.7112391930835735,0.1823959796023945
0.4249152353286198,0.1046472184531886,0.7112391930835735,0.1824499149848451
0.4249650768649607,0.10473603802410457,0.7112391930835735,0.1825848930975808
0.42510932788416755,0.10481610464622441,0.7112391930835735,0.18270654427006222
0.4251707194302539,0.104833913856087,0.7112391930835735,0.18273359988153415
0.42517864274532186,0.10485172911887161,0.7112391930835735,0.182760663507109
0.4252718947421223,0.10481128867732063,0.7106628242074928,0.18268019853322467
0.42529244941667943,0.10482911069545996,0.7106628242074928,0.18270726828184042
0.42530415625321477,0.10485585508971851,0.7106628242074928,0.18274788795020008
0.42537535507111657,0.10490938483791372,0.7106628242074928,0.1828291814946619
0.42543866216787607,0.10483321987746766,0.7100864553314121,0.18269444650404093
0.42544386796972955,0.10484214109437495,0.7100864553314121,0.1827079934747145
0.4255226822089163,0.10493143684524317,0.7100864553314121,0.18284357376075985
0.42553672008975224,0.10494931425163984,0.7100864553314121,0.18287071396764137
0.42555024816009407,0.1049671977507029,0.7100864553314121,0.1828978622327791
0.42567238089914744,0.10481876332622601,0.70835734870317,0.18261515601783063
0.42572057263460567,0.10482770385533947,0.70835734870317,0.18262872427372018
0.42573625241005814,0.10484558948984815,0.70835734870317,0.18265586683510443
0.4257776586371872,0.10486348122866894,0.70835734870317,0.18268301746562615
0.4258993166867512,0.10482287665386257,0.7077809798270893,0.1826022304832714
0.4259337064091302,0.10483182516646747,0.7077809798270893,0.18261580786675588
0.4259513769217433,0.10484972677595629,0.7077809798270893,0.18264296869190155
0.42596403482308665,0.10491243058521998,0.7077809798270893,0.1827380952380952
0.4260588288502169,0.10492139439507861,0.7077809798270893,0.18275169283428827
0.42611291429352005,0.10496623643046414,0.7077809798270893,0.18281971118058657
0.4261317575245303,0.10497520943751068,0.7077809798270893,0.18283332092607757
0.4261698334268107,0.10498418397879798,0.7077809798270893,0.18284693269803456
0.426170047623058,0.10499316005471956,0.7077809798270893,0.18286054649691014
0.4262606581333507,0.10501111681204037,0.7077809798270893,0.1828877801772284
0.42627574343000846,0.10503806346762466,0.7077809798270893,0.1829286459109191
0.42640508273765554,0.10505603558901531,0.7077809798270893,0.18295589988081049
0.4264153401141747,0.10506502395619438,0.7077809798270893,0.18296952991134618
0.42642976367708874,0.10507401386155557,0.7077809798270893,0.18298316197288034
0.4264407186436198,0.10509199828840393,0.7077809798270893,0.18301043219076005
0.4264758372961674,0.10510099281068128,0.7077809798270893,0.18302407034801402
0.4264796529587192,0.10511898647491867,0.7077809798270893,0.18305135276142206
0.4264932335484564,0.10517300445358,0.7077809798270893,0.18313324882559093
0.4265347613486814,0.1056162380665692,0.7077809798270893,0.1838048196377788
0.42654824406072095,0.10563440860215054,0.7077809798270893,0.1838323353293413
0.426585714105812,0.10564349621472816,0.7077809798270893,0.18384609626469048
0.42659054987821193,0.10566167613147479,0.7077809798270893,0.1838736243168376
0.42662581849952974,0.10567076843645125,0.7077809798270893,0.1838873914345612
0.42664554996560233,0.10567986230636833,0.7077809798270893,0.18390116061400225
0.4266930601931591,0.10576177762466626,0.7077809798270893,0.1840251760827214
0.42669855047463123,0.10578911095796002,0.7077809798270893,0.18406655174998124
0.4267070419067259,0.10580734103050146,0.7077809798270893,0.18409414586612696
0.4267375537220803,0.10581645842309349,0.7077809798270893,0.1841079460269865
0.42673932135563186,0.10583469792295096,0.7077809798270893,0.18413555255660516
0.42679157099229625,0.10585294371174898,0.7077809798270893,0.1841631673665267
0.4268031914023513,0.10588032419382652,0.7077809798270893,0.1842046051151279
0.4269057767562961,0.10588945416918169,0.7077809798270893,0.18421842184218423
0.42696657243992925,0.10589858571921353,0.7077809798270893,0.18423224064211238
0.4270159256135051,0.10590771884432945,0.7077809798270893,0.18424606151537884
0.4270219613951623,0.10593512767425811,0.7077809798270893,0.18428753657987546
0.42709157049196006,0.10595340811044003,0.7077809798270893,0.1843151969981238
0.4271096791266253,0.10592196132596685,0.7072046109510086,0.18424806667167204
0.4271704029808569,0.10594025211535141,0.7072046109510086,0.184275737778779
0.42718161402016336,0.10594939987911234,0.7072046109510086,0.1842895764493842
0.4271933915642136,0.10597685265158058,0.7072046109510086,0.18433110493502594
0.4272890657032484,0.1059951624049758,0.7072046109510086,0.18435880099166105
0.42729346944126395,0.10600431965442765,0.7072046109510086,0.18437265214124715
0.42731631845649737,0.10603180089872105,0.7072046109510086,0.18441421808070937
0.42731671562019974,0.10604096448016594,0.7072046109510086,0.18442807755899596
0.4273897133283541,0.10596369922212619,0.7066282420749279,0.18429161969184515
0.4274237680850904,0.10588642060679401,0.7060518731988472,0.18415514131088392
0.42753095218270865,0.10584572812175717,0.7054755043227666,0.18407399052560341
0.42767183054907937,0.10586403736377789,0.7054755043227666,0.1841016770700158
0.42772577063674316,0.10589151310667012,0.7054755043227666,0.18414322250639387
0.4277311747024051,0.1059281696235396,0.7054755043227666,0.18419864559819416
0.427824332261234,0.10594650740067516,0.7054755043227666,0.18422636965683326
0.42791438181095887,0.10590578455143748,0.7048991354466859,0.18414514793344874
0.4279689176733765,0.10592412956868179,0.7048991354466859,0.18417287854830205
0.4281041735715307,0.10593330446080554,0.7048991354466859,0.1841867469879518
0.42813538374798754,0.10597001992894896,0.7048991354466859,0.18424224163904787
0.42819856374766185,0.10591090310279078,0.7043227665706052,0.1841332027424094
0.42828239442005117,0.10592008321054,0.7043227665706052,0.18414707655213983
0.4282914537058756,0.10592926490984743,0.7043227665706052,0.18416095245271644
0.4283153255333182,0.10593844820112701,0.7043227665706052,0.18417483044461191
0.42834383024223627,0.10594763308479278,0.7043227665706052,0.18418871052829902
0.4283947668117012,0.10601197189207946,0.7043227665706052,0.18428592972402352
0.4285248041285794,0.1060211695297588,0.7043227665706052,0.18429982655908303
0.42857416509910184,0.106039569593891,0.7043227665706052,0.18432762651783693
0.42859005472007783,0.10607638888888889,0.7043227665706052,0.1843832516031686
0.428603693865574,0.10610402014413475,0.7043227665706052,0.1844249924539692
0.42864636649521354,0.10611323376172282,0.7043227665706052,0.18443891027092293
0.4286568051007,0.1060039968720132,0.7031700288184438,0.1842343702808819
0.428767695914455,0.10601320820298922,0.7031700288184438,0.1842482821113041
0.4287678271346405,0.10602242113496133,0.7031700288184438,0.18426219604289382
0.42883983269594383,0.10603163566834695,0.7031700288184438,0.18427611207612718
0.4288623501078656,0.10604085180356367,0.7031700288184438,0.18429003021148035
0.4288900355692101,0.1060500695410292,0.7031700288184438,0.18430395044942968
0.4289150780878424,0.10605928888116144,0.7031700288184438,0.18431787279045175
0.4289252051789236,0.10606850982437836,0.7031700288184438,0.18433179723502305
0.42898232472383085,0.10607773237109816,0.7031700288184438,0.18434572378362044
0.4289893623871968,0.10608695652173913,0.7031700288184438,0.1843596524367208
0.4291162056616335,0.10609618227671971,0.7031700288184438,0.18437358319480127
0.4291389205333356,0.10611463860137427,0.7031700288184438,0.18440145102781136
0.42916081225154057,0.10612386917188588,0.7031700288184438,0.18441538810369587
0.4291810648957142,0.10613310134841235,0.7031700288184438,0.18442932728647013
0.42921021881566634,0.10614233513137289,0.7031700288184438,0.18444326857661197
0.4292541280770928,0.10616080751827359,0.7031700288184438,0.18447115748091025
0.42926888577189887,0.1061792863359443,0.7031700288184438,0.18449905482041587
0.429270443722357,0.10613844144536352,0.7025936599423631,0.1844175491679274
0.42932963819665787,0.10615692763215187,0.7025936599423631,0.1844454531699198
0.4294240316853084,0.10616617314056785,0.7025936599423631,0.18445940833774685
0.4294812722439423,0.10619391933095218,0.7025936599423631,0.18450128651430303
0.42960038869912265,0.10622168002788428,0.7025936599423631,0.18454318371054423
0.4297601142890107,0.10624019522398466,0.7025936599423631,0.18457112574759635
0.4298551833732843,0.10625871687587168,0.7025936599423631,0.18459907624744454
0.4299038430614393,0.10631432060003489,0.7025936599423631,0.18468297856223012
0.4299670901332894,0.10633286810886253,0.7025936599423631,0.18471096295173878
0.42998226297097963,0.10631983240223464,0.7020172910662824,0.18467136684102797
0.43002130905203617,0.10633839706652698,0.7020172910662824,0.18469937068769432
0.43002458490146095,0.10634768183008819,0.7020172910662824,0.18471337579617836
0.4300531886143051,0.10639412997903563,0.7020172910662824,0.18478343320943638
0.43014308936954515,0.10643131772107654,0.7020172910662824,0.18483951741406782
0.430159744993573,0.10644992134242265,0.7020172910662824,0.1848675722850421
0.43018676032290587,0.10646853146853147,0.7020172910662824,0.18489563567362427
0.4302514148403284,0.10648714810281518,0.7020172910662824,0.18492370758369392
0.43026634103021544,0.10650577124868835,0.7020172910662824,0.18495178801913295
0.43033209324289934,0.10651508526453869,0.7020172910662824,0.18496583143507975
0.43033655973074036,0.10654303708887333,0.7020172910662824,0.18500797448165868
0.4303588925732289,0.1065523576240049,0.7020172910662824,0.18502202643171806
0.4303981269312146,0.10657100358736547,0.7020172910662824,0.18505013673655424
0.4304427177541615,0.10658032901645083,0.7020172910662824,0.18506419509230418
0.430693568919187,0.10668301655426118,0.7020172910662824,0.1852189781021898
0.43070692324750565,0.10670170827858082,0.7020172910662824,0.18524714828897337
0.4307413820149923,0.10671105659716137,0.7020172910662824,0.18526123659593882
0.4308700641848558,0.10675782277149619,0.7020172910662824,0.1853317102860621
0.4308757612341549,0.1067671809256662,0.7020172910662824,0.18534581145857112
0.431005261717197,0.10677654072061016,0.7020172910662824,0.18535991477705066
0.43103693826096995,0.1067859021567596,0.7020172910662824,0.1853740202419907
0.4310818006136236,0.10687022900763359,0.7020172910662824,0.185501066098081
0.4312280810657175,0.10688898639754278,0.7020172910662824,0.18552932216298554
0.43135736482653136,0.10696408184772109,0.7020172910662824,0.18564243255601282
0.4313885639563374,0.10697347619884068,0.7020172910662824,0.18565658105327337
0.4315037550822565,0.1070016691557586,0.7020172910662824,0.18569903948772679
0.4315626374039304,0.1070110701107011,0.7020172910662824,0.18571319661507965
0.43178817353986326,0.1070675105485232,0.7020172910662824,0.18579818473037907
0.4318406753847963,0.10711458974584469,0.7020172910662824,0.18586906760262478
0.43193214767708155,0.1070737286644378,0.7014409221902017,0.18578734447752082
0.4319617915435512,0.10710199771187187,0.7014409221902017,0.18582989769430447
0.4320938001684487,0.10716801690736175,0.7014409221902017,0.18592926438010848
0.4321048504817255,0.10717745486569794,0.7014409221902017,0.18594346829640948
0.43221553462296375,0.10718689448652458,0.7014409221902017,0.18595767438306976
0.4323501189753786,0.10720577871740662,0.7014409221902017,0.18598609306945824
0.43240545815845916,0.10721522332834112,0.7014409221902017,0.1860003056701819
0.43242088191978706,0.10718378140149845,0.700864553314121,0.18593272171253822
0.43246371342204726,0.1071932299012694,0.700864553314121,0.18594693783928437
0.43246564083403805,0.10720268006700168,0.700864553314121,0.18596115614008257
0.4325156481953961,0.10722158539811304,0.700864553314121,0.18598959926583053
0.4325241097973781,0.1072310405643739,0.700864553314121,0.18600382409177818
0.4326193000309925,0.10724995590051155,0.700864553314121,0.18603228027231697
0.4326674745555804,0.10728780659961179,0.700864553314121,0.18608921876195578
0.43274729979523974,0.10729727344921909,0.700864553314121,0.18610345883073154
0.43275788515867525,0.10730674196964349,0.700864553314121,0.1861177010790541
0.4327902483415621,0.10731621216132733,0.700864553314121,0.18613194550742385
0.43284776629959937,0.10732568402471315,0.700864553314121,0.1861461921163414
0.4330102999640104,0.10733515756024362,0.700864553314121,0.1861604409063074
0.43314112920668746,0.10734463276836158,0.700864553314121,0.18617469187782285
0.4331467160630989,0.10727529577962211,0.7002881844380403,0.18605007273562513
0.43316176200310935,0.10732267467538203,0.7002881844380403,0.18612132352941177
0.433163896035828,0.1073321554770318,0.7002881844380403,0.1861355802374569
0.4331907757272357,0.10735112210637922,0.7002881844380403,0.186164100206849
0.43331183390167155,0.10737958462218294,0.7002881844380403,0.18620689655172415
0.4334270562964679,0.1074080622347949,0.7002881844380403,0.18624971257760403
0.4334276817362767,0.10741755812925471,0.7002881844380403,0.186263988962134
0.4334503189702254,0.10747456877487838,0.7002881844380403,0.18634969325153375
0.4335096375351224,0.1085673403684493,0.6997118155619596,0.18796934272663932
0.4335370660574973,0.10857705035327789,0.6997118155619596,0.1879838959430164
0.4335637734535898,0.10861590766753154,0.6997118155619596,0.1880421313506815
0.43361294815785717,0.10863534675615212,0.6997118155619596,0.18807126258714174
0.4336868224841476,0.10868397493285586,0.6997118155619596,0.18814413018209997
0.4337367143854517,0.10873264666368114,0.6997118155619596,0.18821705426356589
0.4337832891171651,0.10876187063250313,0.6997118155619596,0.18826083585329922
0.43384416861570674,0.10877161544664457,0.6997118155619596,0.18827543424317617
0.4339924697757728,0.10869175627240144,0.699135446685879,0.18813493602171386
0.43411596675082703,0.1086118827851958,0.6985590778097983,0.18799441600744532
0.4342591960114251,0.10858065094593383,0.6979827089337176,0.18792675356921168
0.4343673377678283,0.10864884263412884,0.6979827089337176,0.1880288797453614
0.4343915699422886,0.10867809387059141,0.6979827089337176,0.1880726820934928
0.4343932218802497,0.1087151841868823,0.6974063400576369,0.18810726778080059
0.43442930398374824,0.10875426927916591,0.6974063400576369,0.1881657724904751
0.4344318702342338,0.1108736059479554,0.6876080691642651,0.19095638255302122
0.4344720390391379,0.1109045272845589,0.6876080691642651,0.1910022414345181
0.4345683062997124,0.11091483822982522,0.6876080691642651,0.19101753262348892
0.4346428284692537,0.11093546587316347,0.6876080691642651,0.19104812234766594
0.43465919969234096,0.11097674418604651,0.6876080691642651,0.19110933119743692
0.43474957756145133,0.11099739486416077,0.6876080691642651,0.19113995033245212
0.4349542836757149,0.11100772308551224,0.6876080691642651,0.1911552635795546
0.4350245414368325,0.1110180532291085,0.6876080691642651,0.19117057928050638
0.43502829809344196,0.11102838529548627,0.6876080691642651,0.19118589743589742
0.4350435422325873,0.11103871928518243,0.6876080691642651,0.19120121804631782
0.4350492159476651,0.11104905519873406,0.6876080691642651,0.19121654111235772
0.4351418536699845,0.11103859779973896,0.6864553314121038,0.19115640799293798
0.43521901275011204,0.11104895104895104,0.6864553314121038,0.19117174959871588
0.4352601918289407,0.11106966334048307,0.6864553314121038,0.19120244019906887
0.43533279349312587,0.11082862523540489,0.6783861671469741,0.19053014973694857
0.4354835587444142,0.11087038432554634,0.6783861671469741,0.19059185491053357
0.4355195953354441,0.11088082901554404,0.6783861671469741,0.1906072874493927
0.4355415146214449,0.11091217489634377,0.6783861671469741,0.19065360006479307
0.4355883044099321,0.11100631896633029,0.6783861671469741,0.1907926730426325
0.4355993695547637,0.11096433289299867,0.6778097982708934,0.19070785696910728
0.43559986937894934,0.11099575271354413,0.6778097982708934,0.1907542579075426
0.4356679788401209,0.11093277945619336,0.6772334293948127,0.19063843595359778
0.4356786337478681,0.1109537299338999,0.6772334293948127,0.19066937119675456
0.43573261721055445,0.11103761103761103,0.6772334293948127,0.19079321263294635
0.435782330435347,0.11104810509403648,0.6772334293948127,0.1908087041247158
0.4358198328090435,0.11098506333900549,0.676657060518732,0.1906927637456347
0.4359979692805504,0.11101654846335697,0.676657060518732,0.19073923639317628
0.43609066840632676,0.11093247588424437,0.6760806916426513,0.19059224957348284
0.43609788295404345,0.11094296793719853,0.6760806916426513,0.19060773480662985
0.4360984425591504,0.11096395799829722,0.6760806916426513,0.19063871282301317
0.4361575278252912,0.1108903396726275,0.6755043227665706,0.1905071521456437
0.43619769861160684,0.1109638326074607,0.6755043227665706,0.19061559730015454
0.436204445367605,0.11097433955117887,0.6755043227665706,0.19063109954456733
0.43622112190902973,0.11100587232430384,0.6755043227665706,0.19067762141055886
0.43623719384147014,0.11084793936522976,0.6743515850144092,0.19039869812855983
0.4363360479652174,0.11085844229675952,0.6743515850144092,0.19041419155342176
0.4363470445059642,0.11086894721880033,0.6743515850144092,0.1904296875
0.43636987111835784,0.11088996303667899,0.6743515850144092,0.19046068696076834
0.4364049597616559,0.11092150170648464,0.6743515850144092,0.19050720508019212
0.43643973256027296,0.11093201858348345,0.6743515850144092,0.19052271617000485
0.43645739088524094,0.11105837683910774,0.6743515850144092,0.19070904645476774
0.436486176502523,0.1110689196886273,0.6743515850144092,0.190724590431168
0.4365849583149163,0.11107946454001709,0.6743515850144092,0.19074013694163677
0.436603496695896,0.11101614434947768,0.6737752161383286,0.190623726049735
0.43663611245659,0.1109317124133346,0.6731988472622479,0.1904761904761905
0.43664944532238253,0.11097387173396675,0.6731988472622479,0.19053833605220227
0.43666348065421884,0.11100551226002661,0.6731988472622479,0.1905849718528188
0.4366663817156905,0.1110160631118715,0.6731988472622479,0.19060052219321147
0.4366820843282038,0.11103717083372944,0.6731988472622479,0.1906316304880039
0.4367405282574092,0.11105828658362651,0.6731988472622479,0.19066274893894875
0.4367639556137977,0.1110688474705211,0.6731988472622479,0.19067831197453267
0.43678539611755685,0.1110794103661436,0.6731988472622479,0.1906938775510204
0.4368201853108522,0.11108997527106715,0.6731988472622479,0.19070944566903422
0.4368866601929242,0.1111745669141443,0.6731988472622479,0.1908340821828282
0.43696895625099347,0.11120632200323717,0.6731988472622479,0.19088086288609252
0.43708640016243844,0.11150391744697115,0.6726224783861672,0.19129579542660438
0.437205000366472,0.1115145723841376,0.6726224783861672,0.19131147540983606
0.43720962192153584,0.1115465494169375,0.6726224783861672,0.19135853078625892
0.43724355049537555,0.1115678776290631,0.6726224783861672,0.191389913899139
0.4373692891143227,0.11158921399885255,0.6726224783861672,0.19142130730747148
0.43747317834594973,0.11159988524433394,0.6726224783861672,0.19143700787401574
0.43756622888720625,0.11163191123015113,0.6726224783861672,0.19148412503076542
0.4377020984533245,0.1116425906438343,0.6726224783861672,0.19149983590416803
0.43777541672216475,0.1115896258015121,0.6720461095100865,0.19139855548260015
0.4378651710929633,0.11162167336779628,0.6720461095100865,0.1914456941137838
0.4379395745981441,0.11163235998085208,0.6720461095100865,0.19146141215106732
0.43796810162777516,0.1117072236060548,0.6720461095100865,0.1915715107204469
0.4379753479367367,0.11179467461309238,0.6703170028818444,0.19162959301367608
0.43797712725345755,0.11181617152196904,0.6703170028818444,0.19166117336849045
0.4380945549745515,0.11188137877912574,0.6697406340057637,0.19173335533371832
0.4381174987622977,0.11189215214251325,0.6697406340057637,0.19174917491749174
0.4381561617794629,0.11190292758089368,0.6697406340057637,0.19176499711197292
0.43822899214475425,0.1119137050948666,0.6697406340057637,0.19178082191780818
0.4382909045844413,0.11181800655484866,0.6685878962536023,0.19159302997770256
0.4383211236970356,0.11182878627205245,0.6685878962536023,0.19160885365047906
0.4384113165169336,0.11183956806787505,0.6685878962536023,0.1916246799372264
0.43844338804700506,0.11188271604938271,0.6685878962536023,0.19168801123688342
0.4385163821471208,0.11189350824732323,0.6685878962536023,0.19170385060320605
0.4386127276686225,0.1118509940165991,0.6680115273775216,0.19161775646854592
0.43863856045206207,0.11179764433288279,0.667435158501441,0.19151575291490944
0.43864360239856126,0.11185163720660678,0.667435158501441,0.1915949702183984
0.43867515292224835,0.111873248961453,0.667435158501441,0.19162667549230514
0.43869767667492615,0.11192731490431085,0.667435158501441,0.19170598460392352
0.43871462371038866,0.11193813436442726,0.667435158501441,0.19172185430463579
0.4387904124993439,0.11212238574748257,0.667435158501441,0.19199204178065157
0.43887217599594874,0.11215496368038741,0.667435158501441,0.19203980099502485
0.43898497747766574,0.11216582719876017,0.667435158501441,0.19205572601376567
0.43908739820418713,0.11218756055028095,0.667435158501441,0.19208758397611347
0.4391122119068001,0.11219843038465264,0.667435158501441,0.19210351692103517
0.4391221566949749,0.11222017637367962,0.667435158501441,0.1921353907416625
0.43917819565920513,0.11211327708272718,0.6662824207492796,0.19193093142952017
0.439191545390088,0.11212415130940834,0.6662824207492796,0.19194686591946866
0.4392309688611445,0.1121676693188434,0.6662824207492796,0.19201063034631677
0.4393053483161394,0.11217855409995148,0.6662824207492796,0.19202657807308968
0.4394623773978328,0.11210327089197321,0.6657060518731989,0.19189234092041865
0.43948334005183315,0.11213592233009709,0.6657060518731989,0.19194017449106773
0.4395114633142695,0.11215770052437367,0.6657060518731989,0.19197207678883071
0.43951624168214154,0.11221218303701545,0.6657060518731989,0.19205187894911874
0.43969167563080835,0.11223399086580507,0.6657060518731989,0.19208381839348077
0.43975609445771097,0.11214771622934888,0.6651296829971182,0.19193347193347193
0.4397969294313841,0.11218042189170799,0.6651296829971182,0.19198136749292966
0.439852016396174,0.11224589047758,0.6651296829971182,0.19207723035952062
0.4399252362248584,0.1122568093385214,0.6651296829971182,0.19209321681231795
0.4400036476614875,0.11226773032396148,0.6651296829971182,0.19210920592641917
0.4401042173277472,0.11232236714035429,0.6651296829971182,0.19218919143975352
0.4401145327213922,0.1123333008858172,0.6651296829971182,0.1922051965356429
0.44011701921455,0.11238800155823919,0.6651296829971182,0.1922852620178289
0.440145597274108,0.11230154865101782,0.6645533141210375,0.19213464422596235
0.44023109897142976,0.11231248782388467,0.6645533141210375,0.19215065411215732
0.44025267232709114,0.11237816764132554,0.6645533141210375,0.19224676948728636
0.4403006262145695,0.11241103636540899,0.6645533141210375,0.19229486324216144
0.4404276981811288,0.11243295953193565,0.6645533141210375,0.19232693911592993
0.44059160729467417,0.11244392432221573,0.6645533141210375,0.19234298106597714
0.44078055028524005,0.11245489125134107,0.6645533141210375,0.192359025692359
0.44099196552256376,0.11249878036881647,0.6645533141210375,0.19242323097463288
0.4410425904506283,0.11250975800156128,0.6645533141210375,0.1924392889927397
0.4411295078142636,0.11257566881468463,0.6645533141210375,0.19253569341237373
0.4411937696697257,0.11264165689722548,0.6645533141210375,0.1926321944699691
0.44124579024189536,0.11265266243282852,0.6645533141210375,0.19264828738512949
0.441274918881328,0.11270772238514173,0.6645533141210375,0.19272879231090678
0.4413135216033178,0.112829043937763,0.6645533141210375,0.19290614020411578
0.44136486590592294,0.11284008612252887,0.6645533141210375,0.1929222789257927
0.4413745384529232,0.11288427648325827,0.6645533141210375,0.19298686082517366
0.44142714853441173,0.11289532948203271,0.6645533141210375,0.19300301305657852
0.44153141401963314,0.11291744197434139,0.6645533141210375,0.1930353256320107
0.4416181916786472,0.11292850146914789,0.6645533141210375,0.19305148597739638
0.4418311600736261,0.11296169295581464,0.6645533141210375,0.19309998325238653
0.44183283836849446,0.11290796824463394,0.6639769452449568,0.1929971519517507
0.4418812222009583,0.11288740682620635,0.6634005763688761,0.19294275416980972
0.44191732056393096,0.11289847964688572,0.6634005763688761,0.19295892707460183
0.44201572872397565,0.11292063180614147,0.6634005763688761,0.19299128101945004
0.4421646534672402,0.11293171114599686,0.6634005763688761,0.1930074620608703
0.44217256044600345,0.11295387634936212,0.6634005763688761,0.19303983228511531
0.44218450382412716,0.11296496221415252,0.6634005763688761,0.1930560214693056
0.44230089199571665,0.11298714047315206,0.6634005763688761,0.19308840798523738
0.4423209928955085,0.11299823286864323,0.6634005763688761,0.19310460531834578
0.4423807094248091,0.11300932744231713,0.6634005763688761,0.1931208053691275
0.4424083546071164,0.1130204241948154,0.6634005763688761,0.19313700813826662
0.4424692017598277,0.11303152312677993,0.6634005763688761,0.19315321362644738
0.44252831701474266,0.1139629372708354,0.6628242074927954,0.19448672416708945
0.44259137864954995,0.11400812927530485,0.6628242074927954,0.19455252918287935
0.44263507507363653,0.1140194328772556,0.6628242074927954,0.19456898739531345
0.44265779794575194,0.11403073872087258,0.6628242074927954,0.19458544839255498
0.44266729211105155,0.11404204680682269,0.6628242074927954,0.19460191217531092
0.44269532635875664,0.1140759845253447,0.6628242074927954,0.1946513202437373
0.44270496366307677,0.11408730158730158,0.6628242074927954,0.1946677951756242
0.442763908489211,0.1141439205955335,0.6628242074927954,0.19475021168501272
0.44281106374013757,0.1141552511415525,0.6628242074927954,0.19476670336184262
0.4428390707392818,0.11416658393725802,0.6628242074927954,0.19478319783197834
0.4428978451893714,0.1141779189833201,0.6628242074927954,0.19479969509612943
0.4429464749056018,0.11403595907420284,0.661671469740634,0.19454329774614473
0.44307330629756364,0.1140385762577053,0.6610951008645534,0.19452217417111844
0.4430764975686441,0.11406125696101829,0.6610951008645534,0.19455516919684504
0.4431519455923201,0.11408394668788542,0.6610951008645534,0.19458817541776233
0.4432051672439167,0.1141066454436928,0.6610951008645534,0.19462119283956902
0.4432103285887493,0.11411799820913342,0.6610951008645534,0.19463770575258785
0.4432869003263779,0.11415207006369427,0.6610951008645534,0.19468726130866504
0.4433235604649314,0.11416343187021001,0.6610951008645534,0.19470378543540995
0.44343999159667447,0.11417479593868206,0.6610951008645534,0.1947203123673712
0.44362563755937257,0.11420890172259285,0.6610951008645534,0.19476991000169805
0.44366660888501713,0.11422027484564828,0.6610951008645534,0.19478644816167107
0.44367672029824917,0.11423165023404043,0.6610951008645534,0.19480298913043476
0.443682400776527,0.11424302788844622,0.6610951008645534,0.19481953290870488
0.4438974337422391,0.11425440780954278,0.6610951008645534,0.1948360794971972
0.4439335177234616,0.11426578999800757,0.6610951008645534,0.19485262889662788
0.44394701777421186,0.11428856117975289,0.6610951008645534,0.19488573613116986
0.44404304511497517,0.11429995017438964,0.6610951008645534,0.19490229396771452
0.4440996803180546,0.11431134143910704,0.6610951008645534,0.1949188546180644
0.4441128946894801,0.1143341307814992,0.6610951008645534,0.1949519843630492
0.4441258316489112,0.11435692921236291,0.6610951008645534,0.19498512537186571
0.4442454906952953,0.11436833183767076,0.6610951008645534,0.19500170010200613
0.44434153924517955,0.11439114391143912,0.6610951008645534,0.195034858017344
0.4444176093283403,0.11442537909018356,0.6610951008645534,0.19508461603877883
0.4444235585085091,0.11427145708582834,0.659942363112392,0.19481071884304552
0.4444560526692921,0.11420585005490666,0.6593659942363113,0.19469026548672566
0.44454612613369177,0.11421725239616613,0.6593659942363113,0.19470683346098205
0.44455861845477823,0.11425147308498951,0.6593659942363113,0.1947565543071161
0.44456882644098517,0.11427429827190091,0.6593659942363113,0.19478971564788014
0.44463902055338894,0.11428571428571428,0.6593659942363113,0.194806300553427
0.44471559947088213,0.11429713258067739,0.6593659942363113,0.19482288828337874
0.44481570804496584,0.11430855315747403,0.6593659942363113,0.19483947883845695
0.44484013109113607,0.11431997601678826,0.6593659942363113,0.19485607221938342
0.44488099502607736,0.11437712457508498,0.6593659942363113,0.1949390815370197
0.44489063980860666,0.11438856114388561,0.6593659942363113,0.19495569188820724
0.4451004006346169,0.11442288457691538,0.6593659942363113,0.19500553993011163
0.4451591066099004,0.11443433029908973,0.6593659942363113,0.19502216160927374
0.4452170106539586,0.11434573829531813,0.6587896253602306,0.19486829767283267
0.4452522452560108,0.11440296266639977,0.6587896253602306,0.19495139007334128
0.4452747795089839,0.11443732478974769,0.6587896253602306,0.19500127953595497
0.44532099470436787,0.11449464088951217,0.6587896253602306,0.19508448540706605
0.44535421351701304,0.11450611099979964,0.6587896253602306,0.195101135102842
0.4454044230447893,0.11444032468183185,0.6582132564841499,0.19498036537476526
0.44546005206034683,0.1144517939466827,0.6582132564841499,0.19499701186715615
0.4455331591956182,0.1144747393744988,0.6582132564841499,0.19503031338058235
0.44558270941067024,0.11449769400441147,0.6582132564841499,0.19506362627039028
0.44566674857713745,0.11452767416070168,0.6547550432276658,0.19495452205251418
0.4457091739230574,0.11462011905963071,0.6547550432276658,0.19508844238365106
0.4457857744414443,0.11463168516649849,0.6547550432276658,0.19510519536281667
0.44582436062667946,0.11464325360783126,0.6547550432276658,0.19512195121951217
0.4458660698424947,0.11465482438433588,0.6547550432276658,0.1951387099544791
0.44586675976380064,0.11467797294568947,0.6547550432276658,0.19517223606219394
0.44587430527550065,0.11468955073195355,0.6547550432276658,0.19518900343642612
0.44599230976401943,0.1147011308562197,0.6547550432276658,0.19520577369189793
0.44600223595198873,0.1147127133191962,0.6547550432276658,0.19522254682935214
0.44634470527432496,0.11473588526411474,0.6547550432276658,0.19525610175317978
0.44653019033538044,0.11475906657238105,0.6547550432276658,0.19528966821385593
0.4465316950978493,0.11477066073954334,0.6547550432276658,0.1953064557723717
0.4465845808831104,0.11478225724967162,0.6547550432276658,0.1953232462173315
0.44659584933248797,0.11390216617512458,0.6455331412103746,0.19363762102351312
0.4465960368792732,0.11391375101708706,0.6455331412103746,0.19365436154577678
0.4466992021059866,0.11392533821584783,0.6455331412103746,0.19367110496282205
0.44673730615404383,0.11394851968664158,0.6455331412103746,0.19370460048426152
0.44676017516052297,0.11397171059326346,0.6455331412103746,0.19373810759384189
0.4467824804063161,0.11398330958681051,0.6455331412103746,0.19375486549606435
0.4468918506793779,0.11405295315682282,0.6455331412103746,0.1938554738208568
0.44697506433695045,0.11407618659604807,0.6455331412103746,0.19388903315156236
0.4469857574295564,0.1141110545084055,0.6455331412103746,0.19393939393939394
0.44711088469250426,0.11412268188302425,0.6455331412103746,0.1939561866828297
0.44712454886899505,0.1141459437423563,0.6455331412103746,0.19398978089547067
0.4471827869824341,0.11413708690330478,0.6449567723342939,0.19395094895571538
0.4472086151170275,0.11416037543358498,0.6449567723342939,0.19398457137904135
0.44726017862288464,0.11417202326293235,0.6449567723342939,0.194001386962552
0.4473561125328474,0.11418367346938775,0.6449567723342939,0.1940182054616385
0.44741213089396714,0.11419532605367895,0.6449567723342939,0.19403502687705912
0.44742958597312094,0.113944878650761,0.6386167146974063,0.19338511213893012
0.447531836027797,0.11398004320543154,0.6386167146974063,0.19343575418994413
0.447536272537176,0.11400349830229448,0.6386167146974063,0.1934695302950934
0.44754470285688114,0.11403869905310828,0.6386167146974063,0.19352021657497162
0.4475836588389339,0.11413267408323033,0.6386167146974063,0.1936555099187276
0.44761607371901446,0.11415619204615701,0.6386167146974063,0.19368936281793547
0.4476526695961208,0.11416795466254508,0.6386167146974063,0.19370629370629372
0.44765800235010506,0.11422680412371133,0.6386167146974063,0.19379099256668125
0.44767277632790675,0.11423858129704093,0.6386167146974063,0.19380794122791672
0.44777570418737117,0.11425036089915447,0.6386167146974063,0.1938248928540191
0.44779685901508887,0.11397627643115008,0.6368876080691642,0.19335083114610677
0.4478228247116978,0.11398803383536207,0.6368876080691642,0.1933677487094234
0.44784934450833236,0.11401155592241023,0.6368876080691642,0.19340159271899887
0.44790884571030043,0.11395540875309662,0.6363112391930835,0.1932942309375821
0.4479346934894815,0.11397893867437539,0.6363112391930835,0.19332807985290257
0.4479838267352302,0.11399070727929789,0.6363112391930835,0.19334500875656743
0.4480004751941595,0.11402602768023136,0.6363112391930835,0.19339581326092667
0.4480429613961396,0.1140641158221303,0.6357348703170029,0.19342393686979398
0.4480698705304,0.11415855930449183,0.6357348703170029,0.19355970869527073
0.4481745248019245,0.11422949461474731,0.6357348703170029,0.19366166271617946
0.4481846097288351,0.1142413257379596,0.6357348703170029,0.19367866549604915
0.44830305583938534,0.1142531593122022,0.6357348703170029,0.19369567126174378
0.4483792096555782,0.11427683381682553,0.6357348703170029,0.1937296917537543
0.4484246641975684,0.11430051813471502,0.6357348703170029,0.19376372419850682
0.448510971161035,0.11431236397554151,0.6357348703170029,0.19378074490513
0.4485681051355315,0.11432421227197347,0.6357348703170029,0.19379776860230172
0.44859298830425626,0.11433606302477455,0.6357348703170029,0.19381479529081005
0.4486987771473821,0.11435977190254018,0.6357348703170029,0.1938488576449912
0.44888359087680196,0.1143716300290336,0.6357348703170029,0.19386589331224183
0.4489883786332044,0.11438349061495386,0.6357348703170029,0.1938829319739849
0.44906003500903374,0.114291640738436,0.6351585014409222,0.19372418036389208
0.4491486075014914,0.11430349548801992,0.6351585014409222,0.1937412095639944
0.4491572220520334,0.11439842209072978,0.6351585014409222,0.19387755102040816
0.4492394528190946,0.11441029900332225,0.6351585014409222,0.19389460719626989
0.4493255556303561,0.11443406022845275,0.6351585014409222,0.19392872855257368
0.44938580788103044,0.11434209159829681,0.6345821325648415,0.19376979936642028
0.4494733252666939,0.11435396759451599,0.6345821325648415,0.19378685206371557
0.44950494633255916,0.11436584605796198,0.6345821325648415,0.19380390776271783
0.4495371087476253,0.1143777269894037,0.6345821325648415,0.1938209664642197
0.44956467407403294,0.11430946690221344,0.6340057636887608,0.19369607325233315
0.4496617389350552,0.11432134691332363,0.6340057636887608,0.19371312846702474
0.44967272999504787,0.11435700176733549,0.6340057636887608,0.19376431213669196
0.4496909414449387,0.11440457618304732,0.6340057636887608,0.19383259911894274
0.44969677007021325,0.11441647597254005,0.6340057636887608,0.19384967838576087
0.4497031028624184,0.11445219019873062,0.6340057636887608,0.19390093424995594
0.44975166532659233,0.11446409989594172,0.6340057636887608,0.19391802556192156
0.4497820434055269,0.11449984386384927,0.6340057636887608,0.19396931758067362
0.4498208687457635,0.11451176348115762,0.6340057636887608,0.19398642095053345
0.44995770948458275,0.11452368558042686,0.6340057636887608,0.1940035273368607
0.4501188145371476,0.11445532180795667,0.6334293948126801,0.19387845108935342
0.4503802801376326,0.11427083333333334,0.6322766570605187,0.19355977062196736
0.45047875487139416,0.11429464471764951,0.6322766570605187,0.19359392923321272
0.4506658344711462,0.11430655413149943,0.6322766570605187,0.19361101306036005
0.4507469514372835,0.11436919545027653,0.631700288184438,0.1936737939565294
0.4508116927007295,0.11437225819928974,0.6311239193083573,0.19365107436554957
0.4508167656298685,0.11438420557818865,0.6311239193083573,0.19366819950477537
0.4508451645010533,0.11436337026970521,0.6305475504322766,0.19361118485089815
0.4508634250463383,0.11437532671197073,0.6305475504322766,0.1936283185840708
0.45101159927863144,0.11438728565453785,0.6305475504322766,0.19364545535003097
0.45105399609043795,0.11439924709819095,0.6305475504322766,0.193662595149584
0.4510830929257608,0.11442317749189415,0.6305475504322766,0.1936968838526912
0.45113567817717687,0.11443514644351464,0.6305475504322766,0.19371403275785748
0.45125226192143925,0.11444711789936186,0.6305475504322766,0.1937311846998406
0.45134159133479207,0.11450701276952062,0.6305475504322766,0.193816989990256
0.45134734311330665,0.11451899926724589,0.6305475504322766,0.1938341601700921
0.4514020325852345,0.11454297979269186,0.6305475504322766,0.1938685096579833
0.45144568833811843,0.11446540880503145,0.6293948126801153,0.19370288248337028
0.4514948473979987,0.11447740853338924,0.6293948126801153,0.19372006386375729
0.4515352608633581,0.1145374449339207,0.6293948126801153,0.19380601650545742
0.45155499235040913,0.11456147712966848,0.6293948126801153,0.19384041892251708
0.451587401583583,0.11456473800273023,0.6288184438040346,0.19381772961449634
0.4517181109703078,0.11458880369709064,0.6288184438040346,0.19385216773276473
0.45194775090686534,0.11460084033613445,0.6288184438040346,0.19386939138160816
0.4519516387718387,0.11466106148187073,0.6288184438040346,0.19395555555555558
0.4520187231465501,0.11451104100946373,0.6276657060518732,0.19368608270342375
0.45207557233710255,0.11452308339467873,0.6276657060518732,0.1937033084311633
0.45222178038394173,0.11453512831299958,0.6276657060518732,0.19372053722316107
0.45225793997782676,0.11445402903429414,0.6270893371757925,0.1935770838893337
0.452271849949144,0.1144660704892162,0.6270893371757925,0.19359430604982206
0.4522956482075085,0.11447811447811448,0.6270893371757925,0.19361153127502445
0.4523133066011694,0.11451426165666771,0.6270893371757925,0.19366322534709862
0.4524918338098398,0.11453837246025897,0.6270893371757925,0.19369770340039166
0.45258221775161,0.11451748841129372,0.6265129682997118,0.19364033134408123
0.4528538592264267,0.11454162276080085,0.6265129682997118,0.1936748329621381
0.4529087295424755,0.11462617315195613,0.6265129682997118,0.1937956855054377
0.45291228614822415,0.11468664275163537,0.6265129682997118,0.1938821011326139
0.4529303393146563,0.11471084845926552,0.6265129682997118,0.19391668896619393
0.45299593185816595,0.11473506438674266,0.6265129682997118,0.19395128914265322
0.45305765860627334,0.11471427062427379,0.6259365994236311,0.19389394750937336
0.4530988329068753,0.11477488902980343,0.6259365994236311,0.19398053049924088
0.4532419495679495,0.11478702039953494,0.6259365994236311,0.19399785637727762
0.4532896313473404,0.11479915433403806,0.6259365994236311,0.19401518535060297
0.45334038903657936,0.11481129083412622,0.6259365994236311,0.19403251742004646
0.4534467824187384,0.11482342990061324,0.6259365994236311,0.19404985258643795
0.45344832636519755,0.1148477157360406,0.6259365994236311,0.19408453221338576
0.4536779383000165,0.11494496189669771,0.6259365994236311,0.1942233747652687
0.45383242500532445,0.11496929917425365,0.6259365994236311,0.19425811644754495
0.45391040883866063,0.11500582442020545,0.6259365994236311,0.19431025228126675
0.4539933295860413,0.11505456086449836,0.6259365994236311,0.19437981027384998
0.454048734671768,0.11512774302978904,0.6259365994236311,0.1944842406876791
0.4540518208651774,0.11494009118863323,0.6247838616714697,0.19416084542360737
0.45419942561157284,0.11501326259946949,0.6247838616714697,0.19426523297491036
0.4542008981875125,0.1150292087095061,0.624207492795389,0.19426008968609867
0.45440970607288517,0.11511479591836735,0.624207492795389,0.19438212330611146
0.45441272289992146,0.11503295768658303,0.6236311239193083,0.19423750112198185
0.4544995970880126,0.11504518872939926,0.6236311239193083,0.19425493716337522
0.45450533360551815,0.1150574223734581,0.6236311239193083,0.19427237633539815
0.45456288650287147,0.1150696586195895,0.6236311239193083,0.19428981863889386
0.45464599071206585,0.11520835553660876,0.6230547550432277,0.19445943515020686
0.4546807017653139,0.11522063525900661,0.6230547550432277,0.19447692722856885
0.45480283767470475,0.11523291759940305,0.6230547550432277,0.19449442245412019
0.454867756773955,0.11516314779270634,0.622478386167147,0.19436695761720507
0.4549294883588156,0.11517542924176176,0.622478386167147,0.1943844492440605
0.45497590378359926,0.11522458124399872,0.622478386167147,0.19445444724522867
0.4550677984610756,0.11524917298047167,0.622478386167147,0.19448946515397086
0.45517207878622484,0.1152614727854856,0.622478386167147,0.19450697883836113
0.4552351687112379,0.11528608027327071,0.622478386167147,0.19454201567144014
0.4553069910620358,0.11529838795772393,0.622478386167147,0.1945595388218339
0.4554982618441307,0.11532301121195943,0.622478386167147,0.1945945945945946
0.45563375796160294,0.11542160949022122,0.622478386167147,0.19473494410385864
0.45571300296119704,0.11543394613082514,0.622478386167147,0.1947525020286719
0.45574959266042875,0.11544628540887227,0.622478386167147,0.19477006311992787
0.4558093124192837,0.11545862732520847,0.622478386167147,0.19478762737848318
0.4558604853243353,0.11547097188067999,0.622478386167147,0.1948051948051948
0.45608711024300563,0.11550802139037433,0.622478386167147,0.1948579161028417
0.45611282232105765,0.11541341319927265,0.6219020172910663,0.194695055936485
0.45617102948710603,0.11543810848400557,0.6219020172910663,0.19473019310593756
0.456221249700484,0.11545046008987803,0.6219020172910663,0.19474776644707156
0.4562281524873071,0.1154751712328767,0.6219020172910663,0.1947829226464482
0.4562869389218483,0.11549989295654035,0.6219020172910663,0.19481809154103094
0.4563003431748744,0.11551225778824536,0.6219020172910663,0.19483568075117372
0.4563981812901419,0.11552462526766595,0.6219020172910663,0.1948532731376975
0.4564204575729652,0.11553699539565264,0.6219020172910663,0.1948708687014629
0.4565039728008289,0.11554936817305633,0.6219020172910663,0.19488846744333063
0.45660137886504343,0.11556174360072828,0.6219020172910663,0.19490606936416188
0.45663899896519006,0.11557412167952014,0.6219020172910663,0.19492367446481804
0.4566437962684846,0.11558650241028388,0.6219020172910663,0.19494128274616082
0.45674123976178405,0.11559888579387187,0.6219020172910663,0.19495889420905232
0.45674478684103065,0.11561127183113683,0.6219020172910663,0.1949765088543549
0.4567448548112982,0.11563605187011039,0.6219020172910663,0.1950117476956443
0.4569116366468639,0.11566084253403366,0.6219020172910663,0.1950469992769342
0.45707776463009364,0.11568564382974161,0.6219020172910663,0.1950822636051347
0.4570950274027432,0.11569804846665237,0.6219020172910663,0.19509990055148724
0.45716384979900426,0.11590933505210012,0.6219020172910663,0.19540021731256793
0.4571916741628785,0.11592178770949721,0.6219020172910663,0.19541791179932988
0.4574492177379862,0.1157317859445519,0.6207492795389049,0.19509102436373515
0.45756148068351354,0.11574422353573348,0.6207492795389049,0.19510869565217392
0.4576772352604224,0.11575666380051591,0.6207492795389049,0.19512637014222303
0.45771153029193035,0.11576910673976137,0.6207492795389049,0.19514404783475267
0.4578003874771024,0.11580645161290322,0.6207492795389049,0.19519710013593108
0.45783440019069066,0.11581890525862996,0.6207492795389049,0.19521479064709082
0.45792202504639773,0.11589368341762617,0.6207492795389049,0.1953210010881393
0.4579669606827045,0.11594358919151684,0.6207492795389049,0.19539187227866472
0.4580011748571872,0.11586088080111985,0.6201729106628242,0.1952458718925785
0.45800369847281264,0.11588583737210555,0.6201729106628242,0.19528130671506352
0.4582361883520145,0.11589831968978888,0.6201729106628242,0.19529902894999546
0.45826731989746444,0.1159357827820278,0.6201729106628242,0.1953522149600581
0.4583289557171071,0.1159982751185856,0.6201729106628242,0.19544092271364996
0.45835189245636987,0.116023290920854,0.6201729106628242,0.1954764283767826
0.45843603401663047,0.11592796290305186,0.6195965417867435,0.19531249999999997
0.45844143447520785,0.1159404659188956,0.6195965417867435,0.19533024438993365
0.45844181393397404,0.11596548004314995,0.6195965417867435,0.19536574284416172
0.45846551584350664,0.11599050496331463,0.6195965417867435,0.19540125420339907
0.45860179289320335,0.1160030214740477,0.6195965417867435,0.19541901472459552
0.45867115618835347,0.11606564456920751,0.6195965417867435,0.19550786578157675
0.45871098683321215,0.11609071274298056,0.6195965417867435,0.19554342883128695
0.4587192366466714,0.11611579174767768,0.6195965417867435,0.19557900482124987
0.4588318496704184,0.11612833531381657,0.6195965417867435,0.19559679767103347
0.4588359118797471,0.11615343057806592,0.6195965417867435,0.19563239308462238
0.45887227942023684,0.11616598227793387,0.6195965417867435,0.19565019565019567
0.45898977690115816,0.11617853669080298,0.6195965417867435,0.19566800145613394
0.4590287035773625,0.11619109381755297,0.6195965417867435,0.1956858105033221
0.45902874505569796,0.1162287814898908,0.6195965417867435,0.19573925710123816
0.45913965506859766,0.11624134948096886,0.6195965417867435,0.19575707912227988
0.45923524632009055,0.116253920190332,0.6195965417867435,0.19577490438900017
0.4593668286491155,0.11626649361886221,0.6195965417867435,0.19579273290228574
0.45938827166848833,0.11627906976744186,0.6195965417867435,0.19581056466302368
0.4594468474602072,0.1162916486369537,0.6195965417867435,0.19582839967210125
0.4594533950404819,0.11631681454230686,0.6195965417867435,0.19586407943882664
0.4594864371623991,0.11632940157991559,0.6195965417867435,0.1958819241982507
0.4595234260811825,0.11623376623376623,0.6190201729106628,0.19571753986332574
0.4596783218226377,0.11615068196579346,0.6184438040345821,0.19557094686958898
0.459741594586934,0.11623876069764923,0.6184438040345821,0.1956957869779318
0.45977557763825,0.11626395059052985,0.6184438040345821,0.1957314848595403
0.45979838111098,0.11628915140348976,0.6184438040345821,0.19576719576719578
0.4598340626691884,0.11623616236162361,0.6172910662824207,0.19563430450269428
0.45994997268896337,0.1162487788993813,0.6172910662824207,0.19565217391304346
0.4599589531652678,0.11619068302747312,0.6167146974063401,0.1955409356725146
0.4601679842799822,0.11620330147697654,0.6167146974063401,0.19555880471534315
0.4602854878792611,0.11621592266753557,0.6167146974063401,0.19557667702430998
0.4603083686945999,0.11622854660004345,0.6167146974063401,0.19559455260031075
0.4603112224920006,0.11624117327539381,0.6167146974063401,0.1956124314442413
0.4603131595883926,0.1161451542807475,0.6161383285302594,0.19544748148825306
0.4604989231358803,0.11620828350907707,0.6161383285302594,0.1955368575086885
0.460552917560803,0.11624619399739017,0.6161383285302594,0.19559052236757846
0.46071418051544755,0.11613397548161121,0.6115273775216138,0.19519823383313403
0.4610032363622024,0.11614668856048166,0.6115273775216138,0.1952161913523459
0.4611724239043745,0.11615940442303481,0.6115273775216138,0.1952341521759131
0.4612611064857946,0.11618484450284713,0.6115273775216138,0.19527008373976257
0.4613885708946824,0.11597062369834485,0.6097982708933718,0.19487935163013445
0.46153124745669116,0.11598333698750274,0.6097982708933718,0.19489730128028002
0.46153714365818016,0.11599605306435698,0.6097982708933718,0.19491525423728812
0.46178185906076047,0.11600877192982456,0.6097982708933718,0.19493321050207277
0.461802297155078,0.1160214935848229,0.6097982708933718,0.19495117007554819
0.46205442013217474,0.11592454485632814,0.6092219020172911,0.19478485211462268
0.4620736701531173,0.11596269884805266,0.6092219020172911,0.19483870967741934
0.4621329826462706,0.11597542242703533,0.6092219020172911,0.19485666881740252
0.46216778498601563,0.11598814879841984,0.6092219020172911,0.1948746312684366
0.46234619931495274,0.11600087796312555,0.6092219020172911,0.19489259703143727
0.4624999003382565,0.11602634467618002,0.6092219020172911,0.19492853849700323
0.4625374210229011,0.1160518225735617,0.6092219020172911,0.19496449322143314
0.4627061321358314,0.11609006040637013,0.6092219020172911,0.19501845018450187
0.4627385778488403,0.11610281195079086,0.6092219020172911,0.19503644247624322
0.46282684336526664,0.11612832344539661,0.6092219020172911,0.19507243702131588
0.4629375937182611,0.11614108339742886,0.6092219020172911,0.19509043927648578
0.46301684342528643,0.11615384615384615,0.6092219020172911,0.19510844485463774
0.4630407121072628,0.11616661171557315,0.6092219020172911,0.19512645375669188
0.46314406241696254,0.11623048163624368,0.6092219020172911,0.1952165481577246
0.46322281471059784,0.11626883731162688,0.6092219020172911,0.19527064474413447
0.4632581536133574,0.11628162816281629,0.6092219020172911,0.19528868360277138
0.46338197866814257,0.11630721830985916,0.6092219020172911,0.19532477132033632
0.4635078996245178,0.11634562465602642,0.6092219020172911,0.19537892791127542
0.46351629706817654,0.11635843240863056,0.6092219020172911,0.19539698678251227
0.4635358780499577,0.11637124298139381,0.6092219020172911,0.19541504899242004
0.4635639620288761,0.11639687259112433,0.6092219020172911,0.19545118343195267
0.463569560426471,0.11656374062637848,0.6092219020172911,0.1956863834120152
0.46361882123448966,0.11647915287888816,0.6086455331412104,0.19553745023608926
0.4636479658671243,0.11650485436893204,0.6086455331412104,0.1955736642281693
0.46370508719477876,0.1165820269375138,0.6086455331412104,0.1956823867321412
0.4637126473967743,0.11649734982332155,0.6080691642651297,0.19553331479936986
0.4637234570450271,0.11653595493206671,0.6080691642651297,0.19558769002595475
0.4637301512381942,0.11654882898806894,0.6080691642651297,0.1956058218225642
0.4637501249858544,0.11656170588885206,0.6080691642651297,0.19562395698127202
0.4638911168042613,0.11657458563535912,0.6080691642651297,0.19564209550301345
0.464092843810501,0.11658746822853354,0.6080691642651297,0.19566023738872404
0.4641314932762757,0.11661324195866032,0.6080691642651297,0.1956965312557967
0.46416730583344135,0.11652846876727474,0.607492795389049,0.19554730983302412
0.4641746307872601,0.11654135338345864,0.607492795389049,0.19556545134056963
0.46422154709343877,0.11665744327614831,0.607492795389049,0.19572887650882081
0.46423133212799467,0.11667035643125968,0.607492795389049,0.19574705172253692
0.464257698443327,0.11668327244547769,0.607492795389049,0.19576523031203563
0.46435239306295595,0.116696191319752,0.607492795389049,0.19578341227825766
0.4643839418942481,0.11670911305503266,0.607492795389049,0.1958015976221438
0.46452197539164314,0.11672203765227021,0.607492795389049,0.1958197863446354
0.4645832587273255,0.11674789543642003,0.607492795389049,0.19585617392920188
0.4646552395056247,0.11679964539007093,0.607492795389049,0.19592898968305605
0.46478478066911993,0.11681259004765598,0.607492795389049,0.1959472020821714
0.46490931561244064,0.11682553757481712,0.607492795389049,0.19596541786743518
0.4649614446586707,0.11683848797250859,0.607492795389049,0.19598363703979174
0.46498674020759534,0.11685144124168514,0.607492795389049,0.19600185960018598
0.4650090576184313,0.11686439738330191,0.607492795389049,0.19602008554956296
0.4650931830776714,0.11687735639831448,0.607492795389049,0.19603831488886822
0.4651685378957119,0.11689031828767883,0.607492795389049,0.19605654761904764
0.46533220449525753,0.11694219460778875,0.607492795389049,0.1961295124674358
0.46547853013651536,0.11695517088326675,0.607492795389049,0.1961477621661859
0.4655292601837944,0.11693503609106053,0.6069164265129683,0.19608938547486035
0.46559494921416605,0.11694802310084407,0.6069164265129683,0.1961076450321259
0.46560061415053305,0.1169610129956681,0.6069164265129683,0.19612590799031476
0.4656704112443296,0.11697400577649411,0.6069164265129683,0.19614417435037718
0.46569247263900954,0.11698700144428396,0.6069164265129683,0.19616244411326378
0.4657656673458637,0.117,0.6069164265129683,0.19618071727992548
0.4659911358942354,0.11701300144460496,0.6069164265129683,0.1961989938513136
0.46616524104114554,0.11702600577906201,0.6069164265129683,0.19621727382837978
0.4662163878744235,0.11705202312138728,0.6069164265129683,0.19625384400335474
0.4662304993487072,0.11709107083287001,0.6069164265129683,0.19630872483221476
0.4662403934317045,0.11711711711711711,0.6069164265129683,0.19634532910684319
0.4662773917016354,0.11704494882064975,0.6063400576368876,0.19621374615312878
0.4663633229300704,0.11705797262712807,0.6063400576368876,0.1962320462600261
0.4664568783148209,0.11707099933229469,0.6063400576368876,0.19625034978080402
0.4664937852301109,0.11708402893711742,0.6063400576368876,0.19626865671641788
0.4665960707442277,0.11709706144256456,0.6063400576368876,0.19628696706782348
0.4667364854408922,0.11711009684960481,0.6063400576368876,0.19630528083597687
0.4668918710950903,0.1171231351592073,0.6063400576368876,0.19632359802183447
0.4670352048490284,0.11713617637234161,0.6063400576368876,0.1963419186263531
0.46710699093565067,0.11714922048997772,0.6063400576368876,0.19636024265048996
0.4673918962908217,0.11716226751308609,0.6063400576368876,0.19637857009520251
0.4674300241317847,0.11721448467966573,0.6063400576368876,0.19645191409897292
0.467456387096462,0.11722754624470694,0.6063400576368876,0.1964702586609394
0.4674992196655281,0.11724061072105205,0.6063400576368876,0.1964886066492342
0.46767264232362643,0.11725367810967455,0.6063400576368876,0.1965069580648174
0.4676903152851729,0.11730597680642284,0.6063400576368876,0.19658039801924693
0.4678115305621925,0.11733214365380326,0.6063400576368876,0.19661713858517893
0.46784111047882676,0.11723368655883994,0.6057636887608069,0.19644859813084112
0.4681148817752459,0.11724676483712629,0.6057636887608069,0.19646695952892795
0.4681825449280719,0.11725984603369408,0.6057636887608069,0.1964853243596934
0.46843592171080406,0.11729910714285714,0.6057636887608069,0.1965404394576905
0.46853866538885164,0.11727150537634409,0.6034582132564842,0.19638000562693425
0.46873154547358203,0.11717262238153915,0.6028818443804035,0.19621084224348154
0.46882042450275935,0.11718574949585481,0.6028818443804035,0.1962292467873558
0.4688683525000668,0.11719887955182073,0.6028818443804035,0.19624765478424014
0.4689937831251587,0.11725142921197175,0.6028818443804035,0.19632132132132135
0.46901538607764515,0.11726457399103139,0.6028818443804035,0.1963397465978414
0.46905115508118733,0.11727772171768136,0.6028818443804035,0.19635817533320818
0.4691207304350765,0.117383009763214,0.6028818443804035,0.19650572985158746
0.4691221564794739,0.11739618406285073,0.6028818443804035,0.1965241897604509
0.4691844473506664,0.11742254153569825,0.6028818443804035,0.19656111998496664
0.4692576275264481,0.11743572471090154,0.6028818443804035,0.19657959030257469
0.4692783039985899,0.11747529200359388,0.6028818443804035,0.19663502208854217
0.46950305818940574,0.11748848702684489,0.6028818443804035,0.19665350629817635
0.46955007313013747,0.11751488596786878,0.6028818443804035,0.1966904851447913
0.4695840730506233,0.11758093525179857,0.6028818443804035,0.19678299313328942
0.4696595375881255,0.1176073757589386,0.6028818443804035,0.1968200206980901
0.46969208984354355,0.11763382816014395,0.6028818443804035,0.19685706220005642
0.4697084025905177,0.11764705882352941,0.6028818443804035,0.196875588179936
0.46977563613596307,0.11768676867686768,0.6028818443804035,0.19693118704697354
0.46977820943508847,0.11770001125239113,0.6028818443804035,0.196949726981736
0.4698759300445435,0.11771325680846276,0.6028818443804035,0.1969682704076829
0.4699119548249289,0.11773975686627645,0.6028818443804035,0.19700536773707505
0.46998882234344536,0.11776626885836523,0.6028818443804035,0.19704247904304417
0.47020302407735043,0.1177795293322824,0.6028818443804035,0.19706103993971363
0.47020836484662804,0.1177927927927928,0.6028818443804035,0.19707960433349037
0.47027604157059455,0.11780605924090551,0.6028818443804035,0.19709817222536274
0.4704436389998139,0.11781932867763009,0.6028818443804035,0.19711674361631962
0.47060518215349023,0.11783260110397657,0.6028818443804035,0.1971353185073502
0.4707554989238233,0.11784587652095539,0.6028818443804035,0.19715389689944401
0.47122672901336105,0.11785915492957746,0.6028818443804035,0.19717247879359098
0.47133536945939075,0.11787243633085417,0.6028818443804035,0.1971910641907814
0.47136670282615567,0.11788572072579737,0.6028818443804035,0.19720965309200603
0.47144229252559827,0.1178990081154193,0.6028818443804035,0.19722824549825588
0.47144716560313055,0.11791229850073272,0.6028818443804035,0.19724684141052237
0.4716394849699061,0.11799210377890582,0.6028818443804035,0.19735849056603774
0.4716894202568315,0.11800541516245487,0.6028818443804035,0.1973771110482121
0.47198194558822365,0.11804536734002934,0.6028818443804035,0.19743299358248395
0.4720668732273459,0.1179724542786182,0.6023054755043228,0.1973001038421599
0.47206823944863,0.1179857739640962,0.6023054755043228,0.19731873111782477
0.47209994469266053,0.11791280777049921,0.6017291066282421,0.19718575880630845
0.47211552865997364,0.11793944871215545,0.6017291066282421,0.19722300935109094
0.47212808696026975,0.11795277369788724,0.6017291066282421,0.19724163990175703
0.4723828494457754,0.11797943270426037,0.6017291066282421,0.19727891156462582
0.4724785372825834,0.11799276672694395,0.6017291066282421,0.19729755267882454
0.4725524532801004,0.11800610376398779,0.6017291066282421,0.19731619731619732
0.47277790761207084,0.11804613297150611,0.6017291066282421,0.19737215237735134
0.47335272749734403,0.11805948207621848,0.6017291066282421,0.1973908111174135
0.473427293564055,0.11804690155205619,0.6005763688760807,0.19731111531906834
0.4735407015080594,0.11806027645592568,0.6005763688760807,0.19732979831455355
0.47356569784924424,0.11815398571266583,0.6005763688760807,0.19746067841576653
0.4736077815382382,0.11818078711579902,0.6005763688760807,0.19749810462471568
0.473608054028493,0.11819419237749547,0.6005763688760807,0.19751682304994786
0.4742036244529882,0.11820760068065797,0.6005763688760807,0.1975355450236967
0.474359252838492,0.11823442641552252,0.6005763688760807,0.1975729996207812
0.4743789400404588,0.11824784384929642,0.6005763688760807,0.19759173224613633
0.4744649333501218,0.11826126432868006,0.6005763688760807,0.19761046842404703
0.47471711248150456,0.11827468785471056,0.6005763688760807,0.19762920815552396
0.4747312381657368,0.11828811442842548,0.6005763688760807,0.19764795144157815
0.47477581224102,0.11830154405086285,0.6005763688760807,0.19766669828322106
0.47518836491828753,0.1183284124460595,0.6005763688760807,0.19770420263732094
0.4752087335663406,0.11834185122089722,0.6005763688760807,0.19772296015180266
0.47523954793020795,0.11835529304861427,0.6005763688760807,0.19774172122592276
0.47526723924269676,0.11844947141070819,0.6005763688760807,0.19787314849981008
0.475297324397328,0.11837616556743234,0.6,0.19773957640801598
0.47559873016284,0.11838962811327192,0.6,0.197758358662614
0.4756312415149492,0.11840309372156506,0.6,0.1977771444856084
0.4756749863026183,0.11841656239335684,0.6,0.1977959338780163
0.47587070311684765,0.11821595175787916,0.5988472622478386,0.1974534397567465
0.4760828248307307,0.11824285876863548,0.5988472622478386,0.19749097129823226
0.4761346513415839,0.11825631686774414,0.5988472622478386,0.19750974241992206
0.47614779396031026,0.11825017088174983,0.5982708933717579,0.19746979929610955
0.47618371085327227,0.11826364361399111,0.5982708933717579,0.19748858447488585
0.47620552041266356,0.11830408023706405,0.5982708933717579,0.19754496146160433
0.47642002255841115,0.11817041177141553,0.5971181556195966,0.19729575318986858
0.47651804606014886,0.11819737592698232,0.5971181556195966,0.19733333333333336
0.4765690780831812,0.11813719894989157,0.5965417867435159,0.19721798780487806
0.4765764973366116,0.11815068493150685,0.5965417867435159,0.19723677941877085
0.47664973592577553,0.1181641739924649,0.5965417867435159,0.19725557461406518
0.4766558116075083,0.11817766613382051,0.5965417867435159,0.197274373391785
0.4770018407201432,0.11824517308351422,0.5965417867435159,0.19736842105263155
0.47700620158611445,0.11825868372943327,0.5965417867435159,0.1973872413464289
0.477071450590275,0.11827219746314707,0.5965417867435159,0.19740606522983026
0.4771528054482626,0.11818493542119099,0.5959654178674352,0.19725295688668446
0.4772430016519598,0.11815166418849365,0.5953890489913545,0.19717503340332124
0.4772478150538406,0.11816517959277054,0.5953890489913545,0.19719385320225258
0.47728389595268744,0.11817869808946345,0.5953890489913545,0.1972126765941199
0.47735890432176564,0.11820574436434375,0.5953890489913545,0.19725033416077908
0.47742365751733057,0.11823280302163214,0.5953890489913545,0.19728800611153552
0.4778035997114452,0.11824633699633699,0.5953890489913545,0.19730684748352592
0.47781128735039163,0.11834116164509108,0.5953890489913545,0.1974388379204893
0.47781932817131945,0.11835472043996334,0.5953890489913545,0.1974577081143076
0.47782965913295383,0.11836828234215653,0.5953890489913545,0.19747658191550374
0.4778588300112642,0.11840898670334708,0.5953890489913545,0.19753322497370684
0.47811353740080126,0.11843613850034396,0.5953890489913545,0.19757100506837524
0.47819016679752624,0.11844971906891412,0.5953890489913545,0.19758990053557768
0.4784228035828927,0.11846330275229358,0.5953890489913545,0.19760879961740796
0.4786678716512661,0.11837577426015142,0.5948126801152738,0.19745527599732135
0.4786798448312377,0.11841652323580035,0.5948126801152738,0.19751196172248803
0.47874157071643725,0.11844370480890623,0.5948126801152738,0.19754977029096477
0.4789051488676536,0.1184573002754821,0.5948126801152738,0.19756868000382885
0.4790603795188739,0.11852532445159067,0.5948126801152738,0.1976632828959969
0.47923170544747146,0.11853893866299105,0.5948126801152738,0.19768221434728475
0.47934887020206846,0.11859342679843714,0.5948126801152738,0.19775797643000864
0.4796949658857975,0.11851937004253363,0.5942363112391931,0.19762315506996359
0.47971580000705416,0.11854662527308267,0.5942363112391931,0.1976610429447853
0.4798267567414582,0.11856025758969642,0.5942363112391931,0.19767999233055314
0.4799271145550686,0.11857389304197814,0.5942363112391931,0.19769894534995203
0.4799518349349135,0.11862846622943275,0.5942363112391931,0.19777479378476884
0.48004230661995195,0.1186421173762946,0.5942363112391931,0.1977937649880096
0.48011895208617317,0.11865577166532397,0.5942363112391931,0.19781273983115885
0.4802277634027076,0.11869675339626987,0.5942363112391931,0.1978696862105364
0.4803065365430095,0.11871042026482441,0.5942363112391931,0.19788867562380041
0.4803799363509822,0.11872409028097651,0.5942363112391931,0.19790766868221518
0.48040739754142964,0.11875143976042386,0.5942363112391931,0.19794566573869632
0.48055019648175584,0.11877880184331797,0.5942363112391931,0.19798367738838216
0.4806015479823277,0.11879248761378039,0.5942363112391931,0.1980026886883042
0.4806464030208422,0.11883356385431074,0.5942363112391931,0.19805974450100852
0.48095165585844657,0.11888837638376384,0.5942363112391931,0.19813587008744116
0.4811147967241957,0.11890208741782955,0.5942363112391931,0.19815491062848356
0.4811384961618319,0.11891580161476355,0.5942363112391931,0.19817395482940892
0.4811648789012086,0.1189295189756604,0.5942363112391931,0.19819300269127257
0.4811994529684456,0.11885529656127394,0.5936599423631124,0.19805787905009137
0.481486209133219,0.11886901327178304,0.5936599423631124,0.1980769230769231
0.48150322929240436,0.11889645619300473,0.5936599423631124,0.1981150221196384
0.48183487937600894,0.11891018240591088,0.5936599423631124,0.19813407713763587
0.4818519957028023,0.11892391178847708,0.5936599423631124,0.19815313582146982
0.4819378567505082,0.11896511896511897,0.5936599423631124,0.19821033387857212
0.4819821529160014,0.11897886103731084,0.5936599423631124,0.19822940723633564
0.4820370182414611,0.11899260628465803,0.5936599423631124,0.19824848426522954
0.48204965590035376,0.11910268270120258,0.5936599423631124,0.19840123278435903
0.48228803659895514,0.11913023363405043,0.5936599423631124,0.19843945669973992
0.48238444699286315,0.11914401388085599,0.5936599423631124,0.19845857418111756
0.4824854815146956,0.11922676235675425,0.5936599423631124,0.19857335646809332
0.4826015112420857,0.11924056494558925,0.5936599423631124,0.19859249975898968
0.4826221360615753,0.11929580727356962,0.5936599423631124,0.19866910984665834
0.4828880638666431,0.1193096258542801,0.5936599423631124,0.19868827160493827
0.48298485468020547,0.11932344763670065,0.5936599423631124,0.1987074370599016
0.483160736581521,0.11935110081112399,0.5936599423631124,0.19874577906415822
0.4832708508706857,0.11936493220535403,0.5936599423631124,0.1987649556155924
0.48330301768678274,0.11937876680574873,0.5936599423631124,0.1987841358679919
0.483307510192231,0.11939260461342298,0.5936599423631124,0.1988033198224281
0.48350450153115426,0.11943413729128015,0.5936599423631124,0.19886089390867845
0.4835494317338973,0.11944798793923228,0.5936599423631124,0.19888009268198492
0.4837250872153819,0.11946184180004639,0.5936599423631124,0.1988992951626919
0.48380833866182815,0.11947569887484051,0.5936599423631124,0.1989185013518733
0.48393369189704427,0.11950342267084349,0.5936599423631124,0.19895692485995753
0.4840447569390085,0.11951728939429102,0.5936599423631124,0.1989761421810103
0.484082292550794,0.11953115933619589,0.5936599423631124,0.1989953632148377
0.4842571737817963,0.11942896935933148,0.5930835734870317,0.19882136991595017
0.4843024895778053,0.11944283226929774,0.5930835734870317,0.19884057971014493
0.4843366164531022,0.11951219512195121,0.5930835734870317,0.1989366843885935
0.48433835351436566,0.11952607736090139,0.5930835734870317,0.19895591647331787
0.48434398771562703,0.11920065443496553,0.5878962536023055,0.19821220365332295
0.48454942081058694,0.11922852133255406,0.5878962536023055,0.1982507288629738
0.4848159559142263,0.11924245966799159,0.5878962536023055,0.19826999708426474
0.48532717454040475,0.11925640126271483,0.5878962536023055,0.19828926905132194
0.4854837602257395,0.11927034611786716,0.5878962536023055,0.19830854476523768
0.4856165171434206,0.11929824561403508,0.5878962536023055,0.1983471074380165
0.4859357290565624,0.11931220025734005,0.5878962536023055,0.19836639439906653
0.4859466582663238,0.11932615816565278,0.5878962536023055,0.19838568511134883
0.48627577684261336,0.11934011934011934,0.5878962536023055,0.19840497957595798
0.4862821904735673,0.11935408378188626,0.5878962536023055,0.19842427779398888
0.4862843099619668,0.11936805149210064,0.5878962536023055,0.19844357976653695
0.4865169731422962,0.11938202247191011,0.5878962536023055,0.19846288549469793
0.48655052245535196,0.11939599672246283,0.5878962536023055,0.198482194979568
0.486739270316763,0.11940997424490751,0.5878962536023055,0.19850150822224386
0.4868138142459796,0.1194239550403934,0.5878962536023055,0.1985208252238225
0.48682042888387494,0.11943793911007025,0.5878962536023055,0.19854014598540146
0.48688812813105015,0.11945192645508841,0.5878962536023055,0.19855947050807865
0.4869126775321168,0.11947991097575261,0.5878962536023055,0.1985981308411215
0.48697506724559814,0.11949390815370196,0.5878962536023055,0.19861746665368513
0.4870668994043868,0.1195079086115993,0.5878962536023055,0.19863680623174293
0.48707711687542465,0.11956394326573673,0.5878962536023055,0.19871420222092342
0.48722079496519544,0.11957796014067995,0.5878962536023055,0.1987335606429615
0.4873366018142751,0.11959198030249736,0.5878962536023055,0.19875292283710053
0.4873480123448041,0.11948874296435272,0.5873198847262248,0.1985774140114976
0.48749353280903807,0.11942749882684185,0.5867435158501441,0.19845988887805827
0.4875327317329748,0.11944151120497477,0.5867435158501441,0.19847923571846363
0.48758765390873793,0.11946954582795447,0.5867435158501441,0.19851794071762874
0.48774824967540553,0.11956777073056143,0.5867435158501441,0.19865352717338278
0.48780180723092154,0.11946434864325149,0.5861671469740634,0.19847775175644028
0.4878066139836081,0.11947838345864661,0.5861671469740634,0.19849712110861714
0.4879480132984643,0.11949242157208319,0.5861671469740634,0.19851649424165527
0.48807754452202773,0.1195345557122708,0.5861671469740634,0.19857463633701064
0.4881494733177733,0.11954860702950511,0.5861671469740634,0.1985940246045694
0.48852096346012314,0.11956266165059957,0.5861671469740634,0.19861341665852944
0.4885495807075165,0.11957671957671957,0.5861671469740634,0.1986328125
0.4886223100081265,0.11951535113516057,0.5855907780979827,0.19851504493942945
0.4886238495823696,0.11952941176470588,0.5855907780979827,0.19853444064484613
0.48866119560909255,0.11954347570302389,0.5855907780979827,0.19855384014070745
0.4886821268797099,0.11955754295128265,0.5855907780979827,0.1985732434281247
0.4888476366240645,0.1196279288826092,0.5855907780979827,0.1986703167774736
0.4889076537974829,0.11986786219915055,0.5855907780979827,0.1990010772696112
0.4889197480103428,0.11988200589970502,0.5855907780979827,0.19902056807051913
0.4890194749253852,0.11989615293839981,0.5855907780979827,0.1990400626897835
0.48902928974386506,0.11993861409514815,0.5855907780979827,0.1990985694689398
0.4890672706777393,0.11995277449822904,0.5855907780979827,0.19911807937285642
0.4891387312321142,0.11996693824536545,0.5855907780979827,0.1991375931007448
0.4891495342645243,0.11999527577654423,0.5855907780979827,0.19917663203293473
0.48919619032109485,0.12000944956295771,0.5855907780979827,0.19919615723948633
0.4893534724132378,0.12002362669816893,0.5855907780979827,0.1992156862745098
0.48938569822622496,0.12003780718336483,0.5855907780979827,0.19923521913913125
0.4894904369340466,0.12005199101973296,0.5855907780979827,0.19925475583447735
0.4895525549769931,0.12006617820846135,0.5855907780979827,0.199274296361675
0.48967421168969083,0.12009456264775414,0.5855907780979827,0.19931338891613537
0.4897351657552408,0.12010875990069748,0.5855907780979827,0.1993329409456543
0.48985822450254735,0.12012296051075905,0.5855907780979827,0.19935249681153733
0.4898874826307153,0.12015137180700095,0.5855907780979827,0.19939162005691294
0.49013353386926656,0.12007571276469893,0.5850144092219021,0.19925402434236356
0.490238214654654,0.12010412968879422,0.5850144092219021,0.19929314745729432
0.4903507152485129,0.12011834319526628,0.5850144092219021,0.1993127147766323
0.49046945628498473,0.1201467803030303,0.5850144092219021,0.1993518609447118
0.4905536556126441,0.12016100390671244,0.5850144092219021,0.19937143979571792
0.4905847435209795,0.12021793201468672,0.5850144092219021,0.19944979367262725
0.49066244803691744,0.12024641630138609,0.5850144092219021,0.19948899371069181
0.4906676912429336,0.12026066350710901,0.5850144092219021,0.1995085995085995
0.49069251244265566,0.12027491408934708,0.5850144092219021,0.19952820916060546
0.4907067135253246,0.12028916804930079,0.5850144092219021,0.19954782266784626
0.4907577160885891,0.12030342538817115,0.5850144092219021,0.1995674400314589
0.4907999249191238,0.12021339656194428,0.5844380403458214,0.1994100294985251
0.4908542430187706,0.12024190679473497,0.5844380403458214,0.19944925255704168
0.49089087913284457,0.1202846975088968,0.5844380403458214,0.19950811608460403
0.49089432011501943,0.12034179919297412,0.5844380403458214,0.19958665485680543
0.4910572235070441,0.12037037037037036,0.5844380403458214,0.19962594743577125
0.49144174993595036,0.12038466104713286,0.5844380403458214,0.19964559952746602
0.491464141039574,0.12041325258282864,0.5844380403458214,0.19968491532099253
0.4914983031744896,0.12044185770281506,0.5844380403458214,0.1997242466023242
0.49154438117033084,0.12045616535994298,0.5844380403458214,0.1997439180537772
0.4915562878714537,0.12048479087452471,0.5844380403458214,0.19978327258398187
0.49166008399371774,0.12049910873440285,0.5844380403458214,0.19980295566502462
0.49166724043014504,0.12054208273894436,0.5844380403458214,0.19986202818567064
0.4917530494587963,0.12057074910820452,0.5844380403458214,0.19990142927550517
0.49199565282561186,0.12058508740635034,0.5844380403458214,0.1999211356466877
0.4920344548555917,0.12050916012372115,0.5838616714697407,0.19978305886993392
0.4921563050020282,0.12052349791790601,0.5838616714697407,0.1998027613412229
0.4921858912443367,0.12055218374390099,0.5838616714697407,0.19984217794436773
0.4921891656505752,0.12058088322818712,0.5838616714697407,0.19988161010260458
0.49221420427905116,0.12063832321067047,0.5838616714697407,0.19996052112120014
0.49252760426971265,0.12065269175797999,0.5838616714697407,0.1999802586121804
0.49271947995629506,0.12066706372840977,0.5838616714697407,0.19999999999999998
0.49277508662435443,0.12068143912318323,0.5838616714697407,0.20001974528581304
0.49278171982144975,0.12069581794352437,0.5838616714697407,0.2000394944707741
0.492875989433588,0.12071020019065777,0.5838616714697407,0.2000592475560383
0.49297786856221004,0.12061978545887962,0.58328530259366,0.19990123456790126
0.4930231641867427,0.12052932761087268,0.5827089337175793,0.1997431591425467
0.49304183915402194,0.12054369858113748,0.5827089337175793,0.1997628927089508
0.4931246488131174,0.12055807297877415,0.5827089337175793,0.1997826301748839
0.49318069668363373,0.12057245080500895,0.5827089337175793,0.19980237154150196
0.49337243476312836,0.1205868320610687,0.5827089337175793,0.19982211680996145
0.4934398855724336,0.12060121674818085,0.5827089337175793,0.1998418659814193
0.49346793148924645,0.12061560486757338,0.5827089337175793,0.1998616190570327
0.49353315557922484,0.12064439140811456,0.5827089337175793,0.19990113692535838
0.4936296493958891,0.12065878983172217,0.5827089337175793,0.1999209017203876
0.4937098880331469,0.12070200573065902,0.5827089337175793,0.19998021956285233
0.49420368265240827,0.12061141628851206,0.5821325648414986,0.19982194084479177
0.4942142151517464,0.12065464102257795,0.5821325648414986,0.19988125865822284
0.4942837222587147,0.12066905615292713,0.5821325648414986,0.1999010390895596
0.49456877319702414,0.12068347472816346,0.5821325648414986,0.19992082343626288
0.49458627812525824,0.12071232221823831,0.5821325648414986,0.19996040388041972
0.49463807460691245,0.12074118350268978,0.5821325648414986,0.2
0.49467683767908066,0.12069377990430621,0.5815561959654179,0.19990094105993067
0.49471207915212984,0.12072266092366594,0.5815561959654179,0.19994055285841672
0.49474791597233375,0.12075155576831019,0.5815561959654179,0.1999801803587355
0.4947614896945778,0.12076600837821663,0.5815561959654179,0.2
0.49489991800084454,0.1207949239794086,0.5815561959654179,0.20003965107057892
0.4949139213250131,0.12080938697318008,0.5815561959654179,0.20005948250223057
0.49495352872527065,0.12088175392356536,0.5815561959654179,0.2001586986708986
0.4952499931030075,0.12091072498502096,0.5815561959654179,0.20019841269841268
0.4953279800677522,0.12095420762407097,0.5815561959654179,0.20025801329760845
0.4953741559720994,0.12096870878791512,0.5815561959654179,0.20027788805081384
0.49543241088758266,0.12099772154934645,0.5815561959654179,0.20031764939448088
0.49552272767547256,0.12105578884223156,0.5815561959654179,0.20039721946375375
0.4956383695571076,0.12107031437485001,0.5815561959654179,0.20041712185917168
0.4956911152618644,0.12111391189533069,0.5815561959654179,0.20047685277170674
0.49580842255065666,0.12114299435706567,0.5815561959654179,0.20051669316375198
0.49600468437045303,0.1211866442469373,0.5815561959654179,0.20057648345094922
0.4962875555856102,0.12108108108108108,0.5809798270893372,0.2003976143141153
0.4963131231297733,0.12109562710235464,0.5809798270893372,0.20041753653444674
0.4963303371844658,0.12101910828025478,0.5804034582132565,0.20027844073190137
0.4963641266184902,0.12104820290900349,0.5804034582132565,0.20031828128108212
0.49636585680304685,0.12106275547006493,0.5804034582132565,0.20033820750024867
0.49644640291125797,0.12095707586870266,0.5798270893371757,0.2001591723040191
0.4964805816897016,0.12098616957306073,0.5798270893371757,0.20019900497512436
0.49652623900549997,0.12090952839268528,0.579250720461095,0.20005971931919977
0.49654683452400433,0.12092407652508723,0.579250720461095,0.20007963368504877
0.49656815522865144,0.12093862815884476,0.579250720461095,0.20009955201592836
0.49657579199626944,0.12096774193548387,0.579250720461095,0.2001394005775167
0.4965858116493883,0.12098230408089564,0.579250720461095,0.2001593308105955
0.4966122306155158,0.12101143889223359,0.579250720461095,0.20019920318725096
0.4966128160661381,0.1207647628267183,0.5752161383285302,0.19961996199619964
0.49680701933790467,0.12077937794989713,0.5752161383285302,0.19963992798559713
0.4969094625536025,0.12083787383460468,0.5752161383285302,0.19971983189913947
0.49691473387982704,0.12086714303015623,0.5752161383285302,0.19975980784627706
0.49695324296438476,0.12088178294573644,0.5752161383285302,0.19977980182163946
0.49700719652158387,0.12091107341894838,0.5752161383285302,0.19981980178196015
0.4970089724881736,0.1209257239791591,0.5752161383285302,0.19983980776932317
0.49717478686988054,0.12095503575324203,0.5752161383285302,0.19987983176447024
0.49750151029068196,0.12096969696969696,0.5752161383285302,0.19989984977466196
0.4976570826058027,0.12098436174081707,0.5752161383285302,0.19991987179487178
0.4976733908391505,0.1210871147779665,0.5752161383285302,0.2000601383181317
0.497734416390786,0.1211018080330057,0.5752161383285302,0.20008019246190856
0.49775872819704026,0.12113120524335477,0.5752161383285302,0.2001203128133146
0.49819272867882297,0.12116061672939177,0.5752161383285302,0.20016044925792217
0.49842292176272385,0.12119004250151791,0.5752161383285302,0.20020060180541627
0.49850760774644004,0.12120476074811756,0.5752161383285302,0.20022068412077437
0.49850878393813275,0.12121948257014455,0.5752161383285302,0.20024077046548955
0.498571559477846,0.1212636695018226,0.5752161383285302,0.20030105368790765
0.49860756851058063,0.12127840563859521,0.5752161383285302,0.20032115616218382
0.4987452431191055,0.12129314535731649,0.5752161383285302,0.20034126267188598
0.49876932423122433,0.12121580547112462,0.5746397694524495,0.2002008032128514
0.49881498670511565,0.12124528760792898,0.5746397694524495,0.2002410122514561
0.49886175733943605,0.1211531443863277,0.5740634005763688,0.20008035355564482
0.49896364408844485,0.12118262562355518,0.5740634005763688,0.2001205545509343
0.4989903472131362,0.121197371623266,0.5740634005763688,0.20014066110720385
0.4990102890190518,0.12127115548520638,0.5740634005763688,0.20024125452352232
0.49915929426160593,0.12100901779185962,0.5723342939481268,0.19977869429634845
0.49934280339186793,0.12090188909201706,0.5717579250720461,0.19959758551307846
0.4993738199095503,0.12091662603607996,0.5717579250720461,0.19961766777341786
0.49941538969299853,0.12093136657320493,0.5717579250720461,0.19963775407526665
0.49945425960038403,0.12107896985231295,0.5717579250720461,0.19983883964544724
0.49959309898391163,0.12110853375656208,0.5717579250720461,0.19987910537981063
0.49962560330295513,0.12112332112332112,0.5717579250720461,0.19989924433249373
0.4996621560230788,0.12113811210159971,0.5717579250720461,0.19991938734381298
0.49969341714307386,0.12115290669272105,0.5717579250720461,0.19993953441499548
0.49976430052756626,0.12116770489800904,0.5717579250720461,0.1999596855472687
0.499789411425257,0.12118250671878818,0.5717579250720461,0.1999798407418607
0.499818555371389,0.12121212121212122,0.5717579250720461,0.2000201633229156
0.5001734522944006,0.12122693388732739,0.5717579250720461,0.20004033071183705
0.500181677192097,0.12186379928315412,0.5682997118155619,0.20069204152249134
0.500302346382299,0.12189393002843367,0.5682997118155619,0.2007328990228013
0.5003040823719516,0.12190900098911968,0.5682997118155619,0.2007533340120126
0.5003460178133002,0.12195423623995053,0.5682997118155619,0.20081466395112016
0.5003833956077339,0.12196932211776348,0.5682997118155619,0.2008351155922192
0.5004805375917872,0.12199653207827595,0.5677233429394812,0.20083596696910996
0.5004867892895027,0.12201164375077418,0.5677233429394812,0.2008564437194127
0.500537262882191,0.12190287413280476,0.5671469740634005,0.200672988681554
0.5007121367815812,0.12191797794573163,0.5671469740634005,0.20069345298796654
0.5007470267504327,0.12199355318621374,0.5671469740634005,0.20079583715947352
0.5007518546015051,0.12202380952380952,0.5671469740634005,0.20083682008368198
0.5008660842161642,0.12205408087323245,0.5671469740634005,0.20087781974073698
0.5008777787889218,0.12206922218087086,0.5671469740634005,0.20089832584728462
0.5009320182018527,0.12197543119493734,0.5665706051873198,0.20073514396569325
0.5010204887039209,0.12202085402184706,0.5665706051873198,0.2007966499846798
0.5010659789447731,0.12203600248292985,0.5665706051873198,0.20081716036772213
0.5010776866883347,0.12195727769498262,0.5659942363112392,0.20067436395218147
0.5011895306310051,0.12198757763975156,0.5659942363112392,0.2007153806847215
0.5012963755972845,0.12200273325878991,0.5659942363112392,0.20073589533932948
0.5013146578223626,0.12201789264413519,0.5659942363112392,0.20075641418787693
0.5013448817490842,0.12204822271936366,0.5659942363112392,0.2007974644719354
0.5013675302277802,0.12206339341205717,0.5659942363112392,0.20081799591002045
0.5013722093119127,0.12207856787667827,0.5659942363112392,0.20083853154719297
0.5015265110438291,0.12210892812733151,0.5659942363112392,0.2008796154239542
0.5016242227117361,0.12199975127471707,0.5654178674351585,0.20069558101472995
0.5016467933406452,0.12204528489674048,0.5654178674351585,0.20075718817149288
0.5018001554843633,0.12212124984439188,0.5654178674351585,0.20085995085995087
0.5018392659545835,0.12201195219123506,0.5648414985590778,0.2006757448551244
0.5018405251473522,0.12202714481384634,0.5648414985590778,0.2006962932623387
0.5022580548611799,0.12204234122042341,0.5648414985590778,0.2007168458781362
0.5023425939134945,0.12207274539113104,0.5648414985590778,0.20075796374065352
0.5023959315000397,0.12196337361405257,0.5642651296829971,0.20057365293997131
0.502472997558454,0.12197856964864191,0.5642651296829971,0.20059420141378956
0.5026316064960781,0.12199376947040498,0.5642651296829971,0.20061475409836063
0.5026776084186183,0.12200897308075773,0.5642651296829971,0.20063531099497897
0.5028558921385602,0.1220241804811168,0.5642651296829971,0.20065587210493957
0.5028893173285464,0.122054606657524,0.5642651296829971,0.20069700697006973
0.5032999425973231,0.12240300375469337,0.5636887608069164,0.2011311053984576
0.5034192026355494,0.12241832519714607,0.5636887608069164,0.20115178938708347
0.5035723730421845,0.12243365047571357,0.5636887608069164,0.201172477630361
0.5038314043325701,0.12244897959183673,0.5636887608069164,0.20119317012960297
0.5038926506001126,0.12246431254695718,0.5636887608069164,0.20121386688612283
0.5040149931839172,0.12247964934251722,0.5636887608069164,0.20123456790123456
0.5042413564126991,0.12249498997995992,0.5636887608069164,0.2012552731762527
0.5045434700369106,0.12251033446072905,0.5636887608069164,0.2012759827124923
0.5046658073500664,0.1225256827862691,0.5636887608069164,0.2012966965112689
0.5047286742531786,0.1225410349580253,0.5636887608069164,0.20131741457389873
0.5048074257846082,0.12257175084597068,0.5636887608069164,0.20135886349598517
0.5048178989991166,0.1225871145650539,0.5636887608069164,0.2013795943580768
0.5048397587014365,0.1226024821361414,0.5636887608069164,0.20140032948929157
0.5051300159809827,0.12252320040130424,0.5631123919308357,0.201256566072716
0.5051413839089467,0.12253856766587232,0.5631123919308357,0.20127729707457764
0.505184278414364,0.12255393878575012,0.5631123919308357,0.20129803234779023
0.5052467796648529,0.12244385898883453,0.562536023054755,0.2011127137852875
0.5052983852430482,0.12245922208281054,0.562536023054755,0.20113343637300363
0.5054035526118025,0.12248995983935743,0.562536023054755,0.20117489436256827
0.5055463744477395,0.1225207130303791,0.562536023054755,0.2012163694464488
0.5055840259715267,0.12253609541745135,0.562536023054755,0.20123711340206185
0.5056043811093954,0.12255148166750376,0.562536023054755,0.20125786163522014
0.5056529294743023,0.12258226576237126,0.562536023054755,0.2012993709394658
0.5058585833617271,0.12259766361009923,0.562536023054755,0.2013201320132013
0.5058708572265547,0.12262847091343133,0.562536023054755,0.20136166701052197
0.5059171951249362,0.12264388037195276,0.562536023054755,0.2013824409367585
0.505999842219219,0.12265929370365716,0.562536023054755,0.2014032191498143
0.5060872511073264,0.12270555695247674,0.562536023054755,0.2014655795231706
0.5064585125885267,0.12264150943396226,0.5619596541786743,0.20134228187919462
0.5064976781790416,0.12270324691668764,0.5619596541786743,0.2014254725751472
0.5067351698401439,0.12271869100062932,0.5619596541786743,0.2014462809917355
0.5070934748580387,0.12273413897280967,0.5619596541786743,0.2014670937080277
0.5071095621618321,0.12276504658776127,0.5619596541786743,0.20150873204505526
0.5072080779405561,0.12281143720871646,0.5619596541786743,0.20157122183171386
0.5072613568359802,0.12282690854119425,0.5619596541786743,0.20159206037423755
0.5073208233239374,0.12287334593572778,0.5619596541786743,0.20165460186142709
0.5073402269595572,0.12290220820189275,0.5613832853025936,0.20165631469979295
0.5074370846257269,0.12294875031557688,0.5613832853025936,0.20171896033965003
0.5074816571484568,0.12296427218785506,0.5613832853025936,0.2017398508699254
0.5075108977857364,0.12301086132861834,0.5613832853025936,0.20180254843053974
0.5076528381379775,0.12305748578648136,0.5613832853025936,0.20186528497409328
0.5076706967085143,0.12307303512762194,0.5613832853025936,0.20188620582443778
0.507827408407988,0.12316641375821953,0.5613832853025936,0.2020118220470808
0.5079655792133838,0.12319757146471035,0.5613832853025936,0.2020537288663002
0.5080114251315818,0.12325993419387497,0.5613832853025936,0.20213759468714332
0.5081464305665239,0.12327553474243767,0.5613832853025936,0.20215857202158571
0.508213938866853,0.12332236009116232,0.5613832853025936,0.20222153015675287
0.5084571961548634,0.12335359675785208,0.5613832853025936,0.202263524036964
0.5084703550393488,0.12340048143924996,0.5613832853025936,0.2023265475695887
0.5085695654461172,0.1234161175874303,0.5613832853025936,0.20234756414251584
0.5085906444914642,0.1233050310480294,0.5608069164265129,0.20216081446083525
0.5087345164799135,0.12332065906210393,0.5608069164265129,0.20218181818181816
0.5089969860741798,0.12327028056366637,0.5596541786743516,0.20203911776945485
0.5091129075169043,0.1233015873015873,0.5596541786743516,0.20208116545265353
0.5091759087520386,0.12331724663449327,0.5596541786743516,0.20210219585804975
0.5095101521631759,0.12334857723577236,0.5596541786743516,0.20214426980326847
0.5096942010666923,0.12336424850717825,0.5596541786743516,0.20216531334582558
0.509744246706743,0.12339560299911044,0.5596541786743516,0.20220741357767597
0.5098710295746184,0.12342697343332909,0.5596541786743516,0.2022495313476359
0.5098870962719805,0.12344266463259598,0.5596541786743516,0.202270596812832
0.509960935185075,0.12348976217728602,0.5596541786743516,0.2023338195457387
0.5100912868368975,0.12350546934622234,0.5596541786743516,0.20235490257372096
0.5101218406006562,0.12352118051138532,0.5596541786743516,0.20237598999583162
0.5101423575240794,0.12353689567430025,0.5596541786743516,0.2023970818134445
0.5101708037076769,0.12359979633401222,0.5596541786743516,0.20248149306641644
0.5105238773952846,0.1235039470333588,0.5590778097982709,0.20231515277922624
0.5105979639478316,0.12345521722512422,0.5585014409221902,0.20221202003338898
0.5106517833341448,0.12347094801223242,0.5585014409221902,0.2022331211520401
0.5107133479182661,0.1234866828087167,0.5585014409221902,0.20225422667501566
0.5109241149151316,0.12351816443594646,0.5585014409221902,0.2022964509394572
0.5111765227099448,0.12353391126976032,0.5585014409221902,0.20231756968368303
0.5111778617084952,0.12354966211908708,0.5585014409221902,0.2023386928377532
0.5111847362681614,0.12369160071483278,0.5585014409221902,0.20252899989549586
0.5114776720215689,0.12370739180390655,0.5585014409221902,0.20255016722408029
0.511662988326653,0.12359263050153531,0.5567723342939481,0.2022824835095801
0.5118636006005828,0.1236084452975048,0.5567723342939481,0.20230366492146598
0.5121701117510861,0.12375096079938509,0.5567723342939481,0.202494497432135
0.5126335212467732,0.12379853902345252,0.5567723342939481,0.20255818829943384
0.5126978011821393,0.12381440656241989,0.5567723342939481,0.2025794274929223
0.5127631202056075,0.12383027816946546,0.5567723342939481,0.2026006711409396
0.5128003072207787,0.12384615384615384,0.5567723342939481,0.20262191924488723
0.5129767744525354,0.12386203359405051,0.5567723342939481,0.20264317180616737
0.5131102569350048,0.12387791741472172,0.5567723342939481,0.2026644288261827
0.5131568243315723,0.12392559332905709,0.5567723342939481,0.20272822665267579
0.5132342798858606,0.12395739766457077,0.5567723342939481,0.20277078085642317
0.5133102691000365,0.12397330595482546,0.5567723342939481,0.20279206465833943
0.5133990857583253,0.12398921832884097,0.5567723342939481,0.20281335292882638
0.5134592511130581,0.12408477842003854,0.5567723342939481,0.20294117647058826
0.5134923020380799,0.12410071942446044,0.5567723342939481,0.20296249606051056
0.5136185923084338,0.12416452442159383,0.5567723342939481,0.2030478192327903
0.513670125531011,0.12418048592364057,0.5567723342939481,0.20306916123607316
0.5138543649704544,0.12413172112168767,0.5561959654178674,0.2029656115259228
0.5138572047965332,0.12414769072430207,0.5561959654178674,0.2029869583508624
0.5138596091932832,0.1241636644364385,0.5561959654178674,0.20300830966656147
0.5138972656117016,0.12432362793094563,0.5561959654178674,0.20322207012740867
0.5143125492273077,0.12433964695271228,0.5561959654178674,0.2032434709351306
0.5143762548556943,0.1242428147957211,0.5556195965417867,0.2030756267116073
0.5144510036072425,0.12427484852391388,0.5556195965417867,0.20311841550779602
0.5148348465999242,0.12429087158329036,0.5556195965417867,0.2031398166684227
0.5151163747298572,0.12425806451612903,0.555043227665706,0.20305745914602003
0.5152691066256453,0.12427409988385599,0.555043227665706,0.20307886967524252
0.515310645064689,0.12429013939081053,0.555043227665706,0.2031002847200253
0.5153574584680884,0.12430618303859559,0.555043227665706,0.20312170428179704
0.5155353857921576,0.12432223082881487,0.555043227665706,0.20314312836198714
0.5155607787981401,0.12433828276307295,0.555043227665706,0.20316455696202532
0.515705088862132,0.12435433884297521,0.555043227665706,0.20318599008334215
0.5157623711027512,0.12437039907012785,0.555043227665706,0.20320742772736866
0.5158774532834595,0.12438646344613795,0.555043227665706,0.20322886989553657
0.51589549378543,0.12440253197261336,0.555043227665706,0.20325031658927817
0.5159237346984723,0.12446684761535479,0.555043227665706,0.20333614864864866
0.5159501992827875,0.12449903038138332,0.555043227665706,0.2033790918690602
0.515961688459414,0.12467532467532468,0.553314121037464,0.20349761526232116
0.516009206073407,0.12465878070973613,0.5527377521613833,0.2034365719134493
0.5161714951390028,0.12467498699947997,0.5527377521613833,0.20345815211626178
0.5161749660147424,0.12457737321196359,0.5521613832853026,0.203289124668435
0.5162079160168621,0.12469055374592834,0.5515850144092219,0.20340063761955368
0.5164415780672968,0.12459272774664408,0.5510086455331412,0.2032312925170068
0.516536283712525,0.1246089676746611,0.5510086455331412,0.20325289677899439
0.5166618244715364,0.1246252118367879,0.5510086455331412,0.20327450563470126
0.516732125523802,0.12447753396029258,0.5492795389048991,0.2029602811202215
0.5167401915088704,0.12459144986272716,0.5492795389048991,0.20311167945439046
0.5168026849336639,0.12462364183793691,0.5487031700288184,0.20311499893321952
0.5168107942174387,0.12463995810421577,0.5487031700288184,0.20313666915608664
0.5168923976718435,0.12468893254747872,0.5487031700288184,0.2032017075773746
0.516963775052975,0.12470526591564056,0.5487031700288184,0.2032233963069698
0.5170320597920123,0.12472160356347439,0.5487031700288184,0.20324508966695132
0.5172858538041425,0.12473794549266247,0.5487031700288184,0.20326678765880218
0.5172951890763922,0.12480335605663345,0.5487031700288184,0.2033536259745808
0.5174188641765204,0.1247704014694306,0.5481268011527377,0.20327027893555624
0.517629680132447,0.1248355695869508,0.5469740634005764,0.20327728392417266
0.5176457511116727,0.12486842105263157,0.5469740634005764,0.20332083556507766
0.517803979151048,0.12488485327016713,0.5469740634005764,0.20334261838440112
0.5178338969042406,0.12490128981310872,0.5469740634005764,0.20336440587163826
0.5179216231125027,0.12496707927311035,0.5469740634005764,0.20345160252974595
0.5179650686231468,0.125,0.5469740634005764,0.20349522890532862
0.5180492120383857,0.12491764395836079,0.5463976945244957,0.20334620334620337
0.5181542375131455,0.12493410648392199,0.5463976945244957,0.2033680145875791
0.5182036158184427,0.12496704455576062,0.5463976945244957,0.2034116511103959
0.518237148616705,0.12498352010547133,0.5463976945244957,0.20343347639484982
0.5184498021091317,0.125,0.5463976945244957,0.20345530636334372
0.5186063771490345,0.12493403693931399,0.545821325648415,0.20332796564680625
0.5186572568102762,0.12495052117693627,0.545821325648415,0.20334979600601247
0.5186745420960897,0.125016501650165,0.545821325648415,0.20343716433941997
0.5187187924653965,0.1250330076577766,0.545821325648415,0.2034590181544742
0.5187260947344583,0.12518195050946143,0.5452449567723343,0.20361601377529057
0.5187457534158659,0.12511584800741427,0.5446685878962536,0.20348837209302326
0.5188195959437079,0.12521531734464025,0.5446685878962536,0.20361990950226247
0.5190269333553287,0.12524850894632206,0.5446685878962536,0.2036637931034483
0.5191932826765806,0.12528171814927747,0.5446685878962536,0.2037076956240569
0.5193209546540251,0.12534818941504178,0.5446685878962536,0.20379555747250377
0.5195035525652136,0.12536481825417883,0.5446685878962536,0.20381753477838888
0.5196909983510513,0.1253814515059042,0.5446685878962536,0.20383951682484902
0.5197175377811001,0.12541473125414732,0.5446685878962536,0.20388349514563103
0.5199351792854819,0.12543137775418103,0.5446685878962536,0.20390549142302297
0.5201350788834549,0.12544802867383512,0.5446685878962536,0.2039274924471299
0.5201862429003562,0.12546468401486988,0.5446685878962536,0.20394949821948852
0.5201927957453539,0.1254813437790466,0.5446685878962536,0.20397150874163608
0.5203603217255812,0.1254980079681275,0.5446685878962536,0.20399352401511064
0.5205719553310767,0.12553134962805526,0.5446685878962536,0.20403756882219584
0.5206164927001907,0.1255980861244019,0.5446685878962536,0.20412571552003453
0.5206269287562697,0.12564818508177103,0.5446685878962536,0.20419187554019014
0.5206890989857427,0.12571657112385015,0.5435158501440922,0.20420095279341705
0.5208101459710818,0.12682926829268293,0.5394812680115274,0.20537575425123425
0.5208359981016423,0.12691525423728814,0.5394812680115274,0.20548847420417124
0.5208544011144804,0.1270185913963903,0.5394812680115274,0.20562390158172236
0.5208648560026479,0.1270875763747454,0.5394812680115274,0.2057142857142857
0.5212046421170663,0.12710483432916894,0.5394812680115274,0.20573689416419386
0.5213860923489099,0.1271220969713432,0.5394812680115274,0.20575950758408437
0.521552701335549,0.1271393643031785,0.5394812680115274,0.20578212597559634
0.521891183198684,0.12715663632658605,0.5394812680115274,0.2058047493403694
0.5219415770737533,0.12722577137420144,0.5394812680115274,0.20589529256489222
0.5219718980705347,0.1272430668841762,0.5394812680115274,0.2059179408205918
0.5220228440224616,0.12726036709721278,0.5394812680115274,0.20594059405940596
0.5220373376277905,0.1273469387755102,0.5394812680115274,0.20605393505778755
0.5221268131315082,0.127453653217012,0.5389048991354467,0.20615147172307352
0.5221285907023232,0.12748841014453233,0.5389048991354467,0.20619693461241595
0.5222603347122708,0.12740417405538126,0.538328530259366,0.20604456210015443
0.5223710728065668,0.12716605266748532,0.5371757925072046,0.20564872021182704
0.522713620208513,0.12718340611353712,0.5371757925072046,0.2056714112324837
0.5227364958963687,0.12720076429643784,0.5371757925072046,0.20569410726109028
0.5228480395460761,0.12723549488054609,0.5371757925072046,0.20573951434878587
0.5228955574627419,0.12725286728563626,0.5371757925072046,0.2057622254111933
0.5231867672118068,0.1272876263316034,0.5371757925072046,0.20580766258142874
0.5232181953615986,0.1273572014211533,0.5371757925072046,0.20589859715011594
0.5232438734892152,0.12737460707940412,0.5371757925072046,0.20592134334953605
0.523246732835394,0.1273920174958994,0.5371757925072046,0.20594409457518506
0.5232954737456872,0.12753147235905857,0.5371757925072046,0.20612628552471524
0.5234089448175073,0.12751677852348994,0.5365994236311239,0.2060646303674192
0.5238775395143067,0.12755171941361831,0.5365994236311239,0.2061102501660394
0.523919317274773,0.12760416666666666,0.5365994236311239,0.2061787177499723
0.5239915571718808,0.1276391554702495,0.5365994236311239,0.20622438808284416
0.5240658704987856,0.12751953928424517,0.5360230547550432,0.2060256978289765
0.5242076169291393,0.12762453684643887,0.5360230547550432,0.2061627133673243
0.5247197679690936,0.1276420532528136,0.5360230547550432,0.20618556701030927
0.5247817099600729,0.1276946313332418,0.5360230547550432,0.20625415834996674
0.525019568309372,0.12774725274725274,0.5360230547550432,0.20632279534109815
0.525111361678567,0.12778235779060182,0.5360230547550432,0.20636857871962724
0.5251715574149934,0.12783505154639174,0.5360230547550432,0.2064372918978912
0.5252984657528452,0.12782058337919647,0.5354466858789625,0.2063756525602577
0.5253214533163046,0.12787336545079148,0.5354466858789625,0.20644444444444446
0.5253468298154319,0.12777089357015006,0.5348703170028818,0.20626805956879307
0.5254544751060816,0.12778848801982925,0.5348703170028818,0.20629098588418363
0.5256694005040088,0.1278236914600551,0.5348703170028818,0.20633685380767094
0.525674739798361,0.1279470563904591,0.5348703170028818,0.2064975522919448
0.5262822230069046,0.12796469939327082,0.5348703170028818,0.2065205296539446
0.5264642220260037,0.12801765760794592,0.5348703170028818,0.20658949243098843
0.5265386994228484,0.1280353200883002,0.5348703170028818,0.2066124902593788
0.5271590736059264,0.1279358938933407,0.5337175792507205,0.20639696868382928
0.5273770204414421,0.12795357192206716,0.5337175792507205,0.20641997325011147
0.5277527224205056,0.1277654867256637,0.5325648414985591,0.20608899297423885
0.5278145626176642,0.1276625172890733,0.5319884726224784,0.20591187953151144
0.5279998993674981,0.12755949086884338,0.5314121037463977,0.20573468704674774
0.5283152904936228,0.1274387712743877,0.530835734870317,0.20553447891095739
0.5283342939934437,0.12749169435215946,0.530835734870317,0.2056033039401719
0.5283430660728429,0.12750934514744566,0.530835734870317,0.20562625586068323
0.528397210681897,0.12754466140423765,0.530835734870317,0.20567217507815988
0.528400295215374,0.1274414738883502,0.5302593659942363,0.2054947509492964
0.5286402002195058,0.12744418249895992,0.5296829971181556,0.20545495193382515
0.5287212382634962,0.1274795394645582,0.5296829971181556,0.20550089445438283
0.5288716181810506,0.12774534334167362,0.5296829971181556,0.20584611938626945
0.529123855348887,0.12776310301682192,0.5296829971181556,0.20586917562724016
0.5291284681081528,0.12786976485320717,0.5296829971181556,0.20600762160950453
0.5292024486640393,0.12788755914277763,0.5296829971181556,0.2060307140455106
0.5297718366565735,0.12776617954070982,0.5291066282420749,0.20582959641255605
0.5298574508127987,0.12766253654461923,0.5285302593659942,0.20565149136577707
0.5299299201661349,0.12769809218771758,0.5285302593659942,0.205697622252131
0.5300316994013594,0.12782269305826596,0.5285302593659942,0.20585924346166795
0.5301929831070162,0.12785833798103738,0.5285302593659942,0.20590546760974515
0.5305280985029206,0.1279296875,0.5285302593659942,0.20599797820959226
0.5306460578458069,0.12800111669458403,0.5285302593659942,0.20609057197437913
0.5306493973453406,0.12800447177193963,0.5279538904899136,0.20605106287256775
0.5311701453628884,0.12802236198462613,0.5279538904899136,0.20607424071991
0.5313196267818358,0.1280402571987699,0.5279538904899136,0.20609742378220272
0.5318747092704244,0.12805815741646862,0.5279538904899136,0.20612061206120613
0.5320130341989062,0.12807606263982102,0.5279538904899136,0.2061438055586812
0.5321238358453875,0.12809397287092714,0.5279538904899136,0.20616700427638981
0.5322173750990982,0.12816566391492934,0.5279538904899136,0.20625985138482322
0.5322910963189456,0.12820153953813856,0.5279538904899136,0.20630630630630634
0.5323662697566411,0.12834524309934145,0.5279538904899136,0.2064923354373309
0.5324931996367857,0.12836322869955158,0.5279538904899136,0.2065156126704994
0.5325841690922054,0.1284172157577457,0.5279538904899136,0.20658547586829049
0.5326001125991884,0.12845323236572712,0.5279538904899136,0.20663207759981952
0.5329712205332621,0.12847124824684433,0.5279538904899136,0.20665538635081787
0.533029014232875,0.12861555742768885,0.5279538904899136,0.20684204583944904
0.5332279028826659,0.1286516853932584,0.5279538904899136,0.2068887634105025
0.5335223791741777,0.12866975698834107,0.5279538904899136,0.2069121301106845
0.533681149582654,0.12870591541379794,0.5279538904899136,0.20695887934929957
0.5346253725020792,0.12872400224845418,0.5279538904899136,0.20698226189131175
0.534987974722149,0.12869198312236288,0.5273775216138329,0.20689655172413793
0.5352908758637075,0.12871008580672388,0.5273775216138329,0.2069199457259159
0.5355083975293391,0.12874630645842128,0.5273775216138329,0.20696674960416198
0.5355940564146927,0.12876442443005912,0.5273775216138329,0.20699015948422125
0.5356414934477184,0.12880067567567569,0.5273775216138329,0.20703699513519633
0.5356492139107817,0.12889139315396533,0.5273775216138329,0.20715417704324202
0.5359681121874006,0.12890955198647505,0.5273775216138329,0.20717762934450354
0.5360348657709033,0.12896405919661733,0.5273775216138329,0.20724801812004526
0.5363599662480335,0.1289822385114181,0.5273775216138329,0.20727149167516143
0.5364420743069449,0.1290004229522064,0.5273775216138329,0.20729497054825557
0.5365070205342486,0.1290186125211506,0.5273775216138329,0.20731845474113517
0.536529967582759,0.12903680722042024,0.5273775216138329,0.20734194425560842
0.5365300447372282,0.1290732120186204,0.5273775216138329,0.207388939256573
0.5365894221689826,0.12910963736418796,0.5273775216138329,0.20743595556563138
0.537021812142037,0.12898673440587072,0.5268011527377522,0.20723274005214826
0.537073792155657,0.12900494001411433,0.5268011527377522,0.2072562358276644
0.5371494904659107,0.12913252331166997,0.5268011527377522,0.20742085555429482
0.5371801356384814,0.128995756718529,0.5256484149855908,0.20715502555366272
0.5373037907566708,0.12903225806451613,0.5256484149855908,0.2072020901965239
0.5378125974573629,0.12912360186889424,0.5256484149855908,0.20731984541941348
0.5378487266556279,0.12932992617830777,0.5250720461095101,0.20754072217792457
0.5379317527152934,0.12934828908135737,0.5250720461095101,0.20756436545910228
0.5380934290970053,0.12936665719965917,0.5250720461095101,0.20758801412783412
0.5382037488277027,0.1292797272339821,0.5244956772334294,0.20743104627307954
0.538298336713096,0.12929809605001422,0.5244956772334294,0.20745469052775561
0.5383821332576713,0.12931647008668468,0.5244956772334294,0.20747834017327862
0.5386706088581354,0.12933484934621944,0.5244956772334294,0.20750199521149243
0.5389252023344298,0.12935323383084577,0.5244956772334294,0.20752565564424175
0.5389306236499551,0.12940841865756542,0.5244956772334294,0.20759666932816245
0.5389387591653823,0.12946365059041115,0.5244956772334294,0.20766773162939298
0.5390078058568301,0.1295189296897239,0.5244956772334294,0.20773884259787695
0.5391949808984496,0.12955580865603644,0.5244956772334294,0.2077862769722571
0.5392402076884806,0.1295742560159476,0.5244956772334294,0.20781000228362642
0.5395847736369287,0.12959270863001993,0.5244956772334294,0.20783373301358912
0.5396178849697653,0.1296111665004985,0.5244956772334294,0.20785746916400183
0.5399246031862324,0.12962962962962962,0.5244956772334294,0.20788121073672186
0.539952649103045,0.12964809801966093,0.5244956772334294,0.2079049577336075
0.5400722941977029,0.12966657167284126,0.5244956772334294,0.20792871015651776
0.5404949380712374,0.12994430958160788,0.5244956772334294,0.20828564888990614
0.5406635390578514,0.12996286775207083,0.5244956772334294,0.20830948838274005
0.5408233725180386,0.1300371534724207,0.5244956772334294,0.20840490095041794
0.5409708759733068,0.12994996426018585,0.5239193083573487,0.20824742268041235
0.5410750762833149,0.13000572082379863,0.5239193083573487,0.20831900996906152
0.5413771623533904,0.13002431697897296,0.5239193083573487,0.20834288333715334
0.541581227830759,0.12999284180386542,0.523342939481268,0.20825688073394497
0.5415892729893433,0.13004869664852478,0.523342939481268,0.20832855340139955
0.5416728464701324,0.12992407964475003,0.5227665706051873,0.20812299219825606
0.5417557875471051,0.12994269340974213,0.5227665706051873,0.20814687320711417
0.541934638532319,0.12996131250895543,0.5227665706051873,0.20817075969703921
0.541960240619563,0.1299799369446833,0.5227665706051873,0.20819465166991852
0.5422348669521934,0.12987385321100917,0.5221902017291066,0.20801285730685337
0.5423409691582103,0.12989247311827956,0.5221902017291066,0.20803673938002293
0.5424070787624748,0.12991109836535705,0.5221902017291066,0.20806062693765068
0.5424380806732486,0.12992972895453894,0.5221902017291066,0.2080845199816261
0.5426633278208799,0.12994836488812392,0.5221902017291066,0.20810841851383943
0.5427548042861764,0.13028472821397757,0.5221902017291066,0.20853953274254808
0.5430795156678769,0.13012811285446957,0.5210374639769453,0.20824694770790142
0.5433367372231533,0.13018433179723501,0.5210374639769453,0.20831893075239083
0.5434810350664006,0.13022183808700663,0.5210374639769453,0.2083669471015328
0.543563400556849,0.13024059933727128,0.5210374639769453,0.20839096357768555
0.5437858133603689,0.13025936599423632,0.5210374639769453,0.2084149855907781
0.5439100280309119,0.1303344867358708,0.5210374639769453,0.20851112905085917
0.5439430636942587,0.13035328046142755,0.5210374639769453,0.2085351787773933
0.5440159545521969,0.13037207960773003,0.5210374639769453,0.20855923405237056
0.5442173734879102,0.1303908841771239,0.5210374639769453,0.2085832948777111
0.5442648590115627,0.13040969417195614,0.5210374639769453,0.20860736125533633
0.5443599268525574,0.13028423026980235,0.5204610951008646,0.2084006462035541
0.5443989675039101,0.1304536261196186,0.5204610951008646,0.2086173039159062
0.544598820818425,0.13066126465055708,0.5204610951008646,0.208882720333102
0.5448315044258576,0.13069908814589665,0.5204610951008646,0.20893105043961127
0.5449786911676484,0.13071800810654313,0.5204610951008646,0.20895522388059704
0.5450909622479967,0.1307369335456783,0.5204610951008646,0.2089794029159917
0.5456738264971558,0.13075586446568202,0.5204610951008646,0.20900358754773754
0.5457153348259018,0.13077480086893556,0.5204610951008646,0.2090277777777778
0.5457604628756716,0.13079374275782155,0.5204610951008646,0.2090519736080565
0.5458620571292232,0.13078149920255183,0.5198847262247839,0.20898980537534756
0.5458974345459049,0.13081943437273386,0.5198847262247839,0.20903823870220162
0.5461466234123165,0.1308573915566517,0.5198847262247839,0.20908669448307837
0.5462389793079827,0.13087637840975044,0.5198847262247839,0.20911093079865542
0.546531144033593,0.13089537077347266,0.5198847262247839,0.2091351727335961
0.546667422077187,0.13123817837916485,0.5198847262247839,0.20957249070631973
0.5468160519538233,0.13127637898413622,0.5198847262247839,0.20962119451545433
0.5468839552311449,0.131525226013415,0.5198847262247839,0.20993832188991038
0.5469402515945212,0.13154440717514948,0.5198847262247839,0.2099627560521415
0.5474594281229843,0.13156359393232206,0.5198847262247839,0.20998719590268886
0.5475820975358358,0.1315827862873815,0.5198847262247839,0.210011641443539
0.547761445662895,0.13160198424277794,0.5198847262247839,0.2100360926766795
0.5478065135583807,0.13162118780096307,0.5198847262247839,0.21006054960409873
0.5478144750642354,0.13164039696438995,0.5198847262247839,0.21008501222778614
0.5478318548107197,0.13165961173551308,0.5198847262247839,0.21010948054973216
0.5482985396228508,0.13167883211678832,0.5198847262247839,0.2101339545719278
0.5484365141812751,0.1316980581106731,0.5198847262247839,0.21015843429636535
0.5484477233061552,0.13173388283779805,0.515850144092219,0.20987220072693163
0.5487406329632509,0.13175327543059032,0.515850144092219,0.20989681050656658
0.5492722668881018,0.13177267373380447,0.515850144092219,0.20992142605840272
0.5495362343445384,0.13179207774996318,0.515850144092219,0.209946047384471
0.5497092970223187,0.13181148748159058,0.515850144092219,0.2099706744868035
0.5498010795485291,0.1318697509945484,0.515850144092219,0.21004459047172025
0.5499133927522305,0.13188918361332155,0.515850144092219,0.21006924069944843
0.5499393392040032,0.13194751584844464,0.515850144092219,0.21014322610941533
0.5500149833463778,0.13210332103321032,0.515850144092219,0.21034077555816685
0.5505406843145205,0.13197519929140833,0.5152737752161384,0.21013045011164647
0.5505679959042564,0.1319946847777942,0.5152737752161384,0.21015514809590974
0.5508422302953044,0.13201417601890136,0.5152737752161384,0.21017985188668153
0.5510377533238491,0.13203367301727958,0.5152737752161384,0.21020456148600988
0.5511484647522922,0.13205317577548006,0.5152737752161384,0.2102292768959436
0.5514905805959216,0.13224852071005916,0.5152737752161384,0.21047675103001764
0.5516610043271867,0.1323072369394702,0.5152737752161384,0.21055110692416393
0.551848975016223,0.13232682060390763,0.5152737752161384,0.21057590389824518
0.5523865901466688,0.13250333481547355,0.5152737752161384,0.2107993397783542
0.5524037814610874,0.13254262416604892,0.5152737752161384,0.2108490566037736
0.5527487269344986,0.13256227758007116,0.5152737752161384,0.21087392381177025
0.5527570515013644,0.13260160189854642,0.5152737752161384,0.21092367582871296
0.5528121268133552,0.13247292686545023,0.5146974063400577,0.21071260028315245
0.5528325139358095,0.1324925816023739,0.5146974063400577,0.21073746312684366
0.5528786287782663,0.13561123766135155,0.5146974063400577,0.21466346153846155
0.5529088774451927,0.13565243809813154,0.5146974063400577,0.2147150757393604
0.5532249388584107,0.13541033434650457,0.5135446685878963,0.2143114852675887
0.553582840839492,0.13580246913580246,0.5135446685878963,0.21480231436837027
0.5536572613800631,0.13584387864003658,0.5135446685878963,0.21485411140583552
0.5537827428338031,0.13588531340552082,0.5135446685878963,0.21490593342981187
0.5539258087012777,0.13611365719523372,0.5135446685878963,0.21519140200458883
0.5540774225428415,0.1361344537815126,0.5135446685878963,0.21521739130434783
0.5544817502105728,0.13621770371502828,0.5135446685878963,0.2153214113098115
0.554628356175734,0.13625936687566906,0.5135446685878963,0.21537345902828137
0.5547527191894481,0.1363219094247246,0.5135446685878963,0.21545157780195864
0.5547700539260142,0.1363845094137456,0.5135446685878963,0.21552975326560236
0.5547980763461378,0.13640538885486833,0.5135446685878963,0.2155558243619209
0.5549117616558562,0.13657265481299816,0.5135446685878963,0.2157646204140937
0.5549183700517953,0.13659359190556492,0.5135446685878963,0.21579074836522164
0.5551021019464815,0.13661453541858326,0.5135446685878963,0.2158168826450285
0.5551201793142637,0.13648213464192607,0.5129682997118156,0.21560077519379844
0.5552167428009883,0.13650306748466257,0.5129682997118156,0.21562689279224712
0.5552865211183069,0.13652400674950146,0.5129682997118156,0.21565301671916645
0.5553126265345095,0.13667076167076167,0.5129682997118156,0.21583606159815694
0.5556512363676462,0.13679680295112204,0.5129682997118156,0.21599320470816644
0.5560056874920221,0.1368388683886839,0.5129682997118156,0.21604563660638426
0.5561299262341861,0.1368599108103952,0.5129682997118156,0.21607186210245202
0.5562811788130617,0.13688095970470623,0.5129682997118156,0.21609809396624982
0.556343906335512,0.13665743305632502,0.5118155619596542,0.2157172355156079
0.5567307216907638,0.1367205542725173,0.5118155619596542,0.2157958687727825
0.5569058074784942,0.136686207960506,0.5106628242074928,0.21565048071072165
0.5572247790472533,0.1367072982564419,0.5106628242074928,0.21567672833495619
0.5574184266286879,0.1367283950617284,0.5106628242074928,0.21570298234936094
0.5576758473282378,0.13661623958011732,0.5100864553314121,0.2155119931815415
0.5578062879397777,0.13672298868392496,0.5083573487031701,0.2154898607378451
0.5581786416220395,0.13687150837988826,0.5083573487031701,0.21567428781024572
0.5582448277290134,0.13689275182368463,0.5083573487031701,0.2157006603081438
0.5582920940684906,0.13691400186277553,0.5083573487031701,0.21572703925645104
0.5584390927877747,0.1369352585002329,0.5083573487031701,0.21575342465753428
0.5585158051944779,0.13680124223602486,0.5077809798270894,0.2155351681957187
0.5590988702596974,0.13682248796396956,0.5077809798270894,0.21556153657939808
0.5593819188859103,0.13677339135840846,0.5072046109510087,0.215448647325254
0.5594971504403771,0.13679465257267215,0.5072046109510087,0.21547502448579822
0.5596621684890165,0.13734977368503198,0.5072046109510087,0.21616310488823384
0.5598045638954329,0.13737121448641898,0.5072046109510087,0.2161896572902592
0.5599795290241477,0.13739266198282593,0.5072046109510087,0.21621621621621623
0.5604347170389137,0.13745704467353953,0.5072046109510087,0.2162959321617304
0.5604350715736278,0.1376290272130122,0.5072046109510087,0.2165087956698241
0.5605097833802029,0.13761755485893418,0.5060518731988473,0.2163894023413432
0.5606168535552378,0.13768229575035282,0.5060518731988473,0.21646942800788951
0.5606243434555654,0.13794186959937157,0.5060518731988473,0.2167901234567901
0.5608698169366413,0.13780641106222502,0.5054755043227666,0.21656994690702555
0.5609271784015107,0.13782806852113783,0.5054755043227666,0.21659669054087427
0.5610429792860361,0.13797986154814348,0.5054755043227666,0.2167840810777407
0.5612387493638273,0.13806675062972293,0.5054755043227666,0.21689130703598367
0.5613533013970117,0.13821907013396376,0.5054755043227666,0.2170792079207921
0.561553659489783,0.13826265174207789,0.5054755043227666,0.21713295370141125
0.561697984155418,0.13828445285398927,0.5054755043227666,0.21715983657298502
0.5618664509064636,0.13843725335438042,0.5054755043227666,0.21734820322180917
0.5618823850378065,0.13845910956741395,0.5054755043227666,0.2173751394224811
0.5622139623898558,0.1384809726827728,0.5054755043227666,0.2174020823004462
0.5624216435152579,0.13859039190897599,0.5054755043227666,0.2175368969366241
0.5626352178162806,0.13849802371541503,0.5048991354466859,0.21736972704714644
0.5628118783083266,0.13858566682486947,0.5048991354466859,0.21747765640516384
0.5628563237559595,0.13860759493670885,0.5048991354466859,0.2175046554934823
0.562935983746713,0.1386295299889223,0.5048991354466859,0.21753166128631737
0.5632335756859113,0.13871733966745844,0.5048991354466859,0.21763975155279505
0.5632562237983763,0.13902555149976195,0.5048991354466859,0.21801891488302638
0.5638178151654846,0.13904761904761906,0.5048991354466859,0.2180460485376478
0.56399417580435,0.13906969360215907,0.5048991354466859,0.21807318894697536
0.564592803635638,0.1391138637446403,0.5048991354466859,0.21812749003984064
0.5646423001080848,0.13922441195168467,0.5048991354466859,0.21826336115609815
0.5647346641865858,0.13951266125179168,0.5048991354466859,0.2186174195158473
0.5648191019865291,0.13957934990439771,0.5048991354466859,0.2186992884783423
0.5650187911858439,0.139601593625498,0.5048991354466859,0.21872659176029965
0.565102053030103,0.13984674329501914,0.5048991354466859,0.21902737842230277
0.5652144971228334,0.140137577987522,0.5048991354466859,0.2193839218632607
0.5652727587675654,0.14036212145489504,0.5048991354466859,0.2196589769307924
0.5652754423941598,0.14040711652508414,0.5048991354466859,0.21971407072987204
0.5653208111716261,0.14054227498796726,0.5048991354466859,0.21987951807228917
0.5653497985017224,0.14081337405561806,0.5048991354466859,0.22021116138763194
0.5653931739279789,0.14090397297732024,0.5048991354466859,0.2203219315895372
0.5654722729192038,0.14092664092664092,0.5048991354466859,0.22034964155452144
0.5654855552830442,0.14094931617055512,0.5048991354466859,0.22037735849056608
0.5655414862616697,0.14097199871258448,0.5048991354466859,0.2204050824003019
0.565600705999088,0.14101738570508693,0.5048991354466859,0.2204605511513779
0.565794185242141,0.14096987272434347,0.5043227665706052,0.22034751951649456
0.5662634940922561,0.14101531023368252,0.5043227665706052,0.2204030226700252
0.5663551463822227,0.1410380399742102,0.5043227665706052,0.22043078473359368
0.5663681931281136,0.14110627318174487,0.5043227665706052,0.22051411290322578
0.5663985468570013,0.14112903225806453,0.5043227665706052,0.2205419029615627
0.5665343244117722,0.141151798677206,0.5043227665706052,0.22056970002520798
0.5667689372666698,0.14117457244272347,0.5043227665706052,0.2205975040968108
0.5667810278299673,0.1410359851541068,0.5037463976945245,0.22037317196167422
0.566974568179249,0.14114987080103358,0.5037463976945245,0.22051217358395356
0.5673847217992941,0.1412867765923052,0.5037463976945245,0.2206792071708118
0.5675597987235589,0.14133247089262613,0.5037463976945245,0.22073494128046472
0.5677007059786111,0.14135532912825488,0.5037463976945245,0.22076281889366
0.5677930522100931,0.14142394822006474,0.5037463976945245,0.2208464939987366
0.5678969299833067,0.14146973130462934,0.5037463976945245,0.22090231265006952
0.5679068425691068,0.1416302058013288,0.5037463976945245,0.22109790032886414
0.5680769712810875,0.14192919779149074,0.5037463976945245,0.22146205498543012
0.5683528304353154,0.14195224947214552,0.5037463976945245,0.22149011657374557
0.5683939397922825,0.14169645758856028,0.5025936599423632,0.22106730891114207
0.5684171492925837,0.14176556657454073,0.5025936599423632,0.22115140755769722
0.5685338935647716,0.14181167669539763,0.5025936599423632,0.22120750887874174
0.5685377459218454,0.1422976501305483,0.5025936599423632,0.22179829581584637
0.5686266708834453,0.1422273024167211,0.5020172910662825,0.22165669932561397
0.5688109548637985,0.1422737667428945,0.5020172910662825,0.22171312205676472
0.5690941189141514,0.14229701029243588,0.5020172910662825,0.22174134419551936
0.5692047227778484,0.1423202614379085,0.5020172910662825,0.22176957352005092
0.5694065254472845,0.14243663123466885,0.5020172910662825,0.2219108280254777
0.5695264251833302,0.14245992803402027,0.5020172910662825,0.22193910052235952
0.5695450715946738,0.14266994266994268,0.5020172910662825,0.2221938775510204
0.5697030230846045,0.14356354046480962,0.5020172910662825,0.2232760830556268
0.5699122146015424,0.14358720738542696,0.5020172910662825,0.2233047045250609
0.5699512079998669,0.1436108821104699,0.5020172910662825,0.22333333333333333
0.5702683351695543,0.1436819531507753,0.5020172910662825,0.22341926381941773
0.5702880822299544,0.1438718202841097,0.5020172910662825,0.22364873539607139
0.5703525919594354,0.14375413086582947,0.5014409221902018,0.22344933864132527
0.5703531661229573,0.14387299487349098,0.5014409221902018,0.2235929067077872
0.5703625318960716,0.14389799635701275,0.500864553314121,0.22356573192693593
0.5708679982989505,0.14413667274838282,0.500864553314121,0.22385368366821226
0.5713618739902908,0.14416058394160583,0.500864553314121,0.22388251964446734
0.571364155178697,0.1441845030695205,0.500864553314121,0.22391136305076012
0.5714690841345492,0.1442802590071393,0.500864553314121,0.2240268110337716
0.5714998346292472,0.14416209931905,0.5002881844380404,0.22382671480144406
0.5715140498795652,0.14418604651162792,0.5002881844380404,0.22385557704706643
0.5715370108241933,0.1476944019057342,0.5002881844380404,0.22806095638465582
0.5720366540766162,0.14771953710006808,0.5002881844380404,0.22809092103534362
0.572121269238354,0.14776983316309159,0.5002881844380404,0.22815087396504138
0.5722104803910477,0.14772533651388653,0.49971181556195965,0.2280378748027354
0.572468290813087,0.14775051124744376,0.49971181556195965,0.22806786794686307
0.5726343612973086,0.14780088646437095,0.49971181556195965,0.2281278779108012
0.5729451440651276,0.14782608695652175,0.49971181556195965,0.22815789473684212
0.5729961299555291,0.14790174002047082,0.49971181556195965,0.2282479926286692
0.5735715583488051,0.14795221843003412,0.49971181556195965,0.22830809743252137
0.5737208505571687,0.14797747055811572,0.49971181556195965,0.22833816170661048
0.5738583858588128,0.14811014195313837,0.49913544668587895,0.22843576892640463
0.5739472132624226,0.1481354772494013,0.49913544668587895,0.22846590159609548
0.5740491918787437,0.14836388555764948,0.49913544668587895,0.22873745377707347
0.5740923966397264,0.14838930774503084,0.49913544668587895,0.22876766609430724
0.5740978047881801,0.14844017826534112,0.49913544668587895,0.22882811467829303
0.5744311728419512,0.1484656266072347,0.49913544668587895,0.22885835095137422
0.5745502350052607,0.14859299931365821,0.49913544668587895,0.22900965225439643
0.5752103989590017,0.14861850008580746,0.49913544668587895,0.22903993652472893
0.5754507299099132,0.14864400961208377,0.49913544668587895,0.2290702288057135
0.5755613565659452,0.14869505494505494,0.49913544668587895,0.22913083741235613
0.5761401038948702,0.14882282179068568,0.49913544668587895,0.22928249933809902
0.576156152405458,0.1488739900292247,0.49913544668587895,0.22934322033898302
0.5768981777577759,0.14933609242972926,0.49913544668587895,0.22989116007432972
0.577191719216173,0.15076601671309192,0.49913544668587895,0.23158176226768284
0.5772551210675817,0.15108164689462666,0.49913544668587895,0.23195393062809697
0.577486370759162,0.15171688857743518,0.49913544668587895,0.232701867526535
0.5774877889653203,0.15156824951813563,0.49855907780979825,0.23246439129266325
0.5776784677421993,0.15159481247809323,0.49855907780979825,0.23249563230748554
0.5778530385960421,0.1516213847502191,0.49855907780979825,0.23252688172043007
0.5779111443867736,0.15167455725056989,0.49855907780979825,0.232589405754235
0.578158039509082,0.1517011574886005,0.49855907780979825,0.23262068038187442
0.5783217020322611,0.15175438596491228,0.49855907780979825,0.2326832548755884
0.5788231135932707,0.15183429875373003,0.49855907780979825,0.23277717976318624
0.5790007991409722,0.15186095505617977,0.49855907780979825,0.2328085049118557
0.5792245369185532,0.15188762071992976,0.49855907780979825,0.23283983849259754
0.5795156694321024,0.15204781156618036,0.49855907780979825,0.2330280172413793
0.579898611710849,0.15207454289732772,0.49855907780979825,0.23305940994207197
0.5799722535321453,0.151952163207879,0.4979827089337176,0.23285271526748413
0.580211422113116,0.15203237726552876,0.4979827089337176,0.23294688595308705
0.5802864882223193,0.15205913410770855,0.4979827089337176,0.232978293110422
0.5807572631639847,0.15208590036965322,0.4979827089337176,0.23300970873786406
0.5810848738680306,0.15216625572384643,0.4979827089337176,0.23310400647511131
0.5812485117957846,0.1522466960352423,0.4979827089337176,0.23319838056680164
0.581361440019093,0.152327221438646,0.4979827089337176,0.2332928311057108
0.5814430005265998,0.15240783206914799,0.4979827089337176,0.23338735818476497
0.5817467773625539,0.1524616199047115,0.4979827089337176,0.2334504188057282
0.5820854047265019,0.15273112957397914,0.4979827089337176,0.2337662337662338
0.5821593163896026,0.15283920042455335,0.4979827089337176,0.23389279913373037
0.5824410456663949,0.15294742432288902,0.4979827089337176,0.23401950162513546
0.5824768857187012,0.15335463258785942,0.4979827089337176,0.23449586103948974
0.582535677862866,0.15305397727272727,0.4968299711815562,0.23401656033663637
0.5825425615103883,0.15313554805471666,0.4968299711815562,0.23411189570885388
0.5827811510319537,0.15286171347316033,0.4956772334293948,0.23366390436082055
0.5828268422745164,0.15313390313390313,0.4956772334293948,0.2339817711875935
0.5831369307536547,0.15298308103294747,0.49510086455331415,0.23374149659863946
0.5842873541552541,0.1530103313145707,0.49510086455331415,0.23377330249013467
0.584319495909713,0.15303759130589703,0.49510086455331415,0.23380511703865
0.5845714383409066,0.1530648610121169,0.49510086455331415,0.23383694024772014
0.5847701844687166,0.15388749552131853,0.49510086455331415,0.23479568129014622
0.5849535396426487,0.15391506898405305,0.49510086455331415,0.23482777474029523
0.5850540469166898,0.15410836024398997,0.49510086455331415,0.23505267478451225
0.5852876236315553,0.1541913480524143,0.49510086455331415,0.2351491924445661
0.5855438435594619,0.15438533429187634,0.49510086455331415,0.23537470886422793
0.5859602172246845,0.1548305695746215,0.49510086455331415,0.23589180282850472
0.585968149819366,0.1552503162841135,0.49510086455331415,0.23637864611997803
0.5859714500976927,0.15547511312217194,0.49510086455331415,0.2366391184573003
0.5861142857364054,0.1555032585083273,0.49510086455331415,0.23667171786747485
0.5862300781857861,0.15553141408654717,0.49510086455331415,0.2367043262606779
0.5862533118342257,0.15558775584133308,0.49510086455331415,0.23676957001102533
0.5863134117609435,0.15561594202898552,0.49510086455331415,0.23680220537560304
0.5864840280793566,0.15564413843087516,0.49510086455331415,0.23683484973807556
0.5866843616625972,0.15572878897751993,0.49510086455331415,0.23693283685008962
0.5868677210480479,0.15575702629193108,0.49510086455331415,0.2369655172413793
0.5870714480010067,0.15581353165245782,0.49510086455331415,0.23703090507726268
0.5870844559142089,0.15584179970972423,0.49510086455331415,0.23706361252932248
0.5872045922737864,0.15568862275449102,0.49452449567723344,0.23682031465636214
0.5872241426163396,0.15571687840290382,0.49452449567723344,0.2368530020703934
0.5873692930704248,0.15583000363240102,0.49452449567723344,0.23698384201077202
0.5873899776801927,0.15567665758401453,0.49394812680115274,0.2367403314917127
0.5878488356714346,0.1555232558139535,0.49337175792507204,0.2364967536952618
0.5884163047966761,0.155721302528652,0.49337175792507204,0.23672566371681414
0.5885024209533058,0.15577797998180165,0.49337175792507204,0.23679114799446752
0.5887026488149574,0.1557377049180328,0.49279538904899134,0.23667820069204154
0.5888534164701049,0.15566897557418885,0.49221902017291064,0.23653233624151776
0.5889581202763543,0.15572574762946753,0.49221902017291064,0.23659786674054575
0.5891272094361785,0.1557541491884005,0.49221902017291064,0.2366306456082017
0.5891903317361107,0.1558109833971903,0.49221902017291064,0.2366962305986696
0.5892887677429404,0.15603873561118217,0.49221902017291064,0.23695893451720307
0.589376161417924,0.1562385656787413,0.49221902017291064,0.23718927926676853
0.589644465790152,0.15626715462031107,0.49221902017291064,0.23722222222222225
0.5896668420806871,0.15629575402635432,0.49221902017291064,0.237255174329768
0.590490704168183,0.15604395604395604,0.4910662824207493,0.23683113273106324
0.5907036249085995,0.15602443087173792,0.48587896253602303,0.23620061641916504
0.5907176731070343,0.1562152133580705,0.4853025936599424,0.23635087719298248
0.5907205497810599,0.15624420115049173,0.4853025936599424,0.23638405390230208
0.5908359231081303,0.1563602599814299,0.4853025936599424,0.2365168539325843
0.5910784121414127,0.1563893016344725,0.4853025936599424,0.23655007725804186
0.5911328296771702,0.15641835407765187,0.4853025936599424,0.23658330991851645
0.5913842196663849,0.1562616127833519,0.4847262247838617,0.2363355346353801
0.5915926099245667,0.1563197026022305,0.4847262247838617,0.23640196767392832
0.5915965846906905,0.1563487637107269,0.4847262247838617,0.23643519820073097
0.5920789426019312,0.1562209410451925,0.484149855907781,0.23622047244094485
0.5921595481978178,0.15625,0.484149855907781,0.23625369146392908
0.5923280099696054,0.15627906976744185,0.484149855907781,0.23628691983122363
0.5926314648129243,0.15588290136117844,0.48184438040345823,0.23555931248238937
0.5928301561582966,0.15591197314434913,0.48184438040345823,0.2355925038748767
0.5928609973178383,0.1557545234098116,0.4812680115273775,0.23534385569334834
0.5929524802569597,0.15559701492537314,0.4806916426512968,0.23509513742071883
0.5930676669969426,0.15546845837999254,0.4801152737752161,0.2348794586211758
0.5932069524086571,0.15549747993279822,0.4801152737752161,0.2349125775521715
0.5936551584437096,0.15552651232262882,0.4801152737752161,0.23494570582428428
0.5938674398984044,0.15558460963765408,0.4801152737752161,0.23501199040767384
0.5940289292430764,0.15567183703980564,0.4801152737752161,0.23511148744002258
0.5943809323653201,0.15570093457943926,0.4801152737752161,0.23514467184191956
0.5944807240824894,0.15575916230366493,0.4801152737752161,0.23521106875617676
0.5947621100558924,0.15578829250046755,0.4801152737752161,0.2352442812764756
0.5949651744627484,0.15581743359521139,0.4801152737752161,0.23527750317751733
0.5950230360209764,0.1558465855940131,0.4801152737752161,0.23531073446327683
0.5954326563246594,0.15587574850299402,0.4801152737752161,0.2353439751377313
0.5955265440841967,0.15590492232828,0.4801152737752161,0.2353772252048601
0.5956176801177885,0.1562265566391598,0.4801152737752161,0.23574359700014147
0.5956317621879502,0.15609756097560976,0.4795389048991354,0.2355272469922151
0.5957282391643705,0.15618547024591703,0.4795389048991354,0.23562730104786184
0.5959521632857896,0.15602703717611716,0.4789625360230548,0.2353774252938677
0.5962683993885945,0.156056338028169,0.4789625360230548,0.23541076487252124
0.5963246076326874,0.15608564988730278,0.4789625360230548,0.23544411389715256
0.5963314021400173,0.1557685080796693,0.47780979827089337,0.23494402720702848
0.5966000680140574,0.1556390977443609,0.47723342939481267,0.23472714386959606
0.5973506467646208,0.15553883769042692,0.47665706051873197,0.23454339194554732
0.5973762642052347,0.15568524096385541,0.47665706051873197,0.23470980559103163
0.5974239290568583,0.15571455469779702,0.47665706051873197,0.23474311666193584
0.5974483778248836,0.15574387947269303,0.47665706051873197,0.2347764371894961
0.5976600731195241,0.15583192010552102,0.47665706051873197,0.23487645555239992
0.5978325105879588,0.15592006033182504,0.47665706051873197,0.2349765591703367
0.5981625721953348,0.1560377358490566,0.47665706051873197,0.2351101634683724
0.598487836146909,0.15606718248726176,0.47665706051873197,0.23514358828547058
0.5985135006660761,0.15612610911836888,0.47665706051873197,0.23521046643913537
0.5985540235992074,0.15615558912386707,0.47665706051873197,0.23524391978381454
0.5987347262791836,0.15618508026440037,0.47665706051873197,0.23527738264580367
0.5988529584803389,0.15621458254627882,0.47665706051873197,0.2353108550291649
0.5988684988697781,0.15608465608465608,0.4760806916426513,0.23509321189696883
0.5989219348927086,0.15592515592515593,0.4755043227665706,0.2348420153714774
0.5993569124588752,0.15598411798071468,0.4755043227665706,0.23490888382687924
0.599961875793441,0.15607264472190693,0.4755043227665706,0.23500925794046432
0.5999838593564221,0.15616127200454288,0.4755043227665706,0.2351097178683386
0.600131929674765,0.1561908368042408,0.4755043227665706,0.23514322359982898
0.6003428203002009,0.156031054724484,0.4749279538904899,0.23489167616875714
0.6005595633075961,0.15609016859253647,0.4749279538904899,0.2349586541203308
0.6007721422612867,0.1561197423266389,0.4749279538904899,0.23499215742193075
0.6012228730603053,0.1561493272692818,0.4749279538904899,0.23502567027952084
0.6012645343981394,0.1561789234268385,0.4749279538904899,0.23505919269719017
0.601272793050364,0.15827890895121013,0.4749279538904899,0.23742976516352113
0.6019035600511616,0.15804652951355508,0.4737752161383285,0.2370242214532872
0.6022498151752516,0.1580769230769231,0.4737752161383285,0.23705839942321555
0.602337740747915,0.15810732833237162,0.4737752161383285,0.23709258725122587
0.6024142144826614,0.1581681739465076,0.4737752161383285,0.23716099249855738
0.602745601213549,0.1581986143187067,0.4737752161383285,0.23719520992641752
0.602839842189597,0.1582290664100096,0.4737752161383285,0.23722943722943723
0.6034706806623861,0.1582900057770075,0.4737752161383285,0.23729792147806003
0.6034986686647092,0.15905572755417957,0.4737752161383285,0.23815732290308558
0.6038193702129103,0.1590865105477066,0.4737752161383285,0.23819182845552012
0.6041589117766121,0.15911730545876887,0.4737752161383285,0.23822634400811474
0.604613337662245,0.15917893106119288,0.4737752161383285,0.23829540513117844
0.6049584202009773,0.15920976176641488,0.4737752161383285,0.23832995071035082
0.6050522794060194,0.15924060441689267,0.4737752161383285,0.23836450630709002
0.6054385798892822,0.15927145901956985,0.4737752161383285,0.23839907192575405
0.6055543178119205,0.1593332041093235,0.4737752161383285,0.23846823324630112
0.6056190775792089,0.15939499709133217,0.4737752161383285,0.23853743470690653
0.6057143954243167,0.15942591155934832,0.4737752161383285,0.23857205050065305
0.605889309299532,0.1594568380213385,0.4737752161383285,0.2386066763425254
0.6059347364635186,0.1593555900621118,0.4731988472622478,0.23842021199361113
0.6061017545489937,0.15922330097087378,0.47262247838616717,0.23819898329702252
0.6063157156413693,0.15921461897356143,0.47204610951008646,0.2381160052333188
0.6067330520255164,0.15914396887159532,0.47146974063400576,0.23796363636363638
0.606958705363696,0.15901128843908136,0.47089337175792506,0.2377418885493962
0.6069642989805117,0.15919719407638347,0.47089337175792506,0.23794961409640308
0.6070146331631331,0.15925925925925927,0.47089337175792506,0.23801893663510562
0.6071433360284008,0.15912636505460218,0.47031700288184436,0.23779688183010345
0.6073728364730455,0.1591574019894675,0.47031700288184436,0.2378315359953366
0.6076799975999551,0.1589933671478736,0.4697406340057637,0.2375746975659525
0.6077126293349815,0.15905542544886808,0.4697406340057637,0.23764397142440588
0.6078587359195392,0.1590864727698614,0.4697406340057637,0.23767862350539512
0.6079606354906569,0.15868673050615595,0.4680115273775216,0.2370110916520724
0.6080552062422333,0.15871774824081314,0.4680115273775216,0.2370456867610568
0.6081401430932286,0.15874877810361682,0.4680115273775216,0.23708029197080296
0.6086618711083915,0.15858427845131012,0.4674351585014409,0.23682289385311725
0.6087594102833305,0.15861529434774105,0.4674351585014409,0.23685747663551404
0.6088195028595539,0.15828604969673254,0.46628242074927956,0.23634238971662283
0.60906854163699,0.15831702544031312,0.46628242074927956,0.23637691745799855
0.6092408382242736,0.15856526852214817,0.46628242074927956,0.2366535029983911
0.6093334126148172,0.1584313725490196,0.46570605187319886,0.2364301389904901
0.6093603000701264,0.15846244361639536,0.46570605187319886,0.23646473514779046
0.6094870894497809,0.15849352687328364,0.46570605187319886,0.23649934143128937
0.6095103591019027,0.1583710407239819,0.46397694524495675,0.2361396303901437
0.6106720653594996,0.160294703305456,0.46397694524495675,0.23827142222879977
0.6107554996336227,0.16032662816172077,0.46397694524495675,0.2383066903493191
0.6108943731812072,0.1603585657370518,0.46397694524495675,0.23834196891191708
0.6109342592353182,0.1603905160390516,0.46397694524495675,0.23837725792123188
0.611015017438817,0.16090345792524485,0.46397694524495675,0.23894330661917484
0.6110528618045433,0.1609356257497001,0.46397694524495675,0.2389787739349859
0.6111211404635323,0.16096780643871225,0.46397694524495675,0.23901425178147265
0.6115969868602527,0.16103220644128827,0.46397694524495675,0.23908523908523907
0.6120354696382975,0.1610966579947969,0.46397694524495675,0.23915626856803324
0.6122427742307616,0.16092874299439552,0.4634005763688761,0.23889466646857824
0.6123184872705646,0.16096096096096096,0.4634005763688761,0.23893016344725113
0.6123375605657547,0.16099319183019623,0.4634005763688761,0.23896567097637092
0.6124122054158813,0.16105769230769232,0.4634005763688761,0.23903671770477186
0.6126880313018113,0.16108996193147665,0.4634005763688761,0.23907225691347014
0.6127850163967832,0.16114790286975716,0.4628242074927954,0.23905924382256621
0.6130295548648235,0.1611802488960257,0.4628242074927954,0.23909483400327528
0.6131912221624339,0.16121260791005823,0.4628242074927954,0.23913043478260873
0.6133059341424368,0.1612449799196787,0.4628242074927954,0.23916604616530157
0.6133730811981251,0.1612773649327174,0.4628242074927954,0.23920166815609178
0.6135347935595296,0.16134217400040185,0.4628242074927954,0.2392729439809297
0.6136764501962348,0.16137459807073956,0.4628242074927954,0.23930859782446728
0.613751970556293,0.1614070351758794,0.4628242074927954,0.23934426229508196
0.6138340109718116,0.16143948532368316,0.4628242074927954,0.23937993739752572
0.6140260489337036,0.16150442477876106,0.4628242074927954,0.23945131951692264
0.6143180727585961,0.16153691410179039,0.4628242074927954,0.239487026543394
0.6143259342374463,0.16156941649899395,0.4628242074927954,0.23952274422073078
0.6143768934504462,0.16160193197826525,0.4628242074927954,0.23955847255369933
0.6144261960881735,0.16163446054750402,0.4628242074927954,0.23959421154706845
0.6145337708499671,0.16166700221461647,0.4628242074927954,0.23962996120561025
0.6150463741723672,0.16173212487411884,0.4628242074927954,0.23970149253731343
0.615082239334925,0.1617973000201491,0.4628242074927954,0.23977306658704092
0.6151058079761145,0.16182990729544539,0.4628242074927954,0.2398088696431238
0.6151219804113938,0.16186252771618626,0.4628242074927954,0.23984468339307047
0.615128731365568,0.16205852674066598,0.4628242074927954,0.24005979073243644
0.6155612456773465,0.16209123940250303,0.4628242074927954,0.2400956794737629
0.6157083187098819,0.16245195225571515,0.4628242074927954,0.2404911650194669
0.6157156859918447,0.16248482395791178,0.4628242074927954,0.24052718286655686
0.6157622573252862,0.16288032454361054,0.4628242074927954,0.240960240060015
0.6158910620038401,0.16291336985189694,0.4628242074927954,0.24099639855942379
0.6160735545519768,0.16294642857142858,0.4628242074927954,0.24103256791235178
0.6160909668790067,0.1630787977254265,0.4628242074927954,0.2411773539570506
0.6161328630247332,0.1631119236238066,0.4628242074927954,0.2412135776509462
0.616423595605752,0.16321138211382114,0.4628242074927954,0.24132231404958676
0.616513120804255,0.16307442049613663,0.4622478386167147,0.24109424319855705
0.6167045352505827,0.1635399673735726,0.4622478386167147,0.24160265100165687
0.6169343569299456,0.1635733224556394,0.4622478386167147,0.2416390479059958
0.6170574614282218,0.16360669114647083,0.4622478386167147,0.24167545577821303
0.6171994720192168,0.1642769356820975,0.4622478386167147,0.24240592413480427
0.6174525559082503,0.1641729862676778,0.461671469740634,0.24221348654369512
0.617619624013211,0.16400164001640016,0.4610951008645533,0.24194767881445636
0.6176570526388349,0.16403526758253023,0.4610951008645533,0.24198427102238354
0.6176868684702689,0.16413623307345096,0.4610951008645533,0.24209411408685125
0.6178274714183678,0.1643047853768741,0.4610951008645533,0.24227740763173836
0.6181772511785016,0.16433853738701726,0.4610951008645533,0.24231409965167347
0.6182560513536124,0.1646090534979424,0.4610951008645533,0.24260803639120543
0.6182656148440905,0.16446826051112942,0.45994236311239195,0.2422954303931987
0.6183357355136421,0.1643298969072165,0.45936599423631125,0.24206529992406986
0.6184551296446628,0.1643976897689769,0.45936599423631125,0.2421388424730366
0.6184797847780605,0.16436093330580218,0.45878962536023055,0.24201885071450285
0.6186355402553027,0.1647691989236183,0.45878962536023055,0.2424611635699056
0.6189766419309671,0.16487158243579123,0.45878962536023055,0.24257199451470368
0.6189834936612877,0.16490573855396726,0.45878962536023055,0.2426089606827187
0.6190895561709414,0.16493990882718607,0.45878962536023055,0.24264593811918914
0.6191793473113435,0.1649740932642487,0.45878962536023055,0.24268292682926831
0.6192418577830627,0.16500829187396351,0.45878962536023055,0.24271992681811252
0.6193016413347708,0.16504250466514617,0.45878962536023055,0.24275693809088136
0.6194575333163486,0.16511097282721426,0.45878962536023055,0.24283099450884682
0.6197609320693924,0.16524807971766658,0.45878962536023055,0.24297924297924298
0.61976463687056,0.16528239202657807,0.45878962536023055,0.24301633338421613
0.6201366741319387,0.16510903426791276,0.45821325648414984,0.2427480916030534
0.6202449699023219,0.16496987325992105,0.45763688760806914,0.24251679902260234
0.6203715075076819,0.16503845354396177,0.45763688760806914,0.2425908952031775
0.6204597216341272,0.16507276507276508,0.45763688760806914,0.2426279602750191
0.6204997461291158,0.1650707743547044,0.4570605187319885,0.24254473161033796
0.6205065245430478,0.16489693941286696,0.4564841498559078,0.2422759253594371
0.6208386823185289,0.16496563215996668,0.4564841498559078,0.24235006119951044
0.6212670389796088,0.165,0.4564841498559078,0.24238714613618975
0.6214381780827247,0.16447779862414008,0.4547550432276657,0.24157991426821795
0.6214848966039885,0.16451209341117598,0.4547550432276657,0.2416169039963252
0.6214904658968946,0.1658608366617616,0.4547550432276657,0.24306839186691312
0.6216372258081839,0.16589571068124476,0.4547550432276657,0.2431058388537976
0.621720602908297,0.16550559425796918,0.45187319884726224,0.24227441285537696
0.621805914360836,0.16554054054054054,0.45187319884726224,0.2423118528820893
0.6219011499066375,0.16571549355316,0.45187319884726224,0.2424992267244046
0.6222436648376715,0.1657505285412262,0.45187319884726224,0.2425367362722351
0.622246960842632,0.1658206429780034,0.45187319884726224,0.2426117901903141
0.6224083852562976,0.1658557224455257,0.45187319884726224,0.24264933457134016
0.6226717138778516,0.1656792213288193,0.45129682997118153,0.24237734096889021
0.623903216978707,0.16581956797966962,0.45129682997118153,0.24252748954622888
0.6239610406292692,0.1656779661016949,0.4507204610951009,0.24229279628195197
0.6242550949113064,0.1655011655011655,0.4501440922190202,0.24202045243259998
0.6242711166539284,0.16532428995337006,0.4495677233429395,0.2417480241748024
0.6242899849906688,0.16535933856264576,0.4495677233429395,0.2417854928704278
0.6244199863404435,0.16539440203562342,0.4495677233429395,0.24182297318245233
0.624458786488617,0.16521739130434782,0.4489913544668588,0.2415503875968992
0.6244595901994768,0.1658152405278842,0.4489913544668588,0.24218871444116274
0.6249358626002866,0.16570820021299254,0.4484149855907781,0.24199066874027997
0.6251640558076746,0.16584949904071628,0.4484149855907781,0.24214130096483036
0.6252708569259438,0.1660264618011097,0.4484149855907781,0.24232985516274727
0.6255421543194857,0.16606189967982923,0.4484149855907781,0.24236760124610593
0.6255516736621393,0.166132820841341,0.4484149855907781,0.24244312870052978
0.6257215623763008,0.1661683041435284,0.4484149855907781,0.24248091008259312
0.625797858019752,0.1658119658119658,0.44726224783861673,0.24193296960249416
0.6263484394852058,0.16566908935442498,0.44668587896253603,0.24169655387494152
0.6263897012675805,0.16563235608816607,0.44610951008645533,0.24157303370786515
0.6265256301676262,0.16598756165558654,0.44610951008645533,0.24195060956548922
0.6268156206730525,0.16609442060085836,0.44610951008645533,0.2420641125879593
0.626863503687096,0.1672428694900605,0.44610951008645533,0.2432814710042433
0.6268703510947535,0.16727901448022478,0.44610951008645533,0.2433197107827727
0.6268888050101638,0.16745997403721333,0.44610951008645533,0.24351109013685704
0.6270021741077696,0.16727980956502922,0.44553314121037463,0.24323473882945248
0.6274032795867747,0.1673160173160173,0.44553314121037463,0.24327301337529503
0.627439066114927,0.16735224074474994,0.44553314121037463,0.24331129996852377
0.6274478984311262,0.16742473467619667,0.44553314121037463,0.2433879093198993
0.6275084306173152,0.16746100519930676,0.44553314121037463,0.2434262320894347
0.6275395353197148,0.16731686172518423,0.4449567723342939,0.24318790360686726
0.6276447005380661,0.1674641148325359,0.4438040345821326,0.24317069319437867
0.6277693121658139,0.16750054383293453,0.4438040345821326,0.2432090966519267
0.6277715008482136,0.16757344940152338,0.4438040345821326,0.24328593996840442
0.6278767088460195,0.1676099259904223,0.4438040345821326,0.24332437983883712
0.6279349057312159,0.16764641846287828,0.4438040345821326,0.24336283185840704
0.6282148157198395,0.16791208791208792,0.4403458213256484,0.24311853619729515
0.628403760980859,0.1654485049833887,0.43054755043227666,0.23904
0.6286392642777444,0.16548515728843596,0.43054755043227666,0.23907825252040327
0.6289283683981923,0.16481069042316257,0.4265129682997118,0.23775100401606422
0.6290133589055976,0.16565927915827178,0.4265129682997118,0.23863269912931315
0.6290235690569487,0.16547245857590684,0.4259365994236311,0.23834865344299302
0.6292591619026882,0.16644144144144143,0.4259365994236311,0.2393522267206478
0.6297494195354335,0.16651644885083372,0.4259365994236311,0.23942977482585454
0.6297926039257945,0.16655397791300428,0.4259365994236311,0.23946856772521063
0.6300209088251666,0.1666290868094701,0.4259365994236311,0.23954619124797405
0.6300729095076297,0.16666666666666666,0.4259365994236311,0.23958502188361158
0.6301879284001707,0.16670426347845702,0.4259365994236311,0.23962386511024647
0.6302562137755973,0.1667418772563177,0.4259365994236311,0.23966272093400356
0.6302692580036416,0.1667795080117355,0.4259365994236311,0.239701589361012
0.6309129725069442,0.16681715575620767,0.4259365994236311,0.23974047039740473
0.6314668037379751,0.16945654666360926,0.4259365994236311,0.2424540682414698
0.6314820173665145,0.17004141739530604,0.4259365994236311,0.24305212958395003
0.6316663181350842,0.16985040276179517,0.42536023054755046,0.24276315789473685
0.6318651673231218,0.16992862076905366,0.42536023054755046,0.24284304047384006
0.6319282392941681,0.16981566820276497,0.42478386167146975,0.24263374485596712
0.6320210231815061,0.1695110701107011,0.42363112391930835,0.24213473892274748
0.6320247107596779,0.17033603707995365,0.42363112391930835,0.24297520661157024
0.6321897589576262,0.17018316716902387,0.42305475504322765,0.24272486772486776
0.6324419472562816,0.17026212015773604,0.42305475504322765,0.24280516043665235
0.6327704558881284,0.16995588576735546,0.4219020172910663,0.2423038728897716
0.6331491373285462,0.1699953553181607,0.4219020172910663,0.24234398278430722
0.6331649153778508,0.1700348432055749,0.4219020172910663,0.24238410596026494
0.6332239349913391,0.1701929783771216,0.4219020172910663,0.24254473161033796
0.633324190607106,0.1702325581395349,0.4219020172910663,0.24258492129246062
0.6333850780753442,0.17003954408001862,0.4213256484149856,0.24229366920782236
0.6334500965024121,0.1701186874563649,0.4213256484149856,0.2423740053050398
0.6335584887188951,0.17023754075454123,0.4213256484149856,0.24249460938795825
0.6336073035495474,0.17051551201306275,0.4213256484149856,0.2427764862172036
0.6336284807447895,0.17114568599717114,0.41844380403458215,0.24293123640622385
0.6336464492517813,0.17118604102805943,0.41844380403458215,0.2429718875502008
0.6338143320783765,0.17126680820948337,0.41844380403458215,0.24305323066622028
0.6338318482807271,0.17107126002831524,0.41786743515850144,0.24275908253808803
0.6339002055178747,0.17087561954212888,0.41729106628242074,0.24246483590087076
0.6340034296871322,0.17091595845136923,0.41729106628242074,0.24250544297437618
0.6340625672442806,0.17099669343410487,0.41729106628242074,0.2425866979393533
0.6341375761859008,0.17111793902150793,0.41729106628242074,0.24270868253436137
0.6341487986955021,0.17115839243498818,0.41729106628242074,0.2427493713327745
0.6342412934628879,0.1711988649799007,0.41729106628242074,0.2427900737759893
0.6343409183421187,0.17136094674556213,0.41729106628242074,0.24295302013422818
0.6346515449523602,0.17148270961629558,0.41729106628242074,0.2430753735101561
0.634677210611323,0.1715233357024402,0.41729106628242074,0.24311618535930157
0.634710949409025,0.17156398104265402,0.41729106628242074,0.2431570109151973
0.6347826631794998,0.1716453295400664,0.41729106628242074,0.2432387031748698
0.6348634976054588,0.17144889732036994,0.41671469740634004,0.24294354838709678
0.634907308659789,0.17080152671755724,0.41268011527377524,0.24160620887464146
0.6349125993900853,0.17084228107850155,0.41268011527377524,0.24164697941275734
0.634916212907283,0.17076665870551708,0.41210374639769454,0.24147247551502868
0.6349391685904644,0.1705685618729097,0.41152737752161384,0.24117547711535212
0.635031328487771,0.17060931899641577,0.41152737752161384,0.24121621621621622
0.6351121985732848,0.1706908917045183,0.41152737752161384,0.2412977357215275
0.6352442537676235,0.171387421987518,0.41152737752161384,0.24199288256227758
0.6353624226874623,0.17118847539015605,0.41095100864553313,0.24169491525423728
0.6353717020480649,0.1712295869356388,0.41095100864553313,0.24173588743854887
0.6354662843269501,0.17135304013458302,0.41095100864553313,0.24185888738127542
0.6356307480536659,0.17139423076923077,0.41095100864553313,0.24189991518235793
0.6358769018133243,0.17143544121182977,0.41095100864553313,0.2419409569053275
0.636081907567653,0.17160048134777375,0.41095100864553313,0.2421052631578947
0.6361817407403624,0.17168312063568505,0.41095100864553313,0.2421875
0.6362609497732472,0.17172447013487477,0.41095100864553313,0.24222863937489383
0.6364123787384719,0.1758756783423779,0.41095100864553313,0.24632924512005527
0.6365048053229696,0.1759624876604146,0.41095100864553313,0.24641437705201316
0.6365841025627453,0.17600592446309554,0.41095100864553313,0.24645696508814383
0.6366382908921047,0.17609286243516917,0.41095100864553313,0.24654218533886582
0.6366495408843905,0.17613636363636365,0.41095100864553313,0.24658481756873596
0.6367668882049621,0.1757725587144623,0.4097982708933718,0.24602076124567468
0.6367748354500183,0.17569908438505322,0.4092219020172911,0.24584487534626037
0.6368002468995357,0.17635370094386488,0.4092219020172911,0.2464849852456171
0.6370540207802481,0.176441351888668,0.4092219020172911,0.24657058517103667
0.6372928936206361,0.17652909000497266,0.4092219020172911,0.2466562445718256
0.6374884934097977,0.1766608609106743,0.4092219020172911,0.24678484532499131
0.6375253208906336,0.17674881752551655,0.4092219020172911,0.24687065368567454
0.637558285273144,0.17658779576587796,0.4086455331412104,0.24660869565217391
0.6377833119809608,0.17671984047856432,0.4086455331412104,0.2467374282234209
0.6378028740175503,0.1767638992769883,0.4086455331412104,0.24678036895231467
0.6379256729942946,0.17614770459081835,0.4069164265129683,0.24586453073306633
0.6379309259809827,0.17627965043695382,0.4069164265129683,0.24599303135888503
0.6380574154692864,0.17607392607392608,0.40634005763688763,0.2456874019864088
0.638232760573543,0.17625,0.40634005763688763,0.24585876198779422
0.6382402728794229,0.17629407351837958,0.40634005763688763,0.24590163934426232
0.6385303585420508,0.1771356783919598,0.40634005763688763,0.2467191601049869
0.6386880093425895,0.17726929846618053,0.40634005763688763,0.24684873949579828
0.6387673682100845,0.1773138832997988,0.40634005763688763,0.24689196287865522
0.6388402533725484,0.17753714429614706,0.40634005763688763,0.24710830704521553
0.6388781420323117,0.17758186397984888,0.40634005763688763,0.24715162138475025
0.6390408058770816,0.17762660619803478,0.40634005763688763,0.24719495091164098
0.6390839280563798,0.18128053484186166,0.40634005763688763,0.25071123755334285
0.6391184220999958,0.1816542128317444,0.40634005763688763,0.25106837606837606
0.6391693319925105,0.18170103092783504,0.40634005763688763,0.25111308993766696
0.6392901884271187,0.18174787316318639,0.40634005763688763,0.25115781973637336
0.6393694426502085,0.1820294345468629,0.40634005763688763,0.25142653352353783
0.63951964757422,0.18181818181818182,0.40576368876080693,0.2511146780809702
0.6395440669281901,0.18200620475698034,0.40576368876080693,0.2512939496698197
0.6396339429368197,0.18198291483303133,0.4051873198847262,0.25116112897463383
0.6398353313609232,0.18203003625064734,0.4051873198847262,0.2512060032160086
0.6399412049617538,0.18207718207718207,0.4051873198847262,0.25125089349535384
0.6400217098976648,0.1821243523316062,0.4051873198847262,0.251295799821269
0.6403320967067211,0.18195956454121306,0.4046109510086455,0.2510280708027892
0.6407287561372743,0.18200674099040706,0.4046109510086455,0.2510729613733906
0.6408446742062298,0.18184176394293125,0.4040345821325648,0.25080500894454383
0.640931181436598,0.18181818181818182,0.4034582132564842,0.25067144136078784
0.6412021703927075,0.18165280665280664,0.4028818443804035,0.2504030091348737
0.641239687127682,0.1799163179916318,0.39654178674351587,0.24752653354919948
0.6412507546059466,0.18001046572475143,0.39654178674351587,0.2476156199388159
0.641349371605346,0.1800575765506412,0.39654178674351587,0.24766018718502522
0.6413910703122437,0.18010471204188483,0.39654178674351587,0.2477047704770477
0.6415688895609483,0.18019905709795705,0.39654178674351587,0.24779398523320725
0.641584496529823,0.1802462667015981,0.39654178674351587,0.2478386167146974
0.6418348876719249,0.18029350104821804,0.39654178674351587,0.24788326427670693
0.6418942742581486,0.1803407601572739,0.39654178674351587,0.24792792792792795
0.6420580428625138,0.18038804404824332,0.39654178674351587,0.24797260767705895
0.6421579048420838,0.1804353527406242,0.39654178674351587,0.2480173035328046
0.6422006003285538,0.18031496062992125,0.39596541786743517,0.2477908025247971
0.6422466557162454,0.18036229981622473,0.39596541786743517,0.24783549783549785
0.6423245811496056,0.18024172359432475,0.39538904899135446,0.24760873488539975
0.6423935401483692,0.1802890932982917,0.39538904899135446,0.24765342960288808
0.6424040730526224,0.18033648790746581,0.39538904899135446,0.2476981404585665
0.6426205744889945,0.1804313519200421,0.39538904899135446,0.24778761061946905
0.6426953705806114,0.18004738088970781,0.39423631123919306,0.24719913263462234
0.6428332390949617,0.17983149025803055,0.3936599423631124,0.2468823423097777
0.6428556493423712,0.17992623814541622,0.3936599423631124,0.24697161453625024
0.6429645939889702,0.17971014492753623,0.3930835734870317,0.24665461121157323
0.6430300773898959,0.17985232067510548,0.3930835734870317,0.2467884928532658
0.643035554570359,0.17963597995251912,0.392507204610951,0.24647122692725298
0.6431069291580045,0.17946687780416998,0.3919308357348703,0.24619840695148446
0.6433346068261937,0.1804192093393473,0.3919308357348703,0.24709302325581395
0.6435041709556629,0.18046709129511676,0.3919308357348703,0.2471379247683082
0.6436077070000105,0.18034528552456838,0.3913544668587896,0.24690909090909086
0.6437095984574003,0.1803931987247609,0.3913544668587896,0.2469539916348427
0.6437476068160342,0.18048910154173312,0.3913544668587896,0.24704384209568853
0.6438547245382847,0.1804151144225652,0.39077809798270896,0.24685963954123435
0.6439331678433624,0.1805111821086262,0.39077809798270896,0.24694955381533418
0.6440535245168031,0.18060735215769846,0.39077809798270896,0.24703953361267994
0.6441436367986564,0.1806554756195044,0.39077809798270896,0.24708454810495628
0.6443824159742583,0.18070362473347548,0.39077809798270896,0.24712957900492075
0.6446599016363074,0.18075179952012796,0.39077809798270896,0.24717462632154577
0.644902995727478,0.1808,0.39077809798270896,0.24721969006381037
0.6457247427605762,0.18084822619365165,0.39077809798270896,0.24726477024070023
0.6457857419999457,0.18299595141700406,0.39077809798270896,0.24926470588235294
0.6459649410538678,0.18304535637149028,0.39077809798270896,0.24931053502482073
0.6459764600179048,0.18309478800972184,0.39077809798270896,0.2493563810224347
0.6460023387108048,0.18287412209616424,0.39020172910662826,0.2490343939672614
0.6462242964192225,0.18292353417995136,0.39020172910662826,0.2490802060338484
0.6463197945412849,0.18262987012987014,0.38904899135446686,0.2485730068127417
0.6463229836004836,0.1824086603518268,0.38847262247838615,0.2482504604051565
0.6463710667748102,0.18189211168338304,0.3867435158501441,0.24741887905604718
0.6464665636367056,0.18194143167028198,0.3867435158501441,0.24746450304259635
0.646698555389607,0.1822379141770777,0.3867435158501441,0.2477386007014953
0.6468642168214983,0.18238651807556402,0.3867435158501441,0.24787587735500557
0.6469749601805383,0.18243610657966286,0.3867435158501441,0.24792167005357474
0.647223713876783,0.18253536452665942,0.3867435158501441,0.24801330622805395
0.6472451873789542,0.18263473053892215,0.3867435158501441,0.24810501016823816
0.6475953851940925,0.18268445412469372,0.3867435158501441,0.24815088757396453
0.6476164104619563,0.182239171887769,0.3855907780979827,0.24750277469478357
0.6478692846127303,0.18228882833787466,0.3855907780979827,0.2475485661424607
0.6478962486187018,0.18238822246455835,0.3855907780979827,0.2476401998889506
0.6479016064163572,0.18226466575716235,0.385014409221902,0.24740740740740738
0.6481625360128478,0.18231441048034935,0.385014409221902,0.24745323208001482
0.648431838533655,0.18246380770281345,0.385014409221902,0.2475908080059303
0.6484409838041939,0.1825136612021858,0.385014409221902,0.2476367006487488
0.6484721758887276,0.18256354195135283,0.385014409221902,0.24768261030774935
0.6485536583689997,0.18261344997266266,0.385014409221902,0.24772853699239752
0.6485626509582074,0.18266338528848783,0.385014409221902,0.24777448071216618
0.6485885449384642,0.18371837183718373,0.385014409221902,0.24874325079128654
0.6486078209031926,0.18376891334250345,0.385014409221902,0.24878957169459961
0.6487262502566358,0.18354430379746836,0.38443804034582135,0.2484634010057739
0.648828047424593,0.1833195706028076,0.38386167146974065,0.2481371087928465
0.648941119385613,0.1834710743801653,0.38386167146974065,0.2482758620689655
0.6491015617553079,0.18322295805739514,0.38270893371757925,0.24780742675872364
0.6491836201496551,0.18297401879491432,0.38155619596541784,0.24733794134130396
0.6492447164333811,0.18302460602709428,0.38155619596541784,0.24738415545590434
0.6492565601613539,0.18307522123893805,0.38155619596541784,0.24743038684358062
0.6493776456287742,0.18284923928077454,0.3809798270893372,0.24710280373831772
0.6494520952716871,0.18289983397897067,0.3809798270893372,0.2471489998130492
0.6496329950978744,0.1828761429758936,0.3804034582132565,0.2470059880239521
0.6496761555431282,0.18292682926829268,0.3804034582132565,0.2470522178551376
0.6498273716131526,0.18302828618968386,0.3804034582132565,0.24714472945141358
0.649990768132373,0.18307905686546463,0.3804034582132565,0.24719101123595505
0.6500142903341167,0.18312985571587126,0.3804034582132565,0.24723731035774488
0.6500511365409652,0.18318068276436303,0.3804034582132565,0.24728362682652677
0.6502182000900274,0.18333333333333332,0.3804034582132565,0.24742268041237114
0.6504721090749622,0.18343524180100054,0.3804034582132565,0.24751546971685728
0.6505923075717679,0.1834862385321101,0.3804034582132565,0.24756189047261817
0.6506024119761271,0.1835372636262514,0.3804034582132565,0.24760832864378166
0.6506079876942246,0.18382147838214785,0.3798270893371758,0.24774436090225563
0.6507567629467526,0.18387276785714285,0.3798270893371758,0.2477909381462681
0.6510364221914254,0.1836962590731435,0.3792507204610951,0.24750799322926462
0.6510942082279352,0.18374755654845015,0.3792507204610951,0.24755455229495865
0.6512683510160368,0.18379888268156425,0.3792507204610951,0.24760112888052685
0.6515141039450997,0.18357082984073764,0.3786743515850144,0.2472713586751976
0.6515368248242723,0.18362213527110116,0.3786743515850144,0.24731789949181254
0.6516053589483451,0.1838276440962507,0.3786743515850144,0.24750423808626856
0.6516829859892463,0.18387909319899245,0.3786743515850144,0.24755086661642808
0.6518783488917063,0.18375350140056024,0.37809798270893374,0.24731385485391144
0.6518991148260195,0.18373071528751753,0.37752161383285304,0.2471698113207547
0.651952659693273,0.18388545760808533,0.37752161383285304,0.24730979799886726
0.652017289782044,0.18393709632125807,0.37752161383285304,0.24735649546827793
0.6521370221352571,0.18398876404494383,0.37752161383285304,0.2474032105760151
0.6521410339787014,0.1840404608035965,0.37752161383285304,0.24744994333207404
0.6521594209353168,0.18409218662169757,0.37752161383285304,0.24749669374645758
0.652186312375883,0.18392101551480958,0.37579250720461094,0.24696969696969692
0.6521998297817861,0.1839502684374117,0.37521613832853024,0.24687144482366324
0.652277363291136,0.18405428329092452,0.37521613832853024,0.2469650986342944
0.6523716333569903,0.18410633484162897,0.37521613832853024,0.24701195219123506
0.6524190376736753,0.18421052631578946,0.37521613832853024,0.24710571265894854
0.6524560163804408,0.18426266628927257,0.37521613832853024,0.24715261958997725
0.6526097874069731,0.18406125921724334,0.3740634005763689,0.24672115567382627
0.6526870508048028,0.18411347517730497,0.3740634005763689,0.2467680608365019
0.6526871011459596,0.18388195232690124,0.3734870317002882,0.24643468339988592
0.6528208692107217,0.18393414703377803,0.3734870317002882,0.24648155192088247
0.6528942138122973,0.18403862539051405,0.3734870317002882,0.2465753424657534
0.6530748484125843,0.18409090909090908,0.3734870317002882,0.24662226450999047
0.6531447802232957,0.18391131324616258,0.3729106628242075,0.2463354273748334
0.6531816726620348,0.18420302252637583,0.3723342939481268,0.246470812666921
0.653260312634375,0.18430813124108417,0.3723342939481268,0.24656488549618322
0.6533221277811608,0.18389491719017703,0.37118155619596543,0.24594233339698301
0.6533519870833284,0.18394744358754642,0.37118155619596543,0.2459893048128342
0.6541538519769661,0.18371428571428572,0.37060518731988473,0.24565425023877746
0.6545612392153095,0.18376679051157474,0.37060518731988473,0.24570118456247608
0.655196796148873,0.1835334476843911,0.37002881844380403,0.24536594687559718
0.6552963882054735,0.18335240274599543,0.36945244956772333,0.2450774230548652
0.655369805560304,0.183457355466514,0.36945244956772333,0.24517116083381138
0.6554884611577938,0.18350987689665044,0.36945244956772333,0.24521805661820967
0.6555505507580948,0.18356242840778922,0.36945244956772333,0.24526497034627892
0.6556143446008964,0.1836676217765043,0.36945244956772333,0.2453588516746411
0.6556416062895191,0.18372026368586988,0.36945244956772333,0.245405819295559
0.6556924256411838,0.18377293577981652,0.36945244956772333,0.24545280490139768
0.6557925876094353,0.18382563808431315,0.36945244956772333,0.24549980850248945
0.6558561990133404,0.18393113342898135,0.36945244956772333,0.24559386973180075
0.6561344433418673,0.1840367499282228,0.36945244956772333,0.24568800306630897
0.6561675589386174,0.18380241240666284,0.3688760806916426,0.24535173471343683
0.6561951162282661,0.18356794024705544,0.368299711815562,0.24501533742331288
0.6562157461412992,0.18362068965517242,0.368299711815562,0.24506232023010546
0.6562641307905049,0.1836734693877551,0.368299711815562,0.24510932105868816
0.6563017724316271,0.18372627947096032,0.368299711815562,0.2451563399194322
0.6564088156628329,0.18377911993097498,0.368299711815562,0.24520337682271684
0.6565862754187991,0.18482039397450753,0.3677233429394813,0.24599961442066703
0.6566924209723634,0.1845841784989858,0.3671469740634006,0.24566139606633244
0.6568850092632931,0.18463768115942028,0.3671469740634006,0.24570877531340404
0.6569543838626417,0.18440127573209625,0.3665706051873199,0.24537037037037035
0.6570180878770963,0.18416473317865428,0.3659942363112392,0.24503183484468458
0.6572084506869428,0.1842181607194662,0.3659942363112392,0.2450791200308761
0.6572878360929578,0.1839814277423099,0.3654178674351585,0.24474039760663965
0.6573890174203468,0.1841952353282975,0.3654178674351585,0.24492949584701565
0.657603942818274,0.18430232558139534,0.3654178674351585,0.245024154589372
0.6576144930637334,0.18435591741785404,0.3654178674351585,0.24507151140316974
0.657859387333001,0.1841722432353797,0.3648414985590778,0.24477958236658934
0.6579154195530573,0.18422584400465658,0.3648414985590778,0.24482691935795783
0.6579527015295298,0.18404193360512522,0.3642651296829971,0.2445347262526601
0.6580393160021242,0.18409554325662686,0.3642651296829971,0.24458204334365324
0.6582208078861101,0.18420285631011368,0.3642651296829971,0.24467673248161056
0.6582269038377667,0.18396501457725947,0.3636887608069164,0.24433688286544045
0.6582498078269167,0.1837270341207349,0.3631123919308357,0.24399690162664603
0.65825281303299,0.1837806301050175,0.3631123919308357,0.2440441603718768
0.6583705402084724,0.1838342573679603,0.3631123919308357,0.24409143742735373
0.6586415821174896,0.18359603035610042,0.362536023054755,0.24375121100561906
0.6588915543418963,0.1838106370543542,0.362536023054755,0.24394027535388796
0.6589001299552535,0.18357205495469162,0.3619596541786744,0.24359968968192397
0.6589624815536249,0.18333333333333332,0.36138328530259367,0.24325897187196893
0.6590188343436423,0.1835480093676815,0.36138328530259367,0.24344787419918468
0.6590586361358868,0.18365553602811951,0.36138328530259367,0.24354243542435428
0.6591766533499093,0.18370934661588045,0.36138328530259367,0.2435897435897436
0.6592147148376626,0.18408690546095127,0.36138328530259367,0.24392141606691303
0.6592806909843187,0.18424919188950925,0.36138328530259367,0.24406383806928764
0.6595821201812502,0.18430335097001763,0.36138328530259367,0.24411134903640258
0.6597396529497396,0.18406351073213761,0.36080691642651297,0.24376947040498437
0.6597659353633927,0.18411764705882352,0.36080691642651297,0.2438169425511198
0.6597777416385373,0.18393172454384932,0.36023054755043227,0.2435223066432885
0.6605788771835144,0.1839858698851928,0.36023054755043227,0.24356975837879963
0.6606062628192053,0.18404004711425206,0.36023054755043227,0.24361722861040735
0.6606349236249106,0.18425707547169812,0.36023054755043227,0.24380729471425786
0.660665815498312,0.1844201829448215,0.36023054755043227,0.2439500390320063
0.6608617614657,0.18417945690672963,0.35965417867435157,0.24360726137029082
0.6609459200341302,0.18393858872158253,0.3590778097982709,0.24326434986333464
0.6612260515005107,0.18399291199054932,0.3590778097982709,0.24331185315368095
0.6612557445958264,0.18470204565668544,0.3590778097982709,0.24393108848864525
0.6612657267511127,0.18446026097271648,0.3585014409221902,0.24358723320932057
0.6613005202210402,0.18389423076923078,0.3527377521613833,0.24175390084929885
0.6613139178568298,0.18364893297264803,0.3521613832853026,0.2414065586724615
0.6613523342729735,0.18370414912808178,0.3521613832853026,0.2414542580517684
0.6614530961092474,0.1832681312067409,0.3510086455331412,0.24080664294187423
0.6614688967214575,0.18332329921733895,0.3510086455331412,0.24085426141981411
0.6616486368266835,0.18337850045167117,0.3510086455331412,0.24090189873417722
0.6618137793086082,0.18343373493975904,0.3510086455331412,0.24094955489614242
0.6618289513162497,0.18348900271166013,0.3510086455331412,0.24099722991689745
0.6618600931604527,0.18354430379746836,0.3510086455331412,0.241044923807639
0.661955844420625,0.18329816098884535,0.3504322766570605,0.24069675376088678
0.6620520271637784,0.1830518697225573,0.3498559077809798,0.24034844585230644
0.6620687634440976,0.18272425249169436,0.34870317002881845,0.23979389615537058
0.6621391619601934,0.18277945619335348,0.34870317002881845,0.23984142715559958
0.6621729467984758,0.1829452676141518,0.34870317002881845,0.23998413328044432
0.6622058995419177,0.18269812462189958,0.34812680115273775,0.23963499305693314
0.6622296010680356,0.18250605326876512,0.34755043227665705,0.23933320103195077
0.6625071899384167,0.18225855283075992,0.34697406340057635,0.2389837236998809
0.6627070662428174,0.18286755771567437,0.34697406340057635,0.23950666401432272
0.6627380444844462,0.18292312367061683,0.34697406340057635,0.23955431754874654
0.6628469777206265,0.1829787234042553,0.34697406340057635,0.23960199004975122
0.6628513576464272,0.18303435694740042,0.34697406340057635,0.23964968152866237
0.6631244035083256,0.18320146074254412,0.34697406340057635,0.23979286994622578
0.6631426542762765,0.18334350213544845,0.3463976945244957,0.2397765808896868
0.6631795103356848,0.183094293561184,0.345821325648415,0.23942537909018358
0.6632177727593294,0.18315018315018314,0.345821325648415,0.23947315905008978
0.6633197320810831,0.18270999386879216,0.3435158501440922,0.23854312587552529
0.6634261350127243,0.18276602269242564,0.3435158501440922,0.23859087269815854
0.6635636018126081,0.1825713409021172,0.34293948126801155,0.2382859431317581
0.6637964295016855,0.18232044198895028,0.34236311239193085,0.23793310634888848
0.663811297330078,0.18206938900828984,0.34178674351585014,0.2375801282051282
0.6638887565624859,0.18218125960061443,0.34178674351585014,0.23767535070140278
0.664020587426006,0.1817902183943402,0.34063400576368874,0.2370637785800241
0.6640336038328378,0.18184615384615385,0.34063400576368874,0.237111334002006
0.6640466899231153,0.18195812807881773,0.34063400576368874,0.23720650210716435
0.6643479657351168,0.18212634822804313,0.34063400576368874,0.23734939759036144
0.6643481505392006,0.18218249075215784,0.34063400576368874,0.23739706768427393
0.6643535216267786,0.1822386679000925,0.34063400576368874,0.23744475693049416
0.664526824806296,0.1822948797038865,0.34063400576368874,0.23749246534056662
0.6645881460206965,0.18235112619561863,0.34063400576368874,0.237540192926045
0.6646411532989359,0.1824074074074074,0.34063400576368874,0.23758793969849248
0.6646712054973972,0.18246372337141092,0.34063400576368874,0.23763570566948128
0.664717827060064,0.18226753166512202,0.3400576368876081,0.23732904263877716
0.6647479420105227,0.18207109737248842,0.3394812680115274,0.2370221327967807
0.6649637951585998,0.18235294117647058,0.3394812680115274,0.23726082578046323
0.6650085725224556,0.18240941467946734,0.3394812680115274,0.2373086220789686
0.6650235884262807,0.18226906385616862,0.3389048991354467,0.23704898206006852
0.665074368475524,0.18232558139534882,0.3389048991354467,0.23709677419354838
0.6654056938558506,0.18238213399503722,0.3389048991354467,0.23714458560193585
0.6654258276131961,0.18212845175302514,0.338328530259366,0.23678902783380398
0.6654511834717323,0.1818746120422098,0.3377521613832853,0.23643332660883598
0.6655992291049398,0.18045112781954886,0.3319884726224784,0.23381367972396994
0.6656490678424628,0.18050767784393607,0.3319884726224784,0.23386114494518878
0.6656905844424124,0.18030730636563186,0.3314121037463977,0.23354995938261577
0.6657183827126845,0.18047708725674827,0.3314121037463977,0.23369233895549682
0.6658542153448763,0.18053375196232338,0.3314121037463977,0.23373983739837398
0.6659760459428328,0.18064718818724473,0.3314121037463977,0.23383489223261486
0.6659959723779147,0.18070395977372722,0.3314121037463977,0.23388244864754928
0.6660829211336674,0.1804464005029865,0.330835734870317,0.23352318958502846
0.6661286289214504,0.18055992450456118,0.330835734870317,0.2336182336182336
0.6661925989567772,0.18061674008810572,0.330835734870317,0.2336657846529615
0.6662520410552353,0.18067359143846395,0.330835734870317,0.23371335504885996
0.6664626346104925,0.18141592920353983,0.330835734870317,0.23433353745662377
0.6665997357418233,0.18147328485614922,0.330835734870317,0.2343813801551654
0.6666738513731246,0.18153067678684376,0.330835734870317,0.234429242393302
0.6666850207694877,0.18132911392405063,0.33025936599423633,0.23411644535240042
0.6669720905038035,0.18106995884773663,0.32968299711815563,0.23375561912545975
0.6671254820445718,0.1811272957568081,0.32968299711815563,0.23380339260167587
0.6671389293979354,0.18072289156626506,0.3285302593659942,0.2331765187154837
0.6672768309930733,0.1807802093244529,0.3285302593659942,0.2332242225859247
0.6674035441944296,0.1805203045685279,0.3279538904899135,0.2328626969510947
0.6674796135599098,0.1805775944144716,0.3279538904899135,0.23291035611952515
0.6675286750442598,0.1803747221340108,0.3273775216138329,0.2325962325962326
0.667564716854985,0.18043202033036848,0.3273775216138329,0.23264386647552734
0.6676198301391759,0.18022886204704386,0.3268011527377522,0.23232944068838352
0.6677271105073345,0.18002544529262088,0.3262247838616715,0.23201475712236116
0.6677343577880489,0.1800827235125676,0.3262247838616715,0.2320623206232062
0.6678139161572609,0.18014003819223426,0.3262247838616715,0.2321099036292803
0.6678206774374724,0.1801973893664438,0.3262247838616715,0.23215750615258404
0.667862258221348,0.18025477707006368,0.3262247838616715,0.2322051282051282
0.6679615654837575,0.18031220133800574,0.3262247838616715,0.2322527697989331
0.6681122545683934,0.18042715970672618,0.3262247838616715,0.23234811165845654
0.6681238575295783,0.18048469387755103,0.3262247838616715,0.23239581194826528
0.6681495505829881,0.18001915097350782,0.32507204610951007,0.23171733771569433
0.6682083052833865,0.18013414244650272,0.32507204610951007,0.23181257706535138
0.6682521909794684,0.18024928092042186,0.32507204610951007,0.23190789473684212
0.668258976766879,0.17998721227621484,0.32449567723342937,0.23154431420933577
0.668267742417225,0.18004477134633834,0.32449567723342937,0.23159193747429038
0.6683528335616965,0.18161290322580645,0.32449567723342937,0.23288521199586348
0.6683949847909265,0.1814073595868302,0.3239193083573487,0.2325677632940203
0.6684583070154185,0.1812600969305331,0.323342939481268,0.2322981366459627
0.6687094828613507,0.1813186813186813,0.323342939481268,0.23234624145785876
0.6687288654405009,0.1814359637774903,0.323342939481268,0.23244251087632073
0.6687428137688335,0.18149466192170818,0.323342939481268,0.23249067550766683
0.6688572722307585,0.18167098445595856,0.323342939481268,0.23263528923906285
0.6688638689397638,0.18172983479105928,0.323342939481268,0.23268353380340107
0.6688853265529809,0.18146467919637072,0.3227665706051873,0.2323169466915578
0.6689257838524744,0.1815823605706874,0.3227665706051873,0.23241336376841668
0.6691081123158115,0.181641258514434,0.3227665706051873,0.23246160232461602
0.6693402244331504,0.18137573004542504,0.3221902017291066,0.23209466472908447
0.6693445191521499,0.1816114359974009,0.3221902017291066,0.23228755453978805
0.6693621405170034,0.18134546636334092,0.3216138328530259,0.23192019950124687
0.6694292076667508,0.18172920065252854,0.32103746397694527,0.2320833333333333
0.6694614038434712,0.18178851174934726,0.32103746397694527,0.23213169410293816
0.669496465825636,0.18184786157362062,0.32103746397694527,0.23218007503126303
0.6695408587550282,0.18196667755635412,0.32103746397694527,0.23227689741451207
0.669941871454657,0.18202614379084966,0.32103746397694527,0.23232533889468196
0.6699862212454832,0.18214519293655984,0.32103746397694527,0.23242228249530564
0.6701482513127598,0.1822047759241086,0.32103746397694527,0.23247078464106846
0.6701607575626534,0.18193717277486912,0.32046109510086457,0.23210185764975996
0.6702001108406455,0.18122127380170716,0.31815561959654176,0.2309140347207697
0.6702528690683305,0.1812807881773399,0.31815561959654176,0.23096234309623428
0.6702917934836536,0.18139993427538614,0.31815561959654176,0.23105902051067392
0.6703862243799071,0.1815192370930615,0.31815561959654176,0.23115577889447236
0.6704538133260617,0.18109976950938425,0.3170028818443804,0.2305113160100587
0.6706372509128202,0.18115942028985507,0.3170028818443804,0.23055963110459024
0.6706746964419731,0.18094924192485168,0.3164265129682997,0.23023694694904592
0.6709517380190607,0.18067919551599076,0.315850144092219,0.22986577181208054
0.6709854813362927,0.18079841636423621,0.315850144092219,0.2299622324800671
0.6710021773524185,0.18094608005292756,0.3152737752161383,0.22992854140395122
0.6710195485527313,0.18106587222773915,0.3152737752161383,0.2300252312867956
0.671037883503279,0.180854587611792,0.31469740634005766,0.22970130416491377
0.6711118047627808,0.18097447795823665,0.31469740634005766,0.22979797979797978
0.6711446435670456,0.1810344827586207,0.31469740634005766,0.22984634813723426
0.6712067261062258,0.18115461181154613,0.31469740634005766,0.22994314592545803
0.6713116589031204,0.18127490039840638,0.31469740634005766,0.23004002527912368
0.6714192414842796,0.1813953488372093,0.31469740634005766,0.2301369863013699
0.6714266301757276,0.1815159574468085,0.31469740634005766,0.2302340290955092
0.6714889896928757,0.18157632191553044,0.31469740634005766,0.23028258118937156
0.671570841680056,0.18127290903032323,0.31354466858789626,0.22972972972972974
0.6716206417781784,0.18133333333333335,0.31354466858789626,0.22977824709609296
0.6717784726760885,0.1813937979326442,0.31354466858789626,0.2298267849598648
0.6718224040032148,0.18145430286857905,0.31354466858789626,0.22987534333403759
0.671908335377113,0.18130217028380635,0.31296829971181556,0.22959830866807612
0.6719443456079595,0.18102872411489646,0.31239193083573485,0.22922393740748573
0.6719455815512054,0.1810892081523555,0.31239193083573485,0.22927241962774958
0.6719613371702834,0.1812102975593447,0.31239193083573485,0.2293694456199746
0.6719665668006639,0.18078339471041177,0.3112391930835735,0.2287166454891995
0.6719858920833511,0.18090452261306533,0.3112391930835735,0.2288135593220339
0.6720488903281683,0.18102581293999329,0.3112391930835735,0.22891055532005086
0.672139460441802,0.18108651911468812,0.3112391930835735,0.22895908416366337
0.6722619508413754,0.18081180811808117,0.3106628242074928,0.22858354537743852
0.6722691530196143,0.18105475310715485,0.3106628242074928,0.22877758913412563
0.6727834514036805,0.18111559139784947,0.3106628242074928,0.2288261515601783
0.6727957555784038,0.1812373907195696,0.3106628242074928,0.22892333828838396
0.6728612934748336,0.18108381016492764,0.3100864553314121,0.22864428389290267
0.6729949427767711,0.18086897945436173,0.3095100864553314,0.2283163265306122
0.6730835071042884,0.18031681833501853,0.30835734870317005,0.22756273925988943
0.6731788874770485,0.18043844856661045,0.30835734870317005,0.2276595744680851
0.6731861163352423,0.1804054054054054,0.30778097982708935,0.22747603833865815
0.673236273965609,0.18046637377492397,0.30778097982708935,0.22752449936088626
0.6733221694077829,0.18025025363544134,0.30720461095100865,0.22719522591645355
0.6733529104459033,0.18031123139377536,0.30720461095100865,0.22724365806864208
0.6734196829978318,0.18055555555555555,0.30720461095100865,0.22743759334328997
0.6734591730695505,0.18061674008810572,0.30720461095100865,0.22748612889457956
0.6734881061823728,0.18033898305084745,0.30662824207492795,0.2271077908217716
0.6735126961275445,0.18036684782608695,0.30605187319884725,0.22697157512288949
0.6736889006985187,0.1800883452259599,0.30547550432276654,0.22659256092347155
0.6737415913352565,0.18181818181818182,0.3031700288184438,0.22731201382886776
0.6737792677758172,0.18188105117565698,0.3031700288184438,0.22736114112816078
0.6740194919107518,0.18505463517800494,0.3025936599423631,0.22965879265091865
0.6740498631468731,0.18518518518518517,0.3025936599423631,0.22975929978118162
0.6741549679341354,0.18489767113620326,0.30201729106628245,0.22937185379732986
0.67421821176723,0.18496293681609602,0.30201729106628245,0.22942206654991243
0.6744644716148852,0.1850282485875706,0.30201729106628245,0.2294723012918765
0.6744965992352456,0.18480565371024735,0.30144092219020174,0.22913472070098578
0.6745653772045148,0.18487097914457407,0.30144092219020174,0.22918492550394393
0.6745770487044106,0.18493635077793494,0.30144092219020174,0.2292351523120754
0.6745801121310703,0.18500176865935622,0.30144092219020174,0.22928540113985096
0.6745807052613378,0.18506723283793347,0.30144092219020174,0.22933567200175398
0.6745863956987052,0.18462083628632175,0.30028818443804034,0.22865920561773095
0.674628255429789,0.184686281460475,0.30028818443804034,0.22870939420544337
0.6746681090262787,0.18439716312056736,0.29971181556195964,0.22832052689352358
0.6746849086200255,0.1844625753813409,0.29971181556195964,0.22837066315327184
0.6747628523349742,0.18436944937833039,0.29913544668587894,0.22813186813186812
0.6747849837052581,0.18450053323853538,0.29913544668587894,0.22823218997361477
0.6748381906083035,0.18421052631578946,0.2985590778097983,0.22784253353859688
0.6748721302222346,0.18376068376068377,0.2974063400576369,0.22716266784063396
0.6748850944599885,0.18288770053475936,0.29567723342939484,0.22599118942731278
0.6750064585533928,0.18295292439372327,0.29567723342939484,0.22604097818902844
0.6750413173221617,0.18301819479129505,0.29567723342939484,0.2260907888937858
0.6751166354456877,0.18308351177730192,0.29567723342939484,0.22614062155609435
0.6752211367725939,0.18292247231153982,0.29510086455331414,0.22584913983237756
0.6752226962366048,0.182987848463188,0.29510086455331414,0.2258989631590558
0.6752256861518038,0.18240343347639484,0.29394812680115273,0.22511586846170825
0.6753885556995229,0.18217609162491052,0.29337175792507203,0.22477368072422169
0.6755495238972432,0.18230659025787965,0.29337175792507203,0.22487298431632427
0.6756110709574592,0.18237190970978143,0.29337175792507203,0.22492266902342023
0.6756866654812629,0.1824372759856631,0.29337175792507203,0.2249723756906077
0.6757059508378782,0.18214413768375762,0.29279538904899133,0.22458001768346594
0.6758065690742304,0.18220946915351507,0.29279538904899133,0.2246296705726288
0.6759261931838513,0.18227484750627915,0.29279538904899133,0.22467934542237944
0.676028855204783,0.1823402727925341,0.29279538904899133,0.22472904224729037
0.6761347102210417,0.18204667863554758,0.2922190201729107,0.2243362831858407
0.6761533577462122,0.18214542836573075,0.29164265129683,0.22424108132062928
0.6762417867314386,0.1822110190853439,0.29164265129683,0.224290780141844
0.6765313413292057,0.18267148014440432,0.29164265129683,0.2246392896781354
0.6765884515994897,0.18273745034308414,0.29164265129683,0.2246891651865009
0.6766568753165472,0.18264014466546113,0.2910662824207493,0.22444444444444447
0.6766756523125951,0.18270622286541244,0.2910662824207493,0.22449433207379418
0.6768229839009539,0.18241042345276873,0.2904899135446686,0.22409959982214317
0.6769370952638001,0.18247646632874728,0.2904899135446686,0.22414943295530354
0.6771656379007172,0.1822463768115942,0.2899135446685879,0.22380422691879867
0.6771807394009199,0.1823124320405944,0.2899135446685879,0.22385402759234532
0.6772221711438193,0.18237853517041333,0.2899135446685879,0.22390385043400843
0.6776140365003522,0.18244468625317373,0.2899135446685879,0.22395369545859303
0.6776309107513496,0.18251088534107401,0.2899135446685879,0.22400356268091737
0.6777660096944186,0.1822141560798548,0.28933717579250723,0.22360801781737194
0.677814929140013,0.18198329095532148,0.2887608069164265,0.22326203208556153
0.6778782316482479,0.1821155943293348,0.2887608069164265,0.22336156932679446
0.6779881779248524,0.1821818181818182,0.2887608069164265,0.22341137123745822
0.6780026541154569,0.18244719592134012,0.2887608069164265,0.22361080116045526
0.6780727835351846,0.1825136612021858,0.2887608069164265,0.2236607142857143
0.6780979204070801,0.18234865061998543,0.2881844380403458,0.2233638597274961
0.6781065721663161,0.18241517694272164,0.2881844380403458,0.22341376228775695
0.678123949652861,0.18224981738495252,0.2876080691642651,0.2231164766376034
0.6781348518976088,0.1823830409356725,0.2876080691642651,0.22321628271080293
0.6781870139761832,0.1825164594001463,0.2876080691642651,0.22331617811590956
0.6782631642661888,0.18258324185876326,0.2876080691642651,0.2233661593554163
0.6785185242310592,0.18265007320644217,0.2876080691642651,0.22341616297291247
0.6786009000854822,0.18205128205128204,0.2864553314121037,0.22262038073908175
0.6787538478310318,0.182117991938439,0.2864553314121037,0.22267025089605738
0.6789744634794683,0.181651376146789,0.28530259365994237,0.22197309417040362
0.6791177095365338,0.18178479618068308,0.28530259365994237,0.22207267833109018
0.6791496572483727,0.18148420279206465,0.28472622478386167,0.22167377159524343
0.6792791437193467,0.18165070007369197,0.28414985590778097,0.22162283659249266
0.6796231731914422,0.18141592920353983,0.28357348703170027,0.22127276815830899
0.6797122505765155,0.18287210172026927,0.2818443804034582,0.2218190065774552
0.6797666369785756,0.182566404788627,0.2812680115273775,0.22141560798548096
0.6798494720623102,0.18239700374531836,0.2806916426512968,0.22111237230419975
0.6798783288185558,0.1824653428250281,0.2806916426512968,0.2211625794732062
0.6800067048748076,0.1825337331334333,0.2806916426512968,0.22121280944810356
0.6801444007652544,0.18229557389347337,0.2801152737752161,0.22085889570552147
0.6804021855011819,0.1823639774859287,0.2801152737752161,0.2209090909090909
0.680458020094171,0.18270676691729323,0.2801152737752161,0.221160409556314
0.6805598034210895,0.18277547950357279,0.2801152737752161,0.22121074192080106
0.6806584297767043,0.18284424379232506,0.2801152737752161,0.22126109720009104
0.6807084134270701,0.182913059841927,0.2801152737752161,0.22131147540983603
0.6807286731964806,0.18311981914091938,0.2801152737752161,0.22146274777853722
0.6807648123820125,0.18281191104410102,0.27953890489913547,0.22105742935278033
0.680778399270019,0.18288084464555052,0.27953890489913547,0.22110781855482103
0.6807989842236186,0.18264150943396226,0.27896253602305476,0.22075256556442416
0.6808713555512227,0.18277945619335348,0.27896253602305476,0.2208532968286562
0.6810168139349974,0.18284850774461656,0.27896253602305476,0.2209036969420356
0.6810442449715907,0.18291761148904007,0.27896253602305476,0.22095412006391235
0.6811480720060238,0.1829867674858223,0.27896253602305476,0.22100456621004563
0.681159335434714,0.18305597579425115,0.27896253602305476,0.2210550353962092
0.6813746007426418,0.18312523647370413,0.27896253602305476,0.22110552763819094
0.6814379608442477,0.18319454958364875,0.27896253602305476,0.22115604295179345
0.6815077450436919,0.18288527073078378,0.27838616714697406,0.22074954296160879
0.6815156296012005,0.18323216995447647,0.27838616714697406,0.22100205902539466
0.6816788878610986,0.18337129840546698,0.27838616714697406,0.22110322728313117
0.681704199701858,0.1832699619771863,0.27780979827089336,0.22084765177548685
0.6819213221192915,0.18340943683409436,0.27780979827089336,0.2209488883795553
0.6819329359564484,0.18316831683168316,0.27723342939481266,0.22059160742948863
0.6819541086024634,0.18292682926829268,0.276657060518732,0.2202339986235375
0.6820687479264376,0.18299656881433474,0.276657060518732,0.22028453418999544
0.6820878332310385,0.18481208833785354,0.2749279538904899,0.22103799814643188
0.6821113318084769,0.18488372093023256,0.2749279538904899,0.22108922363847044
0.6822793068746762,0.18495540907328423,0.2749279538904899,0.2211404728789986
0.6824643357262754,0.18502715283165244,0.2749279538904899,0.2211917458845351
0.6824811776714159,0.18478260869565216,0.2743515850144092,0.22083043377406633
0.6827443856828965,0.18485436893203883,0.2743515850144092,0.2208816705336427
0.6828190099035896,0.18499805674310144,0.2743515850144092,0.22098421541318478
0.6828391033620758,0.18514196810579542,0.2743515850144092,0.2210868555503948
0.682896996793723,0.18521400778210118,0.2743515850144092,0.22113821138211384
0.6830160486277205,0.18504090377873003,0.2737752161383285,0.22082752208275222
0.6831463249918243,0.18511301636788777,0.2737752161383285,0.22087886538014417
0.683166252178579,0.184939523995318,0.27319884726224786,0.22056770590972546
0.6832248412420093,0.18501170960187355,0.27319884726224786,0.22061903653711895
0.6832291630067143,0.1850839515814135,0.27319884726224786,0.22067039106145253
0.6834291310188735,0.18515625,0.27319884726224786,0.22072176949941794
0.6835857076212046,0.18522860492379836,0.27319884726224786,0.22077317186772244
0.6836001017067765,0.1853010164190774,0.27319884726224786,0.22082459818308875
0.6836221923310215,0.18537348455220962,0.27319884726224786,0.22087604846225536
0.6836266343020619,0.18544600938967137,0.27319884726224786,0.22092752272197624
0.6837446444614947,0.1851996867658575,0.27262247838616716,0.22056423408719983
0.6838076522317561,0.1853448275862069,0.27262247838616716,0.22066713319337533
0.6839819323081456,0.1854174833398667,0.27262247838616716,0.2207186187587494
0.6840416668997517,0.18517065515888584,0.27204610951008645,0.2203548085901027
0.6841465127458725,0.18485086342229198,0.27146974063400575,0.21993929488676162
0.6843786630426718,0.18492343934040048,0.27146974063400575,0.21999065857076133
0.6844199457093348,0.1843553459119497,0.2703170028818444,0.2192100958167796
0.6844681643114046,0.18442784113252064,0.2703170028818444,0.21926133707339882
0.6844796444396225,0.1845003933910307,0.2703170028818444,0.2193126022913257
0.6844988943566889,0.18417945690672963,0.2697406340057637,0.21889616463985034
0.6845034942810586,0.18439716312056736,0.2697406340057637,0.21904984788205006
0.6845645070202563,0.1844698462751281,0.2697406340057637,0.2191011235955056
0.6846756219808886,0.18414826498422712,0.269164265129683,0.21868414891126198
0.6847036318969605,0.18429360694554064,0.269164265129683,0.21878660107753573
0.6847798192528806,0.18436636399526254,0.269164265129683,0.21883786316776008
0.6848489154711397,0.1844391785150079,0.269164265129683,0.2188891492852121
0.684946136913469,0.18465796757611705,0.269164265129683,0.21904315196998125
0.6849995337899404,0.18473101265822786,0.269164265129683,0.21909453436547036
0.6850681008336671,0.184804115552038,0.269164265129683,0.21914594087282968
0.6852067792669959,0.18487727632620743,0.269164265129683,0.21919737150903543
0.6854261937745479,0.18509710661910425,0.269164265129683,0.21935180836073276
0.685445659211398,0.1848472828242761,0.2685878962536023,0.21898496240601503
0.685469539664651,0.18492063492063493,0.2685878962536023,0.2190364277320799
0.6856217615620109,0.18499404525605398,0.2685878962536023,0.21908791725434887
0.6856414041910642,0.1846703733121525,0.2680115273775216,0.21866917470021163
0.6857735777649246,0.18474374255065554,0.2680115273775216,0.21872060206961427
0.6858021221991958,0.18456642800318218,0.2674351585014409,0.21840433043068957
0.6858625141086505,0.18463987266215678,0.2674351585014409,0.21845574387947267
0.6861078606168148,0.18471337579617833,0.2674351585014409,0.2185071815399105
0.6861524837010471,0.18478693747510952,0.2674351585014409,0.21855864342910977
0.6862091999709816,0.18525976641159886,0.26512968299711814,0.21811284969179706
0.6862153560286043,0.18500604594921402,0.26455331412103744,0.21774193548387097
0.6862156526697514,0.1843485276321097,0.2634005763688761,0.21689606074988138
0.6862664865335348,0.1844973758578926,0.2634005763688761,0.21699905033238368
0.6863043214012564,0.1845718901453958,0.2634005763688761,0.2170505818095464
0.6863718760014647,0.18431689571544058,0.2628242074927954,0.2166785459729152
0.6865480979521462,0.18439142741609382,0.2628242074927954,0.21673003802281368
0.6865594976088865,0.18454067179279643,0.2628242074927954,0.21683309557774608
0.6865857702725239,0.18428513568246255,0.2622478386167147,0.2164605137963844
0.6868862525256684,0.18503456689711265,0.2622478386167147,0.21697663328564615
0.6869146985027453,0.1845213849287169,0.2610951008645533,0.21622911694510738
0.6869342077603192,0.1845965770171149,0.2610951008645533,0.21628073525901167
0.6869890220957198,0.18482252141982863,0.2610951008645533,0.2164357381748686
0.6870211178988677,0.18489795918367347,0.2610951008645533,0.21648745519713258
0.6871035653797044,0.18497345855451205,0.2610951008645533,0.2165391969407266
0.6871506959403836,0.18504901960784315,0.2610951008645533,0.21659096342338033
0.6871571425334918,0.18520032706459524,0.2610951008645533,0.21669457067687153
0.6872306032625245,0.18527607361963191,0.2610951008645533,0.2167464114832536
0.6875092343176132,0.1853518821603928,0.2610951008645533,0.2167982770997846
0.6877285799881299,0.18501841997544002,0.26051873198847264,0.21637146960268072
0.687863133472961,0.18524590163934426,0.26051873198847264,0.21652694610778442
0.688068450159704,0.18539786710418377,0.26051873198847264,0.21663072130361852
0.6881596266935267,0.18562628336755646,0.26051873198847264,0.21678657074340527
0.6882387873066684,0.18585526315789475,0.26051873198847264,0.21694264458843293
0.6883645531566468,0.18593171534348005,0.26051873198847264,0.2169947191550648
0.6884480731294192,0.18526142445450802,0.25936599423631124,0.21613832853025938
0.6885929142615368,0.18533772652388797,0.25936599423631124,0.2161902474177276
0.6886323606866147,0.18549051937345423,0.25936599423631124,0.21629416005767843
0.688654996800717,0.18556701030927836,0.25936599423631124,0.21634615384615385
0.6888067430388696,0.18564356435643564,0.25936599423631124,0.2163981726376533
0.6888551187727349,0.18504750103263115,0.25821325648414983,0.21559191530317615
0.6891287169147267,0.18512396694214875,0.25821325648414983,0.21564380264741276
0.6893637602723879,0.18520049607275735,0.25821325648414983,0.21569571497351953
0.689441036744964,0.18494000827472074,0.2576368876080692,0.21531791907514453
0.6895203289884934,0.18460264900662252,0.2570605187319885,0.2148879788002891
0.6897987318756403,0.18426501035196688,0.2564841498559078,0.2144578313253012
0.6898347479572936,0.18358889349357646,0.2553314121037464,0.21359691417550625
0.690083245431123,0.18325041459369817,0.2547550432276657,0.21316614420062696
0.6901500602526157,0.1833264205723766,0.2547550432276657,0.21321755909310175
0.6902608425814417,0.183402489626556,0.2547550432276657,0.21326899879372738
0.6903306282860668,0.18313953488372092,0.25417867435158503,0.21288921071687184
0.6904568224550458,0.18295218295218296,0.25360230547550433,0.21256038647342998
0.6905100015039989,0.18333333333333332,0.25360230547550433,0.21281741233373638
0.6906400108718418,0.1834097540641934,0.25360230547550433,0.21286889211417515
0.6907432743844744,0.18306922435362802,0.25302593659942363,0.21243648681345267
0.690778286613851,0.18288100208768268,0.2524495677233429,0.21210653753026637
0.6910639026766042,0.18311036789297658,0.2524495677233429,0.21226072207414584
0.6910661835986922,0.18318695106649938,0.2524495677233429,0.21231216674745515
0.691121509657889,0.18341708542713567,0.2524495677233429,0.21246665049721078
0.6912374043848843,0.18357082984073764,0.2524495677233429,0.2125697646202378
0.6912942986312414,0.18330536912751677,0.2518731988472622,0.21218742413207087
0.6914173636941258,0.18338229122954258,0.2518731988472622,0.2122389509470617
0.6916726368422382,0.1834592779177162,0.2518731988472622,0.2122905027932961
0.6917751724747667,0.18334735071488645,0.2512968299711816,0.21201069778750306
0.6918103956107856,0.18300378628523348,0.2507204610951009,0.21157587548638132
0.6922310770645167,0.18273684210526317,0.2501440922190202,0.21119221411192216
0.6923027544311614,0.18281381634372368,0.2501440922190202,0.2112436115843271
0.6923375476705348,0.18289085545722714,0.2501440922190202,0.21129503407984424
0.6924713583984349,0.18296795952782463,0.2501440922190202,0.2113464816167519
0.692479130400698,0.1830451286377056,0.2501440922190202,0.21139795421334634
0.6924910807830907,0.18277754326720136,0.24956772334293947,0.21101364522417154
0.6925589498001847,0.18285472972972974,0.24956772334293947,0.21106507433585178
0.6926237797063486,0.18293198141106887,0.24956772334293947,0.21111652852267188
0.6926694074670849,0.18300929839391378,0.24956772334293947,0.2111680078029749
0.6927101131568477,0.18308668076109938,0.24956772334293947,0.21121951219512194
0.6927477979955773,0.18274111675126903,0.2489913544668588,0.21078311783361794
0.6928108812648968,0.18239526026237834,0.2484149855907781,0.2103465104929234
0.6929435033174421,0.18254976704786108,0.2484149855907781,0.21044921874999997
0.6930710057435886,0.18220338983050846,0.2478386167146974,0.21001221001221002
0.6931006501052588,0.1824352991090369,0.2478386167146974,0.21016617790811337
0.6931088938861513,0.1826677994902294,0.2478386167146974,0.21032037172902912
0.6932241399024035,0.1827454313642159,0.2478386167146974,0.21037181996086107
0.6933023044995973,0.18305661983822905,0.2478386167146974,0.21057786483839375
0.6933855804785568,0.18309859154929578,0.24726224783861672,0.21039725355566458
0.6933896022025134,0.18274978650725876,0.24668587896253602,0.2099583026735345
0.693391556346013,0.1828278513455788,0.24668587896253602,0.21000981354268894
0.6935297319493742,0.1829059829059829,0.24668587896253602,0.21006134969325152
0.6935605365653336,0.1831470335339639,0.24553314121037464,0.20980054173848808
0.6938701420529231,0.1832258064516129,0.24553314121037464,0.20985221674876847
0.693937119861527,0.18330464716006883,0.24553314121037464,0.20990391722099036
0.6939953434620363,0.18338355574687903,0.24553314121037464,0.20995564317397733
0.6941519931543062,0.18354157690650583,0.24553314121037464,0.21005917159763315
0.6943378903402003,0.18369987063389392,0.24553314121037464,0.2101628021706956
0.6944237276347218,0.18377911993097498,0.24553314121037464,0.21021465581051074
0.6944948779309734,0.18401727861771058,0.24553314121037464,0.21037037037037037
0.6945603163301534,0.18409680207433016,0.24553314121037464,0.21042232650037043
0.6945811971737361,0.18417639429312582,0.24553314121037464,0.21047430830039526
0.6948357976401682,0.18489583333333334,0.24553314121037464,0.21094330279772222
0.6950966158191351,0.1849761181068172,0.24553314121037464,0.21099554234769688
0.6951816005057372,0.18505647263249347,0.24553314121037464,0.21104780777805301
0.695248316458315,0.18513689700130379,0.24553314121037464,0.21110009910802777
0.6955639958484293,0.18471615720524018,0.24380403458213257,0.2101863354037267
0.6957287820370727,0.18479685452162517,0.24380403458213257,0.2102385685884692
0.6957869798436765,0.18487762237762237,0.24380403458213257,0.21029082774049215
0.696050110587964,0.184958460865763,0.24380403458213257,0.21034311287916457
0.6962627677907858,0.18528252299605782,0.24380403458213257,0.21055251368840222
0.6963027674240333,0.18492550394390886,0.24322766570605187,0.21010704505850136
0.6963736711298775,0.18533157663592445,0.24322766570605187,0.21036889332003988
0.6966291522045435,0.18387239698715108,0.23919308357348704,0.20791583166332664
0.6967690415724324,0.18395390070921985,0.23919308357348704,0.20796792783763468
0.6968875388044582,0.18411712511091394,0.23919308357348704,0.20807219854600154
0.6969980071581383,0.1841988459831336,0.23919308357348704,0.20812437311935808
0.6970383640130777,0.18428063943161635,0.23919308357348704,0.20817657386506147
0.6970455222551012,0.18436250555308753,0.23919308357348704,0.20822880080280987
0.6973731971373316,0.1845264562027568,0.23919308357348704,0.20833333333333334
0.6975592358334801,0.1846085409252669,0.23919308357348704,0.20838563896560386
0.6977860188209183,0.1846906987093903,0.23919308357348704,0.20843797086891008
0.697791683283646,0.18485523385300667,0.23919308357348704,0.20854271356783916
0.6978094907115395,0.18493761140819964,0.23919308357348704,0.20859512440311637
0.6980247493589553,0.18510258697591436,0.23919308357348704,0.20870002514458133
0.6981883002947195,0.1851520572450805,0.23861671469740633,0.20851170989675144
0.698258063911906,0.18523489932885906,0.23861671469740633,0.20856423173803526
0.6983178741370918,0.18531781557743957,0.23861671469740633,0.20861678004535147
0.6983198109555996,0.18540080609046125,0.23861671469740633,0.20866935483870966
0.6983782251796175,0.18556701030927836,0.23861671469740633,0.2087745839636914
0.6984411940763382,0.18536804308797128,0.23804034582132566,0.2084279586172092
0.698822871437133,0.18545127974854064,0.23804034582132566,0.20848056537102475
0.6989968998187983,0.18553459119496854,0.23804034582132566,0.2085331986872002
0.6990725722002643,0.18570143884892087,0.23804034582132566,0.20863854508714325
0.699352358550305,0.1854185418541854,0.23746397694524496,0.208238564569118
0.6993701922431607,0.18521856692203695,0.23688760806916426,0.20789074355083462
0.6993981392525942,0.18530207394048692,0.23688760806916426,0.20794333417657473
0.6995227084141605,0.1855530474040632,0.23688760806916426,0.2081012658227848
0.6995702226590441,0.18518518518518517,0.23631123919308358,0.20764750569764498
0.6997587375537434,0.1853526220614828,0.23631123919308358,0.20775272358753483
0.6998109941565575,0.18577254191209788,0.23631123919308358,0.2080162354134957
0.7000066235234851,0.18633257403189066,0.23573487031700288,0.20814249363867685
0.700092798451651,0.1855905152758778,0.2345821325648415,0.20723014256619146
0.700149516645744,0.18567518248175183,0.2345821325648415,0.2072829131652661
0.7002980156852491,0.18575992697398447,0.2345821325648415,0.2073357106469689
0.7005883326638831,0.1856946354883081,0.2334293948126801,0.2068437180796731
0.7006207914630209,0.18577981651376146,0.2334293948126801,0.2068965517241379
0.7007009299220437,0.18586507572280864,0.2334293948126801,0.20694941236586614
0.7007886273053121,0.18557648139641708,0.23285302593659943,0.20654396728016358
0.700859740915048,0.18520220588235295,0.23227665706051873,0.20608540015341345
0.7008806175360103,0.18537258509659613,0.23227665706051873,0.20619084164748017
0.7010838540375594,0.18516812528788576,0.23170028818443805,0.20583717357910905
0.7012413646061461,0.18525345622119815,0.23170028818443805,0.20588988476312423
0.7012843511474678,0.18533886583679116,0.23170028818443805,0.20594262295081966
0.7017728975213278,0.18542435424354242,0.23170028818443805,0.20599538816295157
0.7018107084412736,0.1855099215505307,0.23170028818443805,0.2060481804202973
0.701939642155614,0.18559556786703602,0.23170028818443805,0.20610099974365548
0.7020094984987938,0.18576709796672827,0.23170028818443805,0.2062067196717107
0.7020261076108181,0.18585298196948682,0.23170028818443805,0.20625962031811187
0.7021050507090474,0.18593894542090658,0.23170028818443805,0.20631254811393382
0.7021864111586018,0.18602498843128182,0.23170028818443805,0.20636550308008214
0.7022516782079116,0.18611111111111112,0.23170028818443805,0.20641848523748396
0.7023157474934524,0.18619731357109773,0.23170028818443805,0.2064714946070878
0.7027520348095598,0.18628359592215013,0.23170028818443805,0.20652453120986386
0.7027981625582098,0.18636995827538247,0.23170028818443805,0.20657759506680373
0.7029680929736004,0.18645640074211503,0.23170028818443805,0.20663068619892058
0.7029995546697297,0.1865429234338747,0.23170028818443805,0.20668380462724933
0.7030799849635518,0.18671620993961913,0.23170028818443805,0.20679012345679013
0.7033432364325592,0.18688981868898186,0.23170028818443805,0.20689655172413793
0.7034822021782677,0.18651162790697676,0.23112391930835735,0.20643500643500642
0.7036778110153795,0.186219739292365,0.23054755043227665,0.20602626834921453
0.7037059154825156,0.1863932898415657,0.23054755043227665,0.20613244009275955
0.703792077308163,0.1864801864801865,0.23054755043227665,0.2061855670103093
0.7040730345184271,0.1865671641791045,0.23054755043227665,0.2062387213199278
0.7041999479120757,0.18665422305179655,0.23054755043227665,0.20629190304280556
0.7042581748554578,0.18691588785046728,0.23054755043227665,0.2064516129032258
0.7042645058030979,0.18700327255726976,0.23054755043227665,0.20650490449148168
0.7043358648663776,0.18709073900841908,0.23054755043227665,0.20655822359927706
0.704381562244599,0.18717828731867103,0.23054755043227665,0.2066115702479339
0.7046334718826314,0.18726591760299627,0.23054755043227665,0.20666494445879618
0.7048215717601741,0.1873536299765808,0.23054755043227665,0.20671834625322996
0.7048772298775396,0.1875293014533521,0.23054755043227665,0.2068252326783868
0.7049449728134882,0.18770530267480057,0.23054755043227665,0.20693222969477496
0.7049909633322727,0.18779342723004694,0.23054755043227665,0.20698576972833116
0.7049923083779456,0.18814675446848542,0.23054755043227665,0.20720020720020718
0.7052306463377228,0.18811881188118812,0.22997118155619597,0.20695020746887968
0.7055585386269233,0.18820754716981133,0.22997118155619597,0.20700389105058367
0.7056050635228305,0.18829636621047663,0.22997118155619597,0.2070576024909185
0.7056081165023612,0.18826868495742669,0.22939481268011527,0.20680696284749286
0.7056936172460204,0.1884469696969697,0.22939481268011527,0.20691447881466077
0.705796879472992,0.18853623874940786,0.22939481268011527,0.20696827873114926
0.7058828367342346,0.18850902184235518,0.22881844380403457,0.20671700078104657
0.7059271739623576,0.18868821292775664,0.22881844380403457,0.20682469393071112
0.705987263452716,0.1887779362815026,0.22881844380403457,0.2068785825951016
0.7059967920884777,0.18886774500475736,0.22881844380403457,0.20693249934844932
0.7060395805358435,0.18895763921941933,0.22881844380403457,0.20698644421272155
0.7060926617430286,0.18866126727012864,0.2282420749279539,0.20657276995305163
0.7061959771021278,0.18875119161105816,0.2282420749279539,0.20662666318810335
0.7062671783104688,0.18893129770992367,0.2282420749279539,0.206734534064213
0.7063039960378729,0.1890214797136038,0.2282420749279539,0.20678851174934726
0.7063987638244777,0.18911174785100288,0.2282420749279539,0.20684251762862366
0.7064144938506935,0.1892021022455805,0.2282420749279539,0.20689655172413793
0.7066144778128906,0.18929254302103252,0.2282420749279539,0.2069506140580089
0.7066308230913831,0.18938307030129126,0.2282420749279539,0.20700470465237847
0.7066368104426491,0.18947368421052632,0.2282420749279539,0.20705882352941177
0.7068272420696167,0.18956438487314506,0.2282420749279539,0.20711297071129708
0.706914118006205,0.18974604695735506,0.2282420749279539,0.20722135007849293
0.706922689361047,0.18992805755395684,0.2282420749279539,0.20732984293193718
0.7070147228375139,0.19001919385796545,0.2282420749279539,0.20738413197172034
0.707090746482123,0.19011041766682668,0.2282420749279539,0.2074384494499738
0.7071268527098462,0.19020172910662825,0.2282420749279539,0.207492795389049
0.7072106836743138,0.19029312830370015,0.2282420749279539,0.20754716981132076
0.7072697868081691,0.19038461538461537,0.2282420749279539,0.20760157273918742
0.7073056403898837,0.1893975903614458,0.22651296829971182,0.2062992125984252
0.707326475215781,0.19096209912536444,0.22651296829971182,0.20722383337727396
0.7074534688272908,0.19278299555116163,0.22478386167146974,0.2075572112825971
0.7077017498932233,0.1923837784371909,0.22420749279538904,0.2070801171147192
0.7079050880827131,0.1915841584158416,0.22305475504322766,0.20612516644474038
0.7081261642642072,0.19167904903417535,0.22305475504322766,0.20618007458710708
0.7081459356987845,0.19127849355797819,0.22247838616714696,0.20570210498268052
0.7083260668341292,0.19116186693147963,0.2219020172910663,0.20538810349426512
0.7083650255961553,0.1912568306010929,0.2219020172910663,0.20544290288153683
0.7086620979515041,0.1914470412729985,0.2219020172910663,0.20555258942872398
0.7086844372799326,0.19182859990034878,0.2219020172910663,0.20577231427044362
0.7087776549981684,0.19161676646706588,0.2213256484149856,0.2054025140411875
0.7087829285452701,0.192096048024012,0.2213256484149856,0.20567755757900374
0.7088258667662484,0.1921921921921922,0.2213256484149856,0.2057326547013126
0.7088812885450012,0.19238476953907815,0.2213256484149856,0.20584293755025465
0.7089481063981963,0.19257773319959878,0.2213256484149856,0.20595333869670152
0.7089692961811659,0.192964824120603,0.2213256484149856,0.2061744966442953
0.7093026998642774,0.1925590749120161,0.22074927953890489,0.20569280343716434
0.709341260091419,0.1926559356136821,0.22074927953890489,0.2057480526457158
0.7093691152815516,0.19275289380976346,0.22074927953890489,0.2058033315421816
0.7095087000990628,0.19284994964753274,0.22074927953890489,0.20585864015049715
0.709749421142426,0.1924433249370277,0.2201729106628242,0.20537634408602148
0.7098528191013677,0.19254032258064516,0.2201729106628242,0.20543156762570583
0.7099069676626781,0.19263741805345436,0.2201729106628242,0.20548682087143627
0.709933632893807,0.19139240506329114,0.21786743515850143,0.2037735849056604
0.7100107961667605,0.19148936170212766,0.21786743515850143,0.2038285252089512
0.7100490219615437,0.1915650406504065,0.21729106628242076,0.20361868755063461
0.7100890778494707,0.1916624300965938,0.21729106628242076,0.2036736898973528
0.7102105948631443,0.19175991861648017,0.21729106628242076,0.20372872196703595
0.7104802843817805,0.19195519348268839,0.21729106628242076,0.20383887537172207
0.7106384992467717,0.19205298013245034,0.21729106628242076,0.20389399675500272
0.7106659144461104,0.19215086646279306,0.21729106628242076,0.20394914795780364
0.7106823683232049,0.1922488526262111,0.21729106628242076,0.20400432900432902
0.7108376310267183,0.19206680584551147,0.21210374639769453,0.20158860586140784
0.7109098966816938,0.191644908616188,0.21152737752161382,0.2010958904109589
0.7110468908991485,0.19194560669456068,0.21152737752161382,0.20126131066630107
0.7110601810287018,0.19204604918890633,0.21152737752161382,0.20131651124520022
0.7110743768265838,0.1924488725747247,0.21152737752161382,0.20153761669412412
0.711116944920515,0.19265091863517061,0.21152737752161382,0.20164835164835163
0.7112364295840858,0.19275210084033614,0.21152737752161382,0.20170376477054136
0.7115603762107642,0.1928533893851813,0.21152737752161382,0.20175920835623964
0.7117103407168338,0.19242902208201892,0.21095100864553315,0.20126477866373385
0.7117196960070767,0.19200420831141504,0.21037463976945245,0.20077007700770075
0.7117199137421967,0.19210526315789472,0.21037463976945245,0.20082530949105915
0.7117921771569045,0.19230769230769232,0.21037463976945245,0.20093586567575009
0.7118323823408921,0.19240906694781235,0.21037463976945245,0.20099118942731276
0.7118503530051198,0.19251054852320676,0.21037463976945245,0.20104654365188654
0.7121923332710622,0.19261213720316622,0.21037463976945245,0.20110192837465565
0.712235157969846,0.19271383315733898,0.21037463976945245,0.2011573436208322
0.7123422464860639,0.1931216931216931,0.21037463976945245,0.2013793103448276
0.7124047857458911,0.1926945473795659,0.20979827089337175,0.2008830022075055
0.7124086353970643,0.19300106044538706,0.20979827089337175,0.20104943385805027
0.7125526271850883,0.19330855018587362,0.20979827089337175,0.201216141514649
0.712629344778953,0.19351408825093036,0.20979827089337175,0.2013274336283186
0.712634708414731,0.19361702127659575,0.20979827089337175,0.20138312586445367
0.7126373390406348,0.19318786588610964,0.20922190201729107,0.20088544548976206
0.7127037200239783,0.19329073482428116,0.20922190201729107,0.2009410462219762
0.7128137661840962,0.19349680170575692,0.20922190201729107,0.2010523400720022
0.7128513712077608,0.1936,0.20922190201729107,0.20110803324099724
0.7131604470857058,0.19327282434596904,0.20864553314121037,0.2006651884700665
0.7135084438742869,0.19337606837606838,0.20864553314121037,0.2007208206265595
0.7135142019951358,0.19294494922501337,0.2080691642651297,0.20022185246810875
0.7136003594482996,0.1925133689839572,0.207492795389049,0.1997226074895978
0.7136531409346515,0.19269994632313472,0.2069164265129683,0.19955530850472486
0.7136622568151029,0.19290703922622246,0.2069164265129683,0.1996662958843159
0.7137063963033802,0.19203873050026896,0.20576368876080692,0.1986644407345576
0.714080030623334,0.19224555735056542,0.20576368876080692,0.1987750556792873
0.7142795646407637,0.19234913793103448,0.20576368876080692,0.19883040935672516
0.7142822121550246,0.19245283018867926,0.20576368876080692,0.1988857938718663
0.7143394741127497,0.1925566343042071,0.20576368876080692,0.19894120925048758
0.7144402660000985,0.1926605504587156,0.20576368876080692,0.19899665551839466
0.7144425013391147,0.1927645788336933,0.20576368876080692,0.1990521327014218
0.7144790699064114,0.19232847109670448,0.20518731988472622,0.19854991634132738
0.7147392622931296,0.19243243243243244,0.20518731988472622,0.19860529986053002
0.7148736414196597,0.19205658324265507,0.20345821325648414,0.19759305905401622
0.7149115307769764,0.19182561307901907,0.20288184438040346,0.19719887955182072
0.715088257584854,0.19203491543917076,0.20288184438040346,0.1973094170403588
0.7152556134910593,0.192223439211391,0.20230547550432276,0.1971356360572873
0.7153646281626306,0.1924342105263158,0.20230547550432276,0.19724641753301486
0.7154105196066135,0.1927512355848435,0.20230547550432276,0.19741282339707536
0.7154180753710746,0.19285714285714287,0.20230547550432276,0.19746835443037974
0.7155883360213748,0.19296316657504123,0.20230547550432276,0.1975239167135622
0.7156149811683774,0.19306930693069307,0.20230547550432276,0.19757951027300874
0.7156273013351837,0.19194704908990623,0.20057636887608069,0.19616685456595265
0.715672385147362,0.19205298013245034,0.20057636887608069,0.19622215957146885
0.7157295631404388,0.1921590281612369,0.20057636887608069,0.19627749576988157
0.7158547120548572,0.19226519337016573,0.20057636887608069,0.19633286318758814
0.715872970200861,0.19237147595356552,0.20057636887608069,0.19638826185101582
0.7159148113155874,0.19258439402324296,0.20057636887608069,0.19649915302089213
0.7161867460939768,0.19269102990033224,0.20057636887608069,0.19655464558034455
0.716250727907855,0.192797783933518,0.20057636887608069,0.1966101694915254
0.7162666357710263,0.1930116472545757,0.20057636887608069,0.1967213114754098
0.7162693024679068,0.19311875693673697,0.20057636887608069,0.1967769296013571
0.7162790052088986,0.1922222222222222,0.1994236311239193,0.19575671852899573
0.7163651998905229,0.19254312743461324,0.1994236311239193,0.1959229898074745
0.7164080466084874,0.19252232142857142,0.1988472622478386,0.19563368301672807
0.7165311795634957,0.1929530201342282,0.1988472622478386,0.1958558047118933
0.7166045141452777,0.19306099608282037,0.1988472622478386,0.1959114139693356
0.7166049759168667,0.19316909294512877,0.1988472622478386,0.19596705481397328
0.7166102160434462,0.19338565022421525,0.1988472622478386,0.19607843137254904
0.7166232062907509,0.19293325855300056,0.19827089337175793,0.1955656623081296
0.7167307653222261,0.19248035914702583,0.19769452449567723,0.1950526016491328
0.716805986592112,0.19258843346434587,0.19769452449567723,0.1951080773606371
0.7170069333805148,0.19213483146067414,0.19711815561959653,0.19459459459459458
0.717095991754019,0.19224283305227655,0.19711815561959653,0.19464997154240182
0.7172840479144937,0.1923509561304837,0.19711815561959653,0.1947053800170794
0.7174939502590909,0.19245920090039392,0.19711815561959653,0.19476082004555806
0.7175800536163077,0.19256756756756757,0.19711815561959653,0.19481629165479922
0.717644907999109,0.19267605633802817,0.19711815561959653,0.19487179487179487
0.7177046164283303,0.19222096956031567,0.19654178674351586,0.1943573667711599
0.7182971304024421,0.19232938522278623,0.19654178674351586,0.19441277080957814
0.7183549346016292,0.19187358916478556,0.19596541786743515,0.19389791844881665
0.7183856391032002,0.1919819311123659,0.19596541786743515,0.1939532230462065
0.7185033127268167,0.192090395480226,0.19596541786743515,0.1940085592011412
0.7185702113713569,0.1916336913510458,0.19538904899135448,0.19349315068493153
0.7185708551247951,0.1917420814479638,0.19538904899135448,0.19354838709677422
0.7185784741045798,0.19185059422750425,0.19538904899135448,0.1936036550542547
0.718767833819689,0.19195922989807473,0.19538904899135448,0.19365895458440444
0.7188237347888455,0.19206798866855523,0.19538904899135448,0.19371428571428573
0.7188305713592865,0.1921768707482993,0.19538904899135448,0.1937696484709917
0.7188502821698949,0.19228587634713556,0.19538904899135448,0.1938250428816467
0.7188612063817811,0.1923950056753689,0.19538904899135448,0.19388046897340577
0.7188634756053174,0.19193639977285634,0.19481268011527378,0.1933638443935927
0.7188897218174312,0.19204545454545455,0.19481268011527378,0.1934191702432046
0.7189997553584714,0.19215463331438318,0.19481268011527378,0.19347452776187749
0.7190083956360628,0.19107551487414187,0.192507204610951,0.19178868791271889
0.7191006181394258,0.19072164948453607,0.19193083573487033,0.1913243320884803
0.7191145583376912,0.19025787965616045,0.19135446685878962,0.19080459770114944
0.7193239702803421,0.18979357798165136,0.19077809798270892,0.19028456453003736
0.7196106340370924,0.19183673469387755,0.18962536023054755,0.1907246376811594
0.7196821065944099,0.19136522753792298,0.18904899135446687,0.19020005798782255
0.719889357252269,0.19147694103911267,0.18904899135446687,0.19025522041763343
0.7199239786218072,0.19158878504672897,0.18904899135446687,0.19031041485349579
0.720014642352534,0.19170075978959672,0.18904899135446687,0.19036564132327335
0.7200980387296234,0.19181286549707602,0.18904899135446687,0.1904208998548621
0.7201620603519658,0.19192510239906377,0.18904899135446687,0.19047619047619047
0.7204153837858815,0.1920374707259953,0.18904899135446687,0.19053151321521933
0.7204627995176811,0.19214997070884593,0.18904899135446687,0.19058686809994188
0.7206161817171597,0.19226260257913247,0.18904899135446687,0.19064225515838418
0.7207925596942005,0.19284414796846575,0.18328530259365994,0.18794326241134754
0.7208787769901045,0.1929611650485437,0.18328530259365994,0.18799881761749926
0.7209575338098579,0.19331306990881458,0.18328530259365994,0.1881656804733728
0.7209854208343472,0.19343065693430658,0.18328530259365994,0.18822136726842262
0.7210283007404902,0.1935483870967742,0.18328530259365994,0.1882770870337478
0.7211419055270419,0.19390243902439025,0.18328530259365994,0.18844444444444447
0.7213733891828973,0.19402074435631483,0.18328530259365994,0.1885002963841138
0.7214648004203458,0.19352869352869354,0.18270893371757926,0.18796323747405871
0.7214954739495495,0.19364691508857668,0.18270893371757926,0.18801897983392646
0.7215382856311346,0.19315403422982885,0.18213256484149856,0.1874814595075645
0.7215809485365209,0.19327217125382262,0.18213256484149856,0.18753709198813057
0.7217483891207396,0.193390452876377,0.18213256484149856,0.18759275749480558
0.7218456780407142,0.19350887936313532,0.18213256484149856,0.18764845605700714
0.7219335159187068,0.19362745098039216,0.18213256484149856,0.1877041877041877
0.7219405402438666,0.19313304721030042,0.18155619596541786,0.18716577540106952
0.7220304152874931,0.19325153374233128,0.18155619596541786,0.18722139673105498
0.7220570514926063,0.19337016574585636,0.18155619596541786,0.18727705112960757
0.7221409127619547,0.1934889434889435,0.18155619596541786,0.18733273862622657
0.7221438073549084,0.1937269372693727,0.18155619596541786,0.18744421303183575
0.7223730705106913,0.19384615384615383,0.18155619596541786,0.18749999999999997
0.7224571868817163,0.1945645460160593,0.18155619596541786,0.18783542039355994
0.722538189609837,0.19406674907292953,0.1809798270893372,0.18729495973754845
0.7225495855230456,0.19454770755885997,0.1809798270893372,0.18751866228724995
0.7227347138140892,0.19428926132836746,0.18040345821325648,0.187089061566049
0.7227676712043353,0.19390926041019266,0.17982708933717578,0.18660287081339713
0.7227924469033703,0.194375,0.1792507204610951,0.18650674662668668
0.7229726697533535,0.19411396368190356,0.1786743515850144,0.18607442977190874
0.7229877823666768,0.1949685534591195,0.1786743515850144,0.18646616541353386
0.7230336938398879,0.19446192573945878,0.1780979827089337,0.18592057761732853
0.7231763354079641,0.19527760051052967,0.17636887608069166,0.18534221683827984
0.7231866747510171,0.19540229885057472,0.17636887608069166,0.1853983641320812
0.7232796674659417,0.19577735124760076,0.17636887608069166,0.18556701030927836
0.7233446217188498,0.1960281870595772,0.17636887608069166,0.1856796116504854
0.7235128648902003,0.19563822963438102,0.17579250720461095,0.18518518518518517
0.7235312000350915,0.19588953114964675,0.17579250720461095,0.18529769137302549
0.723591815219719,0.19601542416452442,0.17579250720461095,0.18535399574597386
0.7236200163211308,0.19614147909967847,0.17579250720461095,0.18541033434650456
0.7237603284016516,0.1956241956241956,0.17521613832853025,0.18485861964122832
0.7238765938161805,0.1957501609787508,0.17521613832853025,0.1849148418491484
0.7239503829058115,0.19600257898130238,0.17521613832853025,0.18502738892270237
0.7239807081719745,0.19612903225806452,0.17521613832853025,0.18508371385083713
0.7240974223300962,0.1965093729799612,0.17521613832853025,0.18525289457647776
0.7242049651663622,0.19714656290531776,0.17521613832853025,0.18553555080866646
0.7242237481526789,0.1974025974025974,0.17521613832853025,0.18564885496183203
0.7242300780874651,0.1976592977893368,0.17521613832853025,0.18576229758631227
0.724274646203459,0.19713728041639558,0.17463976945244958,0.1852078239608802
0.724454235866965,0.197265625,0.17463976945244958,0.18526444512381535
0.7247143076180407,0.1973941368078176,0.17463976945244958,0.18532110091743118
0.7247232108291726,0.19725669497060744,0.17406340057636888,0.18493570116350275
0.7247474984177638,0.19686069326357097,0.17348703170028817,0.18443627450980393
0.7249701307977476,0.19633507853403143,0.1729106628242075,0.18387986515476554
0.7249938325007793,0.19646365422396855,0.1729106628242075,0.18393623543838136
0.7250185037273394,0.19593709043250326,0.1723342939481268,0.1833793314934069
0.7250397021067966,0.1960655737704918,0.1723342939481268,0.18343558282208586
0.7251565809814048,0.19473684210526315,0.17060518731988472,0.18187403993855605
0.7252109885942013,0.19486504279131006,0.17060518731988472,0.1819299323909035
0.7254002588897616,0.19499341238471674,0.17060518731988472,0.18198585920688595
0.725436631057526,0.19525065963060687,0.17060518731988472,0.18209781605659797
0.7255326961727513,0.1955085865257596,0.17060518731988472,0.18220991074176668
0.7255975360755063,0.19589675711449372,0.17060518731988472,0.18237831176833028
0.72561843902528,0.19602649006622516,0.17060518731988472,0.18243451463790447
0.7256281227308896,0.19615639496355203,0.17060518731988472,0.18249075215782984
0.7257140706415748,0.1962864721485411,0.17060518731988472,0.18254702436016035
0.7257382645378908,0.1964167219641672,0.17060518731988472,0.1826033312769895
0.7259437837745703,0.19654714475431606,0.17060518731988472,0.18265967294045046
0.7262355601593652,0.19931506849315067,0.16772334293948127,0.18215962441314554
0.7262534291056401,0.19945167923235094,0.16772334293948127,0.18221665623043207
0.7262638451313785,0.19835277968428278,0.1665706051873199,0.18107769423558895
0.7262778245152358,0.1978021978021978,0.1659942363112392,0.18050767784393607
0.7263195567900667,0.19807427785419532,0.1659942363112392,0.180620884289746
0.7263360730371585,0.19834710743801653,0.1659942363112392,0.18073423282083462
0.7263665388266147,0.19848380427291523,0.1659942363112392,0.18079096045197737
0.7264158913146941,0.1990324809951624,0.1659942363112392,0.18101822752985544
0.7266620447232062,0.19930795847750865,0.1659942363112392,0.18113207547169816
0.7267975584505063,0.1994459833795014,0.1659942363112392,0.1811890531613715
0.7268141608614265,0.1995841995841996,0.1659942363112392,0.18124606670862176
0.7268347249213555,0.19972260748959778,0.1659942363112392,0.1813031161473088
0.726868187328633,0.2,0.1659942363112392,0.18141732283464568
0.7270075122647784,0.20013898540653233,0.1659942363112392,0.18147448015122872
0.7271390164825415,0.19958129797627355,0.16484149855907781,0.18055555555555555
0.727203622702465,0.19972067039106145,0.16484149855907781,0.1806125670982002
0.7273234718599318,0.19986023759608665,0.16484149855907781,0.18066961465571701
0.7273817659855321,0.2,0.16484149855907781,0.1807266982622433
0.7274791693357205,0.2001399580125962,0.16484149855907781,0.18078381795195952
0.7278298107041764,0.20028011204481794,0.16484149855907781,0.18084097375908947
0.7279614077561033,0.20042046250875964,0.16484149855907781,0.18089816571790004
0.7279844760400292,0.2002840909090909,0.16253602305475504,0.17944638880050906
0.7280299502526465,0.20042643923240938,0.16253602305475504,0.17950350095480583
0.7280509246325491,0.200711743772242,0.16253602305475504,0.17961783439490447
0.7280558661864628,0.20085470085470086,0.16253602305475504,0.17967505575023893
0.7281205856478297,0.20114122681883023,0.16253602305475504,0.17978960790564233
0.7281965545010278,0.20057102069950036,0.16195965417867436,0.1792091836734694
0.7282532194250282,0.20014295925661185,0.16138328530259366,0.1786853860880664
0.7285395760037167,0.19957081545064378,0.16080691642651296,0.17810405362272583
0.7286181294151981,0.1998567335243553,0.16080691642651296,0.1782178217821782
0.7286257540777501,0.1994261119081779,0.16023054755043228,0.17769255353147972
0.7289262711777557,0.1997126436781609,0.16023054755043228,0.17780620402942116
0.7292269455996503,0.19985621854780733,0.16023054755043228,0.17786308381317978
0.729252651103844,0.2,0.16023054755043228,0.17792
0.729292103368602,0.20014398848092152,0.16023054755043228,0.17797695262483992
0.7292980429798291,0.20028818443804033,0.16023054755043228,0.17803394172270254
0.7294232576522737,0.20043258832011535,0.16023054755043228,0.17809096732863547
0.7294638077802165,0.2007220216606498,0.16023054755043228,0.1782051282051282
0.7296964744590491,0.20014450867052022,0.15965417867435158,0.17762103238217378
0.7297232356489984,0.2002892263195951,0.15965417867435158,0.17767799871712636
0.7297541777180929,0.20043415340086831,0.15965417867435158,0.1777350016041065
0.7297815176738701,0.2005792903692976,0.15965417867435158,0.17779204107830554
0.7297966510642617,0.20101596516690856,0.15965417867435158,0.17796337937680692
0.7298504674210294,0.20043572984749455,0.15907780979827088,0.1773778920308483
0.7299354716424179,0.2,0.1585014409221902,0.17684887459807075
0.7299717127828261,0.20014556040756915,0.1585014409221902,0.17690575747828885
0.730068564918684,0.1995630007283321,0.1579250720461095,0.1763191763191763
0.7300917153656769,0.199854121079504,0.1579250720461095,0.17643271088216356
0.7303964118486383,0.19927007299270072,0.15734870317002883,0.17584541062801937
0.7306377119193423,0.19941563184806427,0.15734870317002883,0.1759020618556701
0.7306640817098431,0.19956140350877194,0.15734870317002883,0.17595874959716404
0.7309449819252536,0.19985358711566617,0.15734870317002883,0.1760722347629797
0.7310004768290703,0.2,0.15734870317002883,0.1761290322580645
0.7310099159635831,0.2001466275659824,0.15734870317002883,0.17618586640851888
0.7310639514858892,0.20029347028613353,0.15734870317002883,0.17624273724983863
0.7311024778583135,0.2005878030859662,0.15734870317002883,0.1763565891472868
0.7312822521294874,0.20029455081001474,0.15677233429394813,0.175881021661817
0.7315101810984684,0.19985250737463126,0.15619596541786743,0.17534778388870914
0.7315951311996373,0.2,0.15619596541786743,0.17540453074433654
0.7316448587535787,0.20014771048744462,0.15619596541786743,0.1754613143412108
0.7317165583524193,0.20029563932002956,0.15619596541786743,0.1755181347150259
0.7317555747437197,0.20044378698224852,0.15619596541786743,0.17557499190152254
0.7319258383406949,0.2005921539600296,0.15619596541786743,0.17563188593648738
0.7319685881618659,0.20074074074074075,0.15619596541786743,0.17568881685575363
0.7321414315529265,0.20088954781319496,0.15619596541786743,0.17574578469520102
0.7321875425686686,0.2011878247958426,0.15619596541786743,0.17585983127839067
0.7323213167588101,0.20163690476190477,0.15619596541786743,0.17603117895420592
0.732408893845987,0.20178704393149666,0.15619596541786743,0.1760883690708252
0.7327846179039501,0.20193740685543965,0.15619596541786743,0.17614559636009097
0.7328898617769172,0.20104633781763825,0.15504322766570605,0.1750732183534006
0.7329394340896173,0.2011967090501122,0.15504322766570605,0.17513020833333334
0.7332936298181915,0.20149812734082398,0.15504322766570605,0.17524429967426708
0.7332963288096624,0.20164917541229385,0.15504322766570605,0.17530140110785272
0.733375794385971,0.2010502625656414,0.15446685878962535,0.17470664928292046
0.733410181213668,0.20060105184072127,0.15389048991354468,0.1741682974559687
0.7334255219399123,0.20105421686746988,0.15389048991354468,0.1743388834476004
0.7335163717962224,0.20120572720422006,0.15389048991354468,0.1743958197256695
0.7335448369955855,0.20135746606334842,0.15389048991354468,0.17445279320483503
0.7337588874964253,0.20150943396226415,0.15389048991354468,0.17450980392156865
0.7341078417996804,0.20166163141993956,0.15389048991354468,0.17456685191238966
0.7341896755235947,0.2018140589569161,0.15389048991354468,0.17462393721386527
0.734264289637083,0.20196671709531014,0.15389048991354468,0.1746810598626104
0.7342943430359828,0.20211960635881907,0.15389048991354468,0.17473821989528796
0.7343046546389669,0.2015151515151515,0.15331412103746397,0.17414075286415712
0.7343144399714856,0.20166793025018953,0.15331412103746397,0.1741977734119188
0.7343846532254634,0.20197418375094914,0.15331412103746397,0.1743119266055046
0.7344058404302578,0.20212765957446807,0.15331412103746397,0.17436905932481153
0.734543715108375,0.20228136882129277,0.15331412103746397,0.17442622950819672
0.7347299186382699,0.2024353120243531,0.15331412103746397,0.17448343719252216
0.7347661225938616,0.2027439024390244,0.15331412103746397,0.1745979652116836
0.7348850958288881,0.2028985507246377,0.15331412103746397,0.17465528562048588
0.7350792058581603,0.20305343511450383,0.15331412103746397,0.17471264367816092
0.7350860960252513,0.20320855614973263,0.15331412103746397,0.1747700394218134
0.7351690685063191,0.20259938837920488,0.15273775216138327,0.17417022674991783
0.7352596561989202,0.2029096477794793,0.15273775216138327,0.1742847747451496
0.7353891309728275,0.20306513409961685,0.15273775216138327,0.1743421052631579
0.7355757330174516,0.20276497695852536,0.1521613832853026,0.1738557787290089
0.7356414268286593,0.20292083013066872,0.1521613832853026,0.17391304347826086
0.7356497856621712,0.20307692307692307,0.1521613832853026,0.17397034596375618
0.7356710215752376,0.20246343341031564,0.1515850144092219,0.17336849044166117
0.7358249422382869,0.20279720279720279,0.15043227665706052,0.1727332892124421
0.7358381858028121,0.20217729393468117,0.14985590778097982,0.17212843429328037
0.7358885049860139,0.20233463035019456,0.14985590778097982,0.17218543046357615
0.7359451575132298,0.20249221183800623,0.14985590778097982,0.17224246439218285
0.7359520296505317,0.20265003897116135,0.14985590778097982,0.1722995361166335
0.7363622158185559,0.20392156862745098,0.14985590778097982,0.17275747508305644
0.736371596502292,0.20408163265306123,0.14985590778097982,0.17281488866733136
0.7364118236791874,0.20393700787401575,0.14927953890489915,0.1723793677204659
0.736535017412003,0.2040977147360126,0.14927953890489915,0.17243675099866843
0.7365534237437381,0.20441988950276244,0.14927953890489915,0.17255163224516992
0.7365640204469527,0.20474308300395258,0.14927953890489915,0.1726666666666667
0.7367559176794215,0.205229793977813,0.14927953890489915,0.1728395061728395
0.737265502988838,0.20539254559873116,0.14927953890489915,0.17289719626168226
0.7375557269379248,0.20476190476190476,0.14870317002881844,0.17228714524207012
0.7375869698885,0.20492454328832407,0.14870317002881844,0.17234468937875752
0.7376756750106895,0.2052505966587112,0.14870317002881844,0.17245989304812834
0.737687552696396,0.20447284345047922,0.14755043227665707,0.17140944091061264
0.7376951767625024,0.20463629096722621,0.14755043227665707,0.17146684527796385
0.7377077811917472,0.2048,0.14755043227665707,0.1715242881072027
0.7378160278889083,0.20416333066453163,0.14697406340057637,0.17091152815013402
0.7379252212787883,0.20432692307692307,0.14697406340057637,0.1709688233322159
0.7382363762365978,0.2036888532477947,0.14639769452449566,0.170355466130114
0.7382521212441999,0.20321285140562248,0.145821325648415,0.1697986577181208
0.7383340869300717,0.20353982300884957,0.145821325648415,0.1699126930826058
0.7388486701984934,0.2037037037037037,0.145821325648415,0.16996976822304333
0.7389794354792689,0.2033898305084746,0.1452449567723343,0.16946872898453264
0.7389924154031583,0.20371867421180276,0.1452449567723343,0.16958277254374157
0.7393173416657097,0.20388349514563106,0.1452449567723343,0.16963985190171657
0.7393632903444289,0.2040485829959514,0.1452449567723343,0.1696969696969697
0.7395750928229344,0.2034035656401945,0.14466858789625361,0.16908049848433818
0.7396581006739513,0.20802005012531327,0.1435158501440922,0.16984993178717595
0.7396847018618726,0.20753138075313807,0.14293948126801154,0.16928327645051194
0.7398670915018393,0.20770519262981574,0.14293948126801154,0.1693410720382383
0.7399481422080818,0.20787929589270746,0.14293948126801154,0.16939890710382516
0.7401639718645389,0.2080536912751678,0.14293948126801154,0.1694567816877349
0.7402117043647599,0.20840336134453782,0.14293948126801154,0.1695726495726496
0.7402910151975457,0.2079124579124579,0.14236311239193083,0.16900444748546015
0.7405762362970563,0.20826306913996628,0.14236311239193083,0.1691201643272852
0.7407287249106769,0.20861486486486486,0.14236311239193083,0.16923603973963686
0.7409336224159254,0.20794590025359255,0.14178674351585013,0.16860863605209045
0.7409904873068952,0.20727580372250423,0.14121037463976946,0.16798080219403497
0.7410108522466338,0.20745131244707873,0.14121037463976946,0.16803840877914952
0.7410277235359132,0.2076271186440678,0.14121037463976946,0.1680960548885077
0.7412073603512029,0.20780322307039864,0.14121037463976946,0.16815374056280027
0.7413331330794938,0.20797962648556875,0.14121037463976946,0.16821146584277377
0.741346915535437,0.20833333333333334,0.14121037463976946,0.1683270353830299
0.7413707962887698,0.20868824531516184,0.14121037463976946,0.16844276383636989
0.7413953837853298,0.20804794520547945,0.14005763688760806,0.16741302101274544
0.7413977763363672,0.20822622107969152,0.14005763688760806,0.16747070985527224
0.7414156191318142,0.20840480274442538,0.14005763688760806,0.16752843846949328
0.7414297644215876,0.20876288659793815,0.14005763688760806,0.16764401517764746
0.7416568668160576,0.20894239036973344,0.14005763688760806,0.16770186335403728
0.7418300729321411,0.20930232558139536,0.14005763688760806,0.16781767955801102
0.7418923569360637,0.20948275862068966,0.14005763688760806,0.16787564766839375
0.7419920143916786,0.20898100172711573,0.13948126801152738,0.16730038022813687
0.7423060914822416,0.2093425605536332,0.13948126801152738,0.16741611898996886
0.742343304789833,0.20952380952380953,0.13948126801152738,0.16747404844290656
0.7423511210959974,0.20883882149046792,0.13890489913544668,0.16683973693319484
0.7424250552523082,0.20815264527320035,0.138328530259366,0.16620498614958448
0.7426608146458369,0.20869565217391303,0.138328530259366,0.1663778162911612
0.7426742399669488,0.20887728459530025,0.138328530259366,0.16643550624133147
0.7428101994323727,0.2092414995640802,0.138328530259366,0.16655100624566274
0.742837155745133,0.2096069868995633,0.138328530259366,0.16666666666666666
0.7429440809856345,0.21015761821366025,0.138328530259366,0.16684045881126172
0.7430017196809168,0.210896309314587,0.138328530259366,0.16707274625826662
0.7430564898110457,0.21108179419525067,0.138328530259366,0.1671309192200557
0.7431201169428561,0.21131741821396993,0.1377521613832853,0.16678297278436843
0.7432186279633556,0.21010638297872342,0.13659942363112393,0.16556060076842474
0.7433348787778747,0.21047957371225579,0.13659942363112393,0.1656763369451241
0.7433840425694187,0.21066666666666667,0.13659942363112393,0.16573426573426575
0.7433845980233539,0.21085409252669038,0.13659942363112393,0.16579223504721932
0.7434077122515355,0.2103386809269162,0.13602305475504323,0.16520826041302064
0.7435499806909346,0.21090259159964253,0.13602305475504323,0.16538192011212333
0.7438298205313173,0.2110912343470483,0.13602305475504323,0.16543988783736419
0.7438789959717321,0.21038495971351837,0.13544668587896252,0.16479663394109395
0.7439257590155696,0.21076233183856502,0.13544668587896252,0.16491228070175437
0.7440452717337124,0.21024258760107817,0.13487031700288185,0.1643258426966292
0.7441454804257113,0.210431654676259,0.13487031700288185,0.1643835616438356
0.7442638776876506,0.20972097209720972,0.13429394812680115,0.16373858046380885
0.7443419885302804,0.209009009009009,0.13371757925072045,0.16309314586994728
0.7444150290203834,0.20848375451263537,0.13314121037463977,0.16250439676398173
0.7444594377207395,0.20904977375565612,0.13314121037463977,0.16267605633802817
0.744654498586764,0.2089009990917348,0.13256484149855907,0.16220028208744713
0.7446611497911636,0.20909090909090908,0.13256484149855907,0.1622574955908289
0.7446653116038692,0.2083712465878071,0.1319884726224784,0.16160903316866618
0.7447528534955093,0.2091324200913242,0.1319884726224784,0.1618374558303887
0.7447725412981937,0.2093235831809872,0.1319884726224784,0.16189466242488512
0.7447786817242864,0.2087912087912088,0.1314121037463977,0.1613017332861691
0.744804946275784,0.20898258478460127,0.1314121037463977,0.1613588110403397
0.7449735812761118,0.20917431192660552,0.1314121037463977,0.16141592920353984
0.7450097016862982,0.20955882352941177,0.1314121037463977,0.16153028692879914
0.7450715162578712,0.20975160993560257,0.1314121037463977,0.16158752657689582
0.7451637369022116,0.20994475138121546,0.1314121037463977,0.16164480680609714
0.7452701933012631,0.21013824884792626,0.1314121037463977,0.16170212765957445
0.7456665720297315,0.21033210332103322,0.1314121037463977,0.1617594891805605
0.7456898578315719,0.21052631578947367,0.1314121037463977,0.1618168914123492
0.7457991105364233,0.2111111111111111,0.1314121037463977,0.16198934280639432
0.745895439916488,0.211306765523633,0.1314121037463977,0.16204690831556504
0.7459163020429882,0.21189591078066913,0.1314121037463977,0.1622198505869797
0.7459591814081865,0.2122905027932961,0.1314121037463977,0.1623353506585974
0.7459660295969296,0.2124883504193849,0.1314121037463977,0.1623931623931624
0.746024028067566,0.2126865671641791,0.1314121037463977,0.16245101531884576
0.7460519534636973,0.21288515406162464,0.1314121037463977,0.16250890947968638
0.7463162287694384,0.2130841121495327,0.1314121037463977,0.16256684491978612
0.7465140335449603,0.21328344246959777,0.1314121037463977,0.16262482168330958
0.7465214199101853,0.21368322399250234,0.1314121037463977,0.1627408993576017
0.74658182907834,0.21388367729831145,0.1314121037463977,0.16279900035701536
0.7466006610108441,0.21448730009407338,0.1314121037463977,0.1629735525375268
0.7466337113039374,0.21489161168708765,0.1314121037463977,0.1630901287553648
0.7467695919252855,0.21570482497634816,0.1314121037463977,0.16332378223495703
0.7469638512431959,0.2159090909090909,0.1314121037463977,0.16338230025080616
0.7470487231813785,0.21516587677725119,0.130835734870317,0.16272401433691758
0.7471601417259489,0.21537001897533206,0.130835734870317,0.16278235926855503
0.7472196007398141,0.21557454890788225,0.130835734870317,0.16284074605451937
0.7473491579786024,0.21680993314231137,0.130835734870317,0.1631919482386772
0.7473727773638623,0.21722488038277513,0.130835734870317,0.16330935251798562
0.7475282783508709,0.21847930702598653,0.130835734870317,0.16366258111031
0.7476739808163598,0.2186897880539499,0.130835734870317,0.16372160115398487
0.7477118301110731,0.21793635486981677,0.13025936599423632,0.16305916305916307
0.7477433933546346,0.21835748792270532,0.13025936599423632,0.16317689530685922
0.7477506735901319,0.218568665377176,0.13025936599423632,0.1632358252076562
0.7479071694772711,0.21781219748305905,0.12968299711815562,0.1625722543352601
0.7480014721041011,0.21823472356935014,0.12968299711815562,0.16268980477223427
0.7481579088168782,0.2174757281553398,0.12910662824207492,0.16202531645569618
0.7481690583627525,0.2178988326848249,0.12910662824207492,0.1621425986246833
0.7482680803661753,0.2181110029211295,0.12910662824207492,0.16220130340333092
0.7483134095008187,0.21832358674463936,0.12910662824207492,0.16226005070626584
0.748414374490271,0.21896383186705767,0.12910662824207492,0.16243654822335027
0.7484391759461992,0.2196078431372549,0.12910662824207492,0.16261343012704174
0.7484994763339083,0.2198233562315996,0.12910662824207492,0.1626724763979666
0.7485232559159319,0.2204724409448819,0.12910662824207492,0.16284987277353688
0.7486720390956654,0.2206896551724138,0.12910662824207492,0.1629090909090909
0.748709010020818,0.22090729783037474,0.12910662824207492,0.16296835212804656
0.7488213651253468,0.2211253701875617,0.12910662824207492,0.16302765647743814
0.7488255489722966,0.22134387351778656,0.12910662824207492,0.16308700400436837
0.7489073364721893,0.22178217821782178,0.12910662824207492,0.16320582877959924
0.7489875419177795,0.22101090188305253,0.12853025936599424,0.16253644314868806
0.7490053326016132,0.2214498510427011,0.12853025936599424,0.162654996353027
0.7490118350772665,0.2216699801192843,0.12853025936599424,0.1627143378329077
0.7490509302220658,0.22022022022022023,0.12680115273775217,0.16093635698610095
0.7490581225298115,0.22066198595787362,0.12680115273775217,0.16105417276720352
0.749247597453124,0.2232606438213915,0.1239193083573487,0.1593773165307635
0.7492637297407568,0.22245322245322247,0.12334293948126801,0.15869484612532442
0.7495562154667307,0.222684703433923,0.12334293948126801,0.15875370919881304
0.7496610732820143,0.22291666666666668,0.12334293948126801,0.1588126159554731
0.749661227867472,0.22314911366006257,0.12334293948126801,0.1588715664439495
0.7500269712575489,0.22338204592901878,0.12334293948126801,0.15893056071295952
0.7500316028169818,0.22361546499477533,0.12334293948126801,0.15898959881129274
0.7500667597220266,0.22280334728033474,0.12276657060518732,0.15830546265328874
0.7501445944490744,0.22280887011615627,0.12161383285302593,0.15734526472781507
0.7503116866329552,0.2219873150105708,0.12103746397694524,0.1566579634464752
0.7503127639462286,0.2222222222222222,0.12103746397694524,0.15671641791044774
0.7503847861573263,0.22139830508474576,0.12046109510086456,0.15602836879432622
0.7504135986573268,0.22163308589607636,0.12046109510086456,0.15608663181478716
0.7504160326047884,0.2218683651804671,0.12046109510086456,0.15614493836384014
0.7504800569947851,0.22257720979765708,0.12046109510086456,0.15632011967090503
0.7505728231224998,0.2235294117647059,0.12046109510086456,0.15655430711610488
0.7505974896270202,0.22269807280513917,0.11988472622478386,0.15586361933308354
0.7506887743347758,0.22293676312968919,0.11988472622478386,0.15592203898050974
0.7507340667831783,0.22365591397849463,0.11988472622478386,0.15609756097560978
0.7507574835866152,0.22306034482758622,0.11930835734870317,0.1554637626736763
0.7507595515632408,0.22354211663066956,0.11930835734870317,0.15558060879368657
0.7508031508268961,0.22378378378378377,0.11930835734870317,0.15563909774436088
0.7508414753643623,0.22402597402597402,0.11930835734870317,0.15569763068822864
0.750876240963754,0.22513661202185792,0.11873198847262248,0.15547169811320755
0.750958367035096,0.22538293216630198,0.11873198847262248,0.15553038882597206
0.7509686962959751,0.22453450164293537,0.11815561959654179,0.15483383685800603
0.7510080364175004,0.22478070175438597,0.11815561959654179,0.15489233094068758
0.7511612417088939,0.22502744237102085,0.11815561959654179,0.15495086923658352
0.7512045223288244,0.22552255225522552,0.11815561959654179,0.15506807866868383
0.7512182851685772,0.22577092511013216,0.11815561959654179,0.15512674990541053
0.751220773252474,0.22566371681415928,0.11757925072046109,0.1546040166729822
0.7517527705135945,0.22505543237250555,0.1170028818443804,0.15396283655669324
0.7517784999026478,0.2229654403567447,0.11527377521613832,0.15197568389057747
0.7518707206634698,0.22209821428571427,0.11469740634005764,0.15127328012162677
0.7519550032588058,0.2223463687150838,0.11469740634005764,0.15133079847908745
0.7519821075871583,0.22284434490481522,0.11469740634005764,0.15144596651445966
0.7520200017085485,0.22359550561797753,0.11469740634005764,0.1516190476190476
0.7520373101583215,0.22384701912260968,0.11469740634005764,0.15167682926829268
0.7520568881408267,0.22639362912400454,0.11469740634005764,0.15225707727620505
0.7521021277798905,0.23269689737470167,0.11239193083573487,0.15157403808783523
0.7521309257202908,0.2314148681055156,0.11123919308357348,0.15025301673803035
0.752140190411907,0.23169267707082833,0.11123919308357348,0.1503115264797508
0.7521914818004297,0.23197115384615385,0.11123919308357348,0.15037008180755745
0.7524306665963866,0.2322503008423586,0.11123919308357348,0.15042868277474666
0.7526008315074049,0.2325301204819277,0.11123919308357348,0.15048732943469786
0.752604935066634,0.23309178743961353,0.11123919308357348,0.15060476004682014
0.7527050280171788,0.23272727272727273,0.1106628242074928,0.15
0.7527195573546698,0.23236009732360097,0.1100864553314121,0.14939382088384828
0.7528676105040886,0.23227383863080683,0.10951008645533142,0.14884449667058364
0.7530932018900944,0.23284313725490197,0.10951008645533142,0.14896119168953353
0.7532264994465094,0.2331288343558282,0.10951008645533142,0.14901960784313725
0.7532359552741202,0.2334152334152334,0.10951008645533142,0.14907806983130636
0.7532405661695731,0.23399014778325122,0.10951008645533142,0.149195131527287
0.7535418356966155,0.2342786683107275,0.10951008645533142,0.1492537313432836
0.7536371937265326,0.23485784919653893,0.10951008645533142,0.14937106918238996
0.7539787796043176,0.23391089108910892,0.10893371757925072,0.1486433346441211
0.7541391631236168,0.23449131513647642,0.10893371757925072,0.1487603305785124
0.7542264879851799,0.23507462686567165,0.10893371757925072,0.14887751083103584
0.7542483222591186,0.23536737235367372,0.10893371757925072,0.14893617021276598
0.754705692690899,0.23566084788029926,0.10893371757925072,0.14899487583760346
0.7547809544713271,0.235,0.10835734870317003,0.14832347140039445
0.7548303899145957,0.23647798742138365,0.10835734870317003,0.14861660079051384
0.7549888230165778,0.23581336696090793,0.10778097982708934,0.14794303797468353
0.7552413943472591,0.23640960809102401,0.10778097982708934,0.14806017418844022
0.7552648296644128,0.23574144486692014,0.10720461095100864,0.14738510301109348
0.7557760839836773,0.2366412213740458,0.10720461095100864,0.14756049186830622
0.7558256439162608,0.2356687898089172,0.10662824207492795,0.14682539682539683
0.7558377040984078,0.23657289002557544,0.10662824207492795,0.14700039729837105
0.7559161807392878,0.2358974358974359,0.10605187319884726,0.1463220675944334
0.7560053556182199,0.2362002567394095,0.10605187319884726,0.14638027048528243
0.756132584891751,0.2365038560411311,0.10605187319884726,0.14643851969757263
0.7562640786379988,0.23772609819121446,0.10605187319884726,0.14667198086887204
0.756553281799909,0.23704663212435234,0.10547550432276658,0.14599122457120065
0.7565904886542684,0.23735408560311283,0.10547550432276658,0.14604948124501196
0.756885269619177,0.24930747922437674,0.1037463976945245,0.14652014652014653
0.7570142863137257,0.24965325936199723,0.1037463976945245,0.1465798045602606
0.7571165247184489,0.2479108635097493,0.10259365994236311,0.14512841418671013
0.7571592689502956,0.24686192468619247,0.10201729106628242,0.14437194127243066
0.757470577906241,0.2482468443197756,0.10201729106628242,0.14460784313725492
0.7576346972744882,0.24859550561797752,0.10201729106628242,0.14466693910911319
0.7578484899980445,0.2489451476793249,0.10201729106628242,0.14472608340147178
0.7580715085062036,0.24858757062146894,0.10144092219020173,0.1440851412198117
0.7583240016549392,0.24787535410764872,0.10086455331412104,0.14338385907414994
0.7583817668181718,0.24822695035460993,0.10086455331412104,0.14344262295081966
0.758388434084313,0.24536376604850213,0.09913544668587897,0.1412151067323481
0.7584056805018542,0.24428571428571427,0.09855907780979827,0.14045174537987679
0.7591247753271556,0.2446351931330472,0.09855907780979827,0.14050944946589974
0.7591993855948347,0.24498567335243554,0.09855907780979827,0.1405672009864365
0.7592726956701564,0.2446043165467626,0.09798270893371758,0.13991769547325103
0.7594677623997336,0.24566473988439305,0.09798270893371758,0.1400906468891636
0.7599289752126747,0.2460202604920405,0.09798270893371758,0.14014839241549876
0.760233825111284,0.2467343976777939,0.09798270893371758,0.14026402640264027
0.7603431463396292,0.24709302325581395,0.09798270893371758,0.140321914981428
0.7603644979130619,0.24635568513119532,0.09740634005763689,0.1396117306897976
0.7603948747050739,0.24707602339181287,0.09740634005763689,0.13972715998346424
0.7604678506400021,0.24816446402349487,0.09740634005763689,0.13990066225165562
0.760536264643882,0.2485294117647059,0.09740634005763689,0.1399585921325052
0.7606441758050244,0.24889543446244478,0.09740634005763689,0.14001657000828502
0.7609548252644867,0.2485207100591716,0.0968299711815562,0.1393612608875985
0.7610809237457887,0.24888888888888888,0.0968299711815562,0.13941908713692946
0.7613935984409471,0.24925816023738873,0.0968299711815562,0.13947696139476964
0.7614747458883838,0.25149700598802394,0.0968299711815562,0.13982521847690388
0.7615423923698181,0.25339366515837103,0.0968299711815562,0.140116763969975
0.7616343851721957,0.2537764350453172,0.0968299711815562,0.14017521902377972
0.7623179042489419,0.2545454545454545,0.0968299711815562,0.14029227557411272
0.7623497901724885,0.2549317147192716,0.0968299711815562,0.14035087719298248
0.762653561470047,0.2526636225266362,0.09567723342939481,0.13879598662207357
0.7627455542724247,0.2530487804878049,0.09567723342939481,0.13885403596821413
0.7628101072805253,0.2542113323124043,0.09567723342939481,0.13902847571189278
0.7628888695222407,0.25499231950844853,0.09567723342939481,0.1391450125733445
0.7629678736837211,0.25617283950617287,0.09567723342939481,0.13932018464120854
0.7633329439673988,0.25736434108527134,0.09567723342939481,0.13949579831932774
0.763451937982581,0.2581648522550544,0.09567723342939481,0.13961312026913372
0.7636420165171466,0.2585669781931464,0.09567723342939481,0.13967185527976442
0.7638830948643367,0.2589703588143526,0.09567723342939481,0.13973063973063973
0.7640790988691629,0.259375,0.09567723342939481,0.13978947368421052
0.7642304426669568,0.2597809076682316,0.09567723342939481,0.13984835720303285
0.7648054241075071,0.2601880877742947,0.09567723342939481,0.13990729034976823
0.7648574826129557,0.2610062893081761,0.09567723342939481,0.14002530577815267
0.7649199448227033,0.2614173228346457,0.09567723342939481,0.140084388185654
0.7653071787659045,0.2626582278481013,0.09567723342939481,0.140261934938741
0.7653855177819221,0.2619047619047619,0.09510086455331412,0.13953488372093023
0.7657838403494971,0.2611464968152866,0.09452449567723344,0.13880660177740162
0.7660806537820404,0.26156299840510366,0.09452449567723344,0.13886536833192212
0.7666537404108922,0.25961538461538464,0.09337175792507205,0.13734633319203052
0.7667903180134755,0.26003210272873195,0.09337175792507205,0.13740458015267173
0.7668890057981812,0.25884244372990356,0.09279538904899136,0.13661434026304625
0.7669499674155811,0.25853658536585367,0.09164265129682997,0.13531914893617022
0.7670506395244094,0.25895765472312704,0.09164265129682997,0.13537675606641122
0.767173628448052,0.25980392156862747,0.09164265129682997,0.13549211759693225
0.7671831813691423,0.26166666666666666,0.0904899135446686,0.13447537473233406
0.7675759639580242,0.2625418060200669,0.0904899135446686,0.13459065580797258
0.7676822388952216,0.2638655462184874,0.0904899135446686,0.13476394849785409
0.7679227566075295,0.26430976430976433,0.0904899135446686,0.13482181193645343
0.7679349996112176,0.2635135135135135,0.08991354466858789,0.13407821229050276
0.7681784659828554,0.2639593908629442,0.08991354466858789,0.13413585554600171
0.7682489474541143,0.26440677966101694,0.08991354466858789,0.13419354838709677
0.7682844679351807,0.2631578947368421,0.0893371757925072,0.1333907056798623
0.7683845261692576,0.2619047619047619,0.08876080691642652,0.13258717176065435
0.7685408208288468,0.262350936967632,0.08876080691642652,0.1326442721791559
0.7687142794687037,0.26252158894645944,0.08760806916426513,0.1313742437337943
0.7687426041747473,0.2629757785467128,0.08760806916426513,0.13143104193687852
0.7688398664557152,0.2638888888888889,0.08760806916426513,0.13154478580700996
0.7689569921985483,0.26527050610820246,0.08760806916426513,0.1317157712305026
0.7699510355559441,0.2658450704225352,0.08703170028818444,0.13113330438558402
0.7700764759960044,0.26548672566371684,0.08645533141210375,0.13043478260869565
0.7700877001935562,0.26465364120781526,0.08587896253602305,0.12967798085291557
0.7705644694629221,0.26512455516014233,0.08587896253602305,0.12973443622115802
0.7708603900297408,0.26559714795008915,0.08587896253602305,0.1297909407665505
0.7710998256434747,0.2642857142857143,0.08530259365994236,0.1289760348583878
0.7711655112650038,0.26582278481012656,0.08472622478386167,0.1284965034965035
0.7712951911651718,0.266304347826087,0.08472622478386167,0.1285526891123743
0.7713546736338232,0.26497277676951,0.08414985590778098,0.1277340332458443
0.7714413085631588,0.26545454545454544,0.08414985590778098,0.1277899343544858
0.7717086525792157,0.2659380692167577,0.08414985590778098,0.12784588441331
0.7720037399248252,0.2664233576642336,0.08414985590778098,0.1279018834866404
0.7720334306009133,0.2673992673992674,0.08414985590778098,0.12801402893467778
0.772214153890562,0.26752767527675275,0.08357348703170028,0.12736056214317085
0.772338156783686,0.2680221811460259,0.08357348703170028,0.1274165202108963
0.7724059206363955,0.2695167286245353,0.08357348703170028,0.12758468983721954
0.7728224936597051,0.27001862197392923,0.08357348703170028,0.1276408450704225
0.7730853363942202,0.27169811320754716,0.0829971181556196,0.1271523178807947
0.7731929071787044,0.2722117202268431,0.0829971181556196,0.127208480565371
0.7735164004913373,0.2727272727272727,0.0829971181556196,0.12726469288555015
0.77409053517077,0.2713472485768501,0.08242074927953891,0.12643678160919541
0.7743729265624162,0.2718631178707224,0.08242074927953891,0.12649270234409554
0.7747035273621375,0.27413127413127414,0.08184438040345822,0.12605415002219264
0.7747112994125083,0.2746615087040619,0.08184438040345822,0.1261101243339254
0.7748289747555378,0.2757281553398058,0.08184438040345822,0.12622222222222224
0.7749301749859685,0.27626459143968873,0.08184438040345822,0.12627834593152515
0.7749303212860841,0.27680311890838205,0.08184438040345822,0.12633451957295375
0.7755841356390245,0.27734375,0.08184438040345822,0.12639074321317312
0.7756788297080384,0.27788649706457924,0.08184438040345822,0.12644701691896706
0.77590648518867,0.2784313725490196,0.08184438040345822,0.12650334075723832
0.777030746339372,0.27755905511811024,0.08126801152737752,0.12572447614801605
0.7770917364923788,0.276,0.07953890489913544,0.12348993288590603
0.7772689794530857,0.2782258064516129,0.07953890489913544,0.12371134020618556
0.7773016593613422,0.2773279352226721,0.07896253602305475,0.12292507851054284
0.7773139115098087,0.2795918367346939,0.07896253602305475,0.12314606741573034
0.7774362599852145,0.28016359918200406,0.07896253602305475,0.12320143884892086
0.777528876307265,0.28189300411522633,0.07896253602305475,0.12336785231877533
0.777660504652884,0.2824742268041237,0.07896253602305475,0.12342342342342341
0.7776736605028357,0.2815734989648033,0.07838616714697406,0.12263300270513977
0.7777823639347143,0.2832980972515856,0.07723342939481267,0.12137681159420287
0.7778033520094294,0.2838983050847458,0.07723342939481267,0.12143180788400543
0.7784128284615711,0.2851063829787234,0.07723342939481267,0.12154195011337869
0.7784429210734393,0.2857142857142857,0.07723342939481267,0.12159709618874773
0.7787191989331048,0.2826552462526767,0.0760806916426513,0.11989100817438693
0.7789402999371554,0.2811158798283262,0.07550432276657061,0.11903680145388461
0.7790664154412319,0.2817204301075269,0.07550432276657061,0.1190909090909091
0.7790916971919167,0.2823275862068966,0.07550432276657061,0.11914506593906322
0.7796582990382596,0.28077753779697623,0.07492795389048991,0.11828935395814376
0.7797028376134582,0.28199566160520606,0.07492795389048991,0.11839708561020036
0.7799022659805136,0.28322440087145967,0.07492795389048991,0.11850501367365543
0.7804705925099783,0.28634361233480177,0.07492795389048991,0.11877569666514391
0.780623529976498,0.28824833702882485,0.07492795389048991,0.11893870082342178
0.7809966723439178,0.2866666666666667,0.07435158501440922,0.11807780320366132
0.7810593835711725,0.2895927601809955,0.07377521613832853,0.11759301791456132
0.7815817616102072,0.29024943310657597,0.07377521613832853,0.11764705882352942
0.7816397257902312,0.2906178489702517,0.07319884726224783,0.11694290976058931
0.781680835403253,0.29128440366972475,0.07319884726224783,0.1169967756794104
0.782062042355921,0.2896551724137931,0.07262247838616714,0.11612903225806452
0.7820803615474832,0.2880184331797235,0.07204610951008646,0.11526048870447211
0.7821308400070799,0.2863741339491917,0.07146974063400577,0.11439114391143913
0.7824508938153028,0.28438228438228436,0.07031700288184438,0.11275415896487984
0.7825396943640559,0.2850467289719626,0.07031700288184438,0.11280628756356911
0.7826258740851694,0.2857142857142857,0.07031700288184438,0.11285846438482887
0.7827012913330144,0.2863849765258216,0.07031700288184438,0.11291068949560389
0.7827508948904601,0.2847058823529412,0.06974063400576369,0.11203703703703705
0.7830575502755069,0.28537735849056606,0.06974063400576369,0.11208893006021306
0.7834249905369921,0.2863961813842482,0.069164265129683,0.11142061281337048
0.7836527744567456,0.28776978417266186,0.069164265129683,0.11152416356877326
0.7839707305350662,0.2891566265060241,0.069164265129683,0.11162790697674421
0.7841360093024777,0.28431372549019607,0.06685878962536022,0.10825944937004199
0.7844569271088585,0.2839506172839506,0.06628242074927954,0.10747663551401868
0.7848094294292504,0.2835820895522388,0.06570605187319885,0.10669162377164249
0.7848956355303047,0.2825,0.06512968299711816,0.10585480093676815
0.7855637899778812,0.2832080200501253,0.06512968299711816,0.10590440487347705
0.7862276072761326,0.2814070351758794,0.06455331412103746,0.10501640881387714
0.7864029039245902,0.28211586901763225,0.06455331412103746,0.10506566604127579
0.7869986068010436,0.2803030303030303,0.06397694524495677,0.1041764429845143
0.7874128235243615,0.28388746803069054,0.06397694524495677,0.1044214487300094
0.7875936351861204,0.2831168831168831,0.0628242074927954,0.1028301886792453
0.7875963571166368,0.2838541666666667,0.0628242074927954,0.1028787163756489
0.7881097759012725,0.2845953002610966,0.0628242074927954,0.10292728989612844
0.7881300399893464,0.28534031413612565,0.0628242074927954,0.10297590930562119
0.7882326363698499,0.28608923884514437,0.0628242074927954,0.10302457466918716
0.7901121738281052,0.287598944591029,0.0628242074927954,0.10312204351939454
0.7904412316005024,0.2898936170212766,0.0628242074927954,0.10326859308384653
0.7905902160286636,0.2906666666666667,0.0628242074927954,0.10331753554502371
0.7905968471670761,0.2914438502673797,0.0628242074927954,0.103366524419156
0.7907633850254877,0.29301075268817206,0.0628242074927954,0.10346464167062173
0.7909808675316754,0.29380053908355797,0.0628242074927954,0.10351377018043686
0.7910346467394277,0.2945945945945946,0.0628242074927954,0.10356294536817102
0.7922340525261437,0.296195652173913,0.0628242074927954,0.10366143604374704
0.7922957959040204,0.2970027247956403,0.0628242074927954,0.10371075166508088
0.7927340809871772,0.2978142076502732,0.0628242074927954,0.10376011423131844
0.793220508678646,0.29863013698630136,0.0628242074927954,0.10380952380952382
0.7933801856683064,0.3002754820936639,0.0628242074927954,0.10390848427073404
0.7936715075678604,0.3011049723756906,0.0628242074927954,0.1039580352885074
0.7937907711819024,0.30140845070422534,0.061671469740634005,0.10239234449760763
0.7939162617370534,0.3022598870056497,0.061671469740634005,0.10244135950215413
0.7940897114464063,0.3031161473087819,0.061671469740634005,0.1024904214559387
0.7942697735661601,0.3039772727272727,0.061671469740634005,0.10253953042644946
0.7946893683180537,0.3057142857142857,0.061671469740634005,0.10263788968824941
0.7948242804402798,0.3045977011494253,0.06109510086455332,0.10177628420547288
0.7948407048653917,0.3063583815028902,0.06109510086455332,0.10187409899086979
0.7949647089316149,0.3072463768115942,0.06109510086455332,0.10192307692307694
0.7950880047026531,0.3008849557522124,0.058789625360230545,0.09836065573770492
0.796139976367251,0.30177514792899407,0.058789625360230545,0.09840810419681621
0.7962789958386274,0.3026706231454006,0.058789625360230545,0.09845559845559847
0.7963779947278634,0.3023952095808383,0.05821325648414986,0.09763170613823104
0.7967770379482229,0.3033033033033033,0.05821325648414986,0.09767891682785299
0.7968506776997512,0.30606060606060603,0.05821325648414986,0.09782082324455205
0.7976650600845105,0.3076923076923077,0.05763688760806916,0.0970873786407767
0.7978449736889072,0.30959752321981426,0.05763688760806916,0.09718172983479106
0.7979677864725623,0.3105590062111801,0.05763688760806916,0.09722897423432182
0.7981127881964584,0.3115264797507788,0.05763688760806916,0.09727626459143968
0.7984988231882437,0.3125,0.05763688760806916,0.097323600973236
0.7987206544406229,0.31347962382445144,0.05763688760806916,0.09737098344693282
0.7989062540995298,0.31446540880503143,0.05763688760806916,0.0974184120798831
0.7989187614033727,0.3142857142857143,0.057060518731988474,0.09658536585365855
0.7990083812792678,0.31528662420382164,0.057060518731988474,0.09663250366032212
0.7990293705202388,0.31511254019292606,0.05648414985590778,0.09579667644183773
0.8005062291629175,0.31715210355987056,0.05648414985590778,0.09589041095890412
0.8008405874834243,0.3181818181818182,0.05648414985590778,0.09593734703866863
0.8010661275211,0.31596091205211724,0.05590778097982709,0.09500489715964741
0.8014404472249879,0.3137254901960784,0.0553314121037464,0.09407153356197942
0.8017757191476013,0.3157894736842105,0.0553314121037464,0.09416380578715057
0.8020917975303361,0.31788079470198677,0.0553314121037464,0.09425625920471281
0.8031568440818637,0.31893687707641194,0.0553314121037464,0.09430255402750491
0.8041875940325434,0.32,0.0553314121037464,0.09434889434889433
0.8043143489626245,0.32323232323232326,0.0553314121037464,0.09448818897637795
0.8051061082475677,0.32432432432432434,0.0553314121037464,0.09453471196454949
0.8052308355188882,0.32989690721649484,0.0553314121037464,0.0947680157946693
0.805507714427743,0.3310344827586207,0.0553314121037464,0.09481481481481481
0.8056537941737575,0.33217993079584773,0.0553314121037464,0.09486166007905139
0.806694388980463,0.3333333333333333,0.0553314121037464,0.09490855165595649
0.806715378221434,0.3356643356643357,0.0553314121037464,0.095002474022761
0.8081922368641125,0.3368421052631579,0.0553314121037464,0.09504950495049505
0.809126454926183,0.3380281690140845,0.0553314121037464,0.09509658246656762
0.8094452937710269,0.3392226148409894,0.0553314121037464,0.09514370664023786
0.809642753412315,0.3404255319148936,0.0553314121037464,0.09519087754090233
0.8106954696598724,0.33807829181494664,0.05475504322766571,0.09424603174603176
0.8116043673529607,0.3357142857142857,0.054178674351585014,0.0933002481389578
0.8123439223390461,0.3381294964028777,0.054178674351585014,0.09339294585196226
0.812891974033265,0.33935018050541516,0.054178674351585014,0.09343936381709742
0.8129287074976271,0.34057971014492755,0.054178674351585014,0.09348582794629537
0.8138704597923662,0.34065934065934067,0.05360230547550432,0.09262948207171313
0.8162317217735068,0.34317343173431736,0.05360230547550432,0.09272183449651046
0.8199091709849637,0.34444444444444444,0.05360230547550432,0.09276807980049875
0.8229830648734674,0.34572490706319703,0.05360230547550432,0.09281437125748504
0.8231246345577624,0.34701492537313433,0.05360230547550432,0.0928607089365951
0.824111916486849,0.35094339622641507,0.05360230547550432,0.09299999999999999
0.8249355893906802,0.3522727272727273,0.05360230547550432,0.0930465232616308
0.8251525186696554,0.35271317829457366,0.05244956772334294,0.09131961866532864
0.8255914014879299,0.35655737704918034,0.05014409221902017,0.08792319353208691
0.8312391162690712,0.3541666666666667,0.04899135446685879,0.08607594936708861
0.831901557135087,0.3514644351464435,0.0484149855907781,0.0851063829787234
0.8324025238594318,0.35294117647058826,0.0484149855907781,0.08514951849974657
0.833454071494512,0.35443037974683544,0.0484149855907781,0.08519269776876268
0.8346935573682683,0.3559322033898305,0.0484149855907781,0.0852359208523592
0.8352753518961444,0.3574468085106383,0.0484149855907781,0.08527918781725888
0.8389264660415463,0.358974358974359,0.0484149855907781,0.08532249873031997
0.8389747221770069,0.3562231759656652,0.047838616714697406,0.08434959349593496
0.8403890032521815,0.3577586206896552,0.047838616714697406,0.08439247585155059
0.841985610622457,0.3565217391304348,0.04726224783861672,0.08346055979643766
0.843390632964086,0.36283185840707965,0.04726224783861672,0.08363080061193269
0.8442822648983763,0.36,0.04668587896253602,0.0826530612244898
0.8447176631939487,0.3632286995515695,0.04668587896253602,0.08273748723186926
0.8453811238672502,0.36486486486486486,0.04668587896253602,0.08277976494634645
0.8454536113595386,0.3665158371040724,0.04668587896253602,0.08282208588957056
0.8464001576417237,0.3698630136986301,0.04668587896253602,0.08290685772773797
0.8470135894987384,0.37327188940092165,0.04668587896253602,0.08299180327868852
0.8483464345620869,0.3902439024390244,0.04610951008645533,0.08247422680412371
0.8496815601401194,0.3872549019607843,0.04553314121037464,0.0814853017019082
0.8498626321603633,0.3891625615763547,0.04553314121037464,0.08152734778121774
0.8501633958521398,0.3910891089108911,0.04553314121037464,0.08156943727413526
0.8502254837514132,0.39303482587064675,0.04553314121037464,0.08161157024793388
0.8543704895216124,0.395,0.04553314121037464,0.08165374677002583
0.854509312199462,0.39593908629441626,0.044956772334293946,0.08074534161490683
0.8637063216471512,0.3979591836734694,0.044956772334293946,0.08078715691351632
0.8680726921993778,0.391812865497076,0.03861671469740634,0.07030430220356768
0.875805458423744,0.41935483870967744,0.037463976945244955,0.06878306878306878
0.8758424014463505,0.44537815126050423,0.03054755043227666,0.05717367853290184
0.8826020298715875,0.4434782608695652,0.029394812680115272,0.055135135135135134
0.8862275195690523,0.4235294117647059,0.0207492795389049,0.03956043956043956
0.8864714286502412,0.4166666666666667,0.01440922190201729,0.027855153203342618
0.8872433839637602,0.42857142857142855,0.0138328530259366,0.026800670016750416
0.8993620455439282,0.3,0.001729106628242075,0.00343839541547278
